"","A.OX","AMP.binding","ATd","AfsA","Autoind_synth","BLS","Bacteriocin_IIc","CaiA","Chal_sti_synt_C","Chal_sti_synt_N","Condensation","DOIS","DUF1205","DUF692","Gallidermin","Glyco_transf_28","Glycos_transf_1","Glycos_transf_2","IucA_IucC","LANC_like","Lactococcin","Lactococcin_972","Lant_dehyd_C","Lant_dehyd_N","Linocin_M18","LipV","Lycopene_cycl","MGT","NAD_binding_4","NapT7","PF00067","PF00106","PF02441","PF04820","PF13561","PF13575","PKS_AT","PKS_KS","PP.binding","TIGR03604","TIGR03651","TIGR03693","TIGR03793","TIGR03795","TIGR03798","TIGR03882","TIGR03975","Terpene_synth","Terpene_synth_C","ToyB","TunD","YcaO","bacilysin","bcpB","botH","bt1fas","cyanobactin_synth","cycdipepsynth","cypI","dmat","ectoine_synt","fabH","fom1","frbD","ft1fas","fung_ggpps","fung_ggpps2","goadsporin_like","hglD","hglE","indsynth","micJ25","mmyO","mvd_mst","nikJ","novH","phosphonates","phytoene_synt","phzB","prnB","salQ","spcDK_like_cou","spcDK_like_glyc","strK_like1","strK_like2","t2clf","t2fas","t2ks","t2ks2","tabtoxin","terpene_cyclase","trichodiene_synth"
"TARA_004_DCM_0.22-1.6",35075,1162495,8,0,42,0,0,0,155,201,890,0,1,448,0,15690,180203,174175,21,28,0,0,3,0,0,0,43139,476,160278,5,151540,265402,37124,25865,295956,100,71016,4839,25344,0,0,0,0,0,1884,0,60,0,0,31,3,121,0,0,0,10,0,0,0,0,31,72745,561,0,12,9,1,0,247,608,0,1531,0,0,0,0,1862,30622,3,0,9,144,109,0,0,0,179715,519,0,0,600,0
"TARA_004_SRF_0.22-1.6",29561,1165696,3,0,127,0,2,1,434,615,1425,0,4,625,0,15791,172561,160785,71,22,0,0,0,0,0,0,61177,262,139759,19,114068,247411,36735,33559,279688,49,67716,4405,24892,0,0,0,0,0,2819,0,4,0,0,25,0,207,0,0,0,10,0,0,0,0,57,55870,399,0,66,28,5,1,174,555,0,988,1,0,0,0,598,36193,0,0,13,236,288,0,0,0,177180,637,1,0,607,0
"TARA_007_DCM_0.22-1.6",15267,499979,2,0,582,0,15,0,203,269,726,0,2,2198,0,3763,61344,58849,97,5,0,3,5,1,45,0,11881,840,54374,10,51228,101150,14958,29930,106762,20,23001,2473,10890,0,0,0,0,0,1019,1,6,0,3,3,0,103,0,0,0,5,0,0,0,0,29,26828,160,0,2,3,0,0,33,170,0,1194,0,0,0,0,179,11501,0,0,3,121,52,0,1,0,78032,309,0,0,250,0
"TARA_007_SRF_0.22-1.6",22373,635862,2,0,149,0,4,0,211,289,4008,0,1,931,0,5201,88653,69234,139,3,0,0,12,0,3,0,16405,143,73347,5,58037,144719,23061,23289,181430,1,34940,1456,16527,0,0,0,0,0,619,0,9,0,0,11,0,290,0,0,0,0,1,0,0,0,75,36215,177,0,1,0,0,0,25,81,0,639,0,0,0,0,170,14735,0,0,1,152,102,0,0,1,123792,591,0,0,295,0
"TARA_009_DCM_0.22-1.6",36306,1152662,1,0,50,0,0,2,187,280,1012,1,0,492,0,12675,157855,152278,44,29,0,0,3,1,1,0,30595,399,132042,11,136317,257150,35415,26209,277796,16,63281,7590,24318,0,0,0,0,0,561,1,95,1,4,19,2,133,0,0,0,3,0,0,0,0,47,59135,454,0,7,9,1,0,869,1898,0,1446,2,0,0,1,2162,25451,2,0,4,109,68,0,0,0,153457,685,0,0,891,0
"TARA_009_SRF_0.22-1.6",25985,1587572,5,0,324,0,1,0,948,1356,3536,0,0,1135,0,14132,174210,198797,56,19,0,0,7,3,0,0,34964,586,133335,6,275560,234570,33589,26771,266351,4,64124,18245,25993,0,0,0,0,0,1845,8,3,14,12,38,1,701,0,0,0,12,0,0,0,0,106,59011,106,0,32,51,8,0,132,415,0,1041,0,0,0,0,230,29140,0,0,15,110,201,0,0,0,171386,600,3,0,1246,0
"TARA_018_DCM_0.22-1.6",25697,1005961,7,0,30,0,0,3,278,425,1597,0,1,201,0,14458,176298,164306,18,16,0,0,2,0,0,0,53273,173,139563,15,122277,219637,33140,21342,225882,0,63638,4482,22735,0,0,0,0,0,2471,1,5,0,1,21,4,125,0,0,0,3,0,0,0,0,53,59247,309,0,39,21,3,0,93,272,0,1152,4,0,0,0,594,33993,1,0,9,164,159,0,0,0,154616,647,4,0,635,0
"TARA_018_SRF_0.22-1.6",29055,987772,3,0,30,0,0,1,263,401,1452,0,0,272,0,14028,181745,162881,13,9,0,0,2,0,0,0,51188,220,141581,16,115652,220708,34634,21908,241420,3,65769,3446,23348,0,0,0,0,0,2079,2,13,0,1,19,1,108,0,0,0,8,0,0,0,0,38,55758,315,0,15,11,3,0,53,176,0,1118,1,0,0,0,784,32610,0,0,8,115,135,0,0,0,159341,574,0,0,662,0
"TARA_023_DCM_0.22-1.6",17580,550260,8,0,128,0,0,0,382,453,613,0,0,540,0,3837,68994,45233,137,14,1,0,0,0,34,0,10964,233,53962,13,50027,117430,15882,14306,121651,14,23538,2950,11045,0,0,0,0,0,745,0,6,0,2,3,0,313,0,1,0,1,0,0,0,0,29,23227,120,0,4,24,5,0,69,243,0,785,0,0,0,0,324,9318,0,0,1,131,88,0,0,0,82513,313,1,0,286,0
"TARA_023_SRF_0.22-1.6",14584,559837,5,0,139,0,0,0,285,297,450,0,0,420,0,3081,59262,40765,56,12,0,0,0,0,16,0,8989,166,46139,10,41991,104586,16043,13022,118625,1,22540,2901,10575,0,0,0,0,0,253,0,5,1,2,5,0,172,0,0,0,5,1,0,0,0,19,18961,56,0,10,17,7,0,145,365,0,651,3,0,0,1,160,9010,0,0,1,81,54,0,0,0,83514,320,0,1,289,0
"TARA_025_DCM_0.22-1.6",28904,1070358,26,1,66,1,0,13,404,537,1534,0,0,503,0,12728,160851,128400,107,76,0,0,0,0,1,0,51460,821,116123,7,114281,216897,32636,21092,203257,61,50992,5827,18980,0,0,0,0,0,2217,1,17,5,0,9,3,354,0,0,0,6,0,0,0,0,92,43942,179,0,19,43,6,0,787,1658,0,1101,9,0,0,0,1792,26789,0,0,2,132,94,0,0,0,122610,480,2,0,1030,0
"TARA_025_SRF_0.22-1.6",25709,1519473,26,0,505,0,0,0,1598,2048,1178,0,0,1650,0,12932,186822,157881,149,30,0,0,0,1,3,0,39708,636,134676,36,130284,244690,38398,31178,277998,17,65590,8589,24332,0,2,0,0,0,2627,1,33,4,1,37,9,390,0,1,0,16,5,0,0,0,47,43297,119,0,26,60,13,0,518,1347,0,1063,1,0,0,1,376,31254,0,0,24,148,105,0,1,0,171489,375,1,0,851,0
"TARA_030_DCM_0.22-1.6",34358,1013078,15,0,49,0,0,0,725,872,517,0,2,276,0,14239,185450,152707,21,7,1,0,5,0,3,0,45118,327,143244,2,116346,226490,37167,25393,268730,3,68782,3082,24922,0,0,0,0,0,2060,0,24,0,6,13,5,162,0,1,0,5,1,0,0,0,17,60355,273,0,11,12,7,0,277,651,0,831,0,0,0,1,552,31930,0,0,16,323,218,0,0,0,180179,987,1,1,440,0
"TARA_030_SRF_0.22-1.6",29426,1229668,5,0,77,1,0,0,1148,1572,694,0,1,560,0,16909,207617,178506,10,7,0,0,1,0,0,0,31864,191,159796,7,127748,258478,43177,25452,329174,1,82675,3087,29023,0,0,0,0,0,304,0,14,2,4,12,4,175,0,2,0,0,0,0,0,0,57,87147,124,0,14,19,6,0,256,447,0,764,0,0,0,0,338,27191,0,0,8,129,116,0,0,0,201476,738,3,0,163,0
"TARA_031_SRF_0.22-1.6",13781,1111551,4,0,10,0,0,1,177,249,1263,0,1,105,0,15706,163389,145392,42,26,0,1,0,0,0,0,86332,191,110556,38,105236,175947,27529,21522,183953,26,56754,7962,21032,0,0,0,0,0,4930,1,1,6,1,2,0,167,0,0,0,15,0,0,0,0,137,52491,299,0,39,60,12,0,512,1358,0,883,1,0,0,0,568,36957,0,0,18,144,63,0,0,0,130380,400,3,0,806,0
"TARA_032_DCM_0.22-1.6",47718,1294023,17,0,28,0,0,51,308,408,2794,0,0,1025,0,7797,127522,126248,84,138,0,0,0,0,3,0,23930,802,106381,27,110443,292532,25864,21504,216285,153,45822,9952,17799,0,0,0,0,0,1329,1,253,2,3,3,0,383,0,0,0,9,1,0,0,0,338,44905,231,0,13,27,0,0,741,2079,0,914,18,0,0,0,2953,21174,0,0,2,100,61,0,0,0,118529,1195,2,1,2241,0
"TARA_032_SRF_0.22-1.6",12664,966074,5,0,6,0,0,0,138,96,883,0,1,80,0,16057,154774,150523,30,24,0,1,0,0,0,0,78302,186,112905,15,118307,145299,24262,29069,156323,11,53708,5613,19341,0,0,0,0,0,3915,2,2,5,2,0,1,127,0,0,0,4,0,0,0,0,86,48773,320,0,35,79,15,0,284,834,0,926,1,0,0,1,354,33245,1,0,7,84,47,0,0,0,110131,329,1,0,747,0
"TARA_033_SRF_0.22-1.6",14120,825858,2,1,9,0,0,0,35,36,669,0,11,144,0,9349,105240,100572,14,19,0,0,0,1,1,0,35245,238,81774,7,80817,135804,20893,17181,157653,58,39371,4102,14687,0,0,0,0,0,3776,0,1,0,1,0,0,52,0,0,0,3,0,0,0,0,72,31661,251,0,7,15,0,0,446,1237,0,802,3,0,0,0,735,20991,0,0,3,64,49,0,0,0,91316,225,0,0,495,0
"TARA_034_DCM_0.22-1.6",42999,1484290,15,0,156,0,0,11,420,462,3698,0,1,1664,0,7313,142973,184913,229,257,0,0,12,5,5,1,20292,1620,139811,2,160894,269644,32377,27071,205192,344,46570,12258,19759,0,1,0,0,0,2324,3,629,11,9,8,3,810,0,0,0,50,6,0,0,0,403,45641,438,0,43,42,6,2,1117,2788,0,866,31,0,0,0,4468,18635,1,0,1,208,106,0,1,2,112699,1322,5,0,2532,0
"TARA_034_SRF_0.22-1.6",14551,775787,2,0,4,0,0,0,45,47,553,0,2,86,0,6653,89895,85827,37,16,0,0,0,0,0,0,26041,129,72860,5,79398,124425,18038,17161,145784,10,35120,5531,13644,0,0,0,0,0,1880,2,2,0,2,7,1,89,0,0,0,2,0,0,0,0,78,26397,236,0,7,20,4,0,646,1555,0,697,0,0,0,0,531,17439,0,0,1,58,40,0,0,0,79953,178,0,0,586,0
"TARA_036_DCM_0.22-1.6",21392,1181053,1,0,39,1,0,0,50,34,951,0,11,194,0,11635,132946,136059,30,14,0,0,3,1,0,0,36704,376,124824,3,120800,190577,29300,29614,239745,19,55857,6183,20529,0,0,0,0,0,2648,0,40,0,1,1,0,90,0,0,0,3,0,0,0,0,92,36379,382,0,17,34,10,0,452,1111,1,1090,0,0,0,0,543,26193,0,0,6,93,61,0,0,0,134074,309,0,0,650,0
"TARA_036_SRF_0.22-1.6",12737,700981,0,0,16,0,0,0,30,22,340,0,3,58,0,6898,76454,80796,15,5,0,0,1,0,0,0,21241,257,76361,0,73357,124336,17167,23549,152916,23,33326,2570,12428,0,0,0,0,0,1546,0,1,0,1,0,0,43,0,0,0,1,0,0,0,0,60,21487,217,0,13,17,2,0,262,612,0,662,0,0,0,0,304,15420,0,0,1,40,27,0,0,0,85702,159,0,0,296,0
"TARA_037_MES_0.22-1.6",37273,1680380,11,0,132,0,0,52,189,209,2394,1,0,1008,0,5673,148207,232418,294,17,0,0,7,1,2,0,220,1997,167163,1,67654,261612,26185,24026,176857,5,39999,5884,16973,0,4,0,0,0,9,0,2350,0,5,3,0,330,0,0,0,9,3,0,0,0,147,65242,762,0,0,0,0,0,1493,2680,0,1470,4,0,0,0,5844,4364,5,0,7,105,64,0,0,0,118101,1491,0,0,5390,0
"TARA_038_DCM_0.22-1.6",18412,1074263,2,0,67,0,0,0,86,65,714,0,9,467,0,12917,142743,143100,66,102,0,0,1,0,0,0,43995,322,124042,7,120509,155288,25447,39043,191825,292,50412,4493,17368,0,0,0,0,0,7026,1,11,5,0,1,0,206,0,0,0,1,0,0,0,0,69,42147,381,0,11,20,3,4,94,356,0,713,1,0,0,1,1082,28343,0,0,4,100,86,0,0,0,107895,401,1,0,532,0
"TARA_038_MES_0.22-1.6",19322,1058455,2,0,90,0,0,4,78,101,1584,0,0,398,0,4790,94518,144742,111,12,0,0,3,0,0,0,136,1277,115367,0,46227,162943,19560,13655,134652,11,32990,4997,13109,0,0,0,0,0,6,1,1095,0,1,0,0,214,0,1,0,7,0,0,0,0,114,38645,607,3,0,0,0,1,1416,2756,0,941,1,0,0,0,2500,2044,0,0,16,110,51,2,0,1,89495,1012,1,0,2871,0
"TARA_038_SRF_0.22-1.6",11147,663545,1,0,24,0,0,0,56,31,540,0,1,205,0,8388,91055,93783,55,28,0,0,1,0,0,0,32465,193,78406,7,68242,99132,17089,21919,128235,58,34741,3208,11990,0,0,0,0,0,2878,0,0,0,0,0,0,46,0,0,0,0,0,0,0,0,34,26598,224,0,6,28,6,0,76,292,0,584,0,0,0,0,270,19308,0,0,8,43,47,0,0,0,74870,162,0,0,435,0
"TARA_039_DCM_0.22-1.6",14568,1030446,1,1,7,0,0,0,92,105,827,1,7,109,0,10282,103038,97922,27,36,0,0,0,0,0,0,34031,305,105153,15,99912,125757,18812,22003,143190,82,39293,5407,14372,0,0,0,0,0,4135,0,0,0,1,1,0,102,0,0,0,5,0,0,0,0,117,36669,254,0,27,24,5,1,255,734,0,719,0,0,0,0,346,23600,0,0,5,37,39,0,0,0,91229,232,1,0,461,0
"TARA_039_MES_0.22-1.6",17258,1159109,9,1,60,0,0,1,72,79,1521,0,0,556,0,4620,98516,146669,92,15,0,0,0,1,1,0,133,1272,113962,0,46989,166344,18156,11454,127626,18,30527,5336,12799,0,0,0,0,0,7,2,649,0,1,4,0,272,0,0,0,6,2,0,0,0,152,41804,645,0,0,1,0,2,1306,2732,1,972,0,0,0,0,2835,1972,1,0,19,59,45,0,0,1,87940,952,2,0,2733,0
"TARA_041_DCM_0.22-1.6",21173,1000801,11,0,40,0,0,0,52,56,939,0,0,605,0,8328,136845,142916,91,6,0,0,2,2,0,0,34279,236,153992,9,136744,165345,23723,25032,191275,6,49709,4825,19317,0,0,0,0,0,1017,0,5,3,0,5,0,425,0,0,0,1,0,0,0,0,164,45475,488,0,15,10,4,0,132,521,0,950,1,0,0,0,1007,23896,0,0,5,66,39,2,1,0,110011,241,1,0,895,0
"TARA_041_SRF_0.22-1.6",14697,1070709,0,0,96,0,0,0,122,116,1299,0,1,633,0,17034,184323,180339,146,17,0,0,8,0,10,0,84669,239,149758,15,121201,181328,31558,23334,216999,39,66746,4815,22625,0,0,0,0,0,4467,1,2,4,2,14,0,365,0,0,0,4,5,0,0,0,315,53030,553,0,30,34,16,0,167,669,0,975,0,0,0,0,331,38939,8,4,12,170,70,1,0,1,144944,357,0,0,834,0
"TARA_042_DCM_0.22-1.6",23399,915315,17,0,37,1,0,2,36,37,811,1,0,435,0,9365,133662,136151,42,6,0,0,1,2,3,0,37790,248,155437,9,125856,176140,23447,39141,192616,2,48678,2999,18429,0,0,0,1,0,1223,0,1,1,1,2,4,131,0,0,0,2,0,0,0,0,79,46048,470,0,9,0,0,0,35,243,0,710,2,0,0,0,1227,23998,2,0,9,149,105,0,0,0,109040,497,0,0,711,0
"TARA_042_SRF_0.22-1.6",14345,937956,2,0,50,0,0,0,103,137,1067,0,1,392,0,13945,160960,157733,40,15,0,0,1,1,3,0,66945,202,131719,24,113666,173172,28380,24193,207186,15,59602,3287,21211,0,0,0,0,0,2964,0,4,1,2,10,6,196,0,0,0,6,5,0,0,0,211,44657,475,0,49,11,3,0,259,675,0,964,1,0,0,0,352,30974,0,1,9,137,55,0,0,1,133289,335,3,0,682,0
"TARA_045_SRF_0.22-1.6",11848,1009698,2,0,43,0,0,1,184,166,905,0,1,343,0,19514,188240,184784,21,13,0,0,3,1,2,0,104211,153,128183,12,107866,190191,33669,20205,213540,22,69300,3746,23003,0,0,0,0,0,5486,0,1,1,1,8,2,178,0,0,0,20,0,0,0,0,215,57654,535,0,61,30,9,0,247,810,0,960,1,0,0,0,311,43755,0,0,7,113,60,0,0,0,150514,350,0,0,726,0
"TARA_048_SRF_0.22-1.6",13350,1190669,1,0,21,0,0,0,171,160,445,0,1,211,0,23256,237791,235382,41,13,0,0,1,0,0,0,121633,95,161404,12,135157,248776,42494,23269,285106,22,86832,3493,29229,0,0,0,0,0,6060,0,1,1,1,3,2,218,0,0,0,8,7,0,0,0,168,69317,826,0,40,40,8,0,105,393,0,1067,0,0,0,0,336,51646,1,0,5,165,105,0,0,0,198942,444,1,0,1010,0
"TARA_052_DCM_0.22-1.6",16743,953263,22,0,42,0,0,0,84,101,1059,0,0,393,0,13991,171868,150497,39,28,0,0,6,0,0,0,58298,171,128760,14,113363,187713,29902,20692,221297,55,60889,4043,21082,0,0,0,0,0,2887,0,9,0,4,4,2,412,0,0,0,5,1,0,0,0,210,53598,446,0,15,17,3,0,38,202,0,916,1,0,1,0,560,32555,0,0,14,89,57,0,0,1,139856,340,1,1,538,0
"TARA_052_SRF_0.22-1.6",10880,1002867,9,0,63,0,0,0,265,241,723,1,0,322,0,16531,182080,181799,46,60,0,0,3,1,0,0,87681,159,138967,21,111905,204280,31196,17734,234220,96,62361,3723,23072,0,0,0,0,0,4549,1,9,0,1,1,1,309,0,0,0,4,4,0,0,0,119,64118,464,0,14,46,6,2,82,223,0,1087,0,0,0,0,218,41342,0,0,11,118,69,0,0,0,158568,278,1,0,695,0
"TARA_056_MES_0.22-3",43575,1724591,8,1,1260,0,0,49,1366,1165,5200,0,0,1829,0,10393,162411,240383,207,188,0,0,51,15,42,0,18855,2933,150218,145,146775,283944,33900,49500,200594,27,42751,7763,19414,0,2,0,10,0,906,6,1003,4,14,8,1,616,0,0,0,79,5,0,0,5,781,46400,355,0,32,22,2,2,1647,2320,2,837,4,0,0,0,6962,13659,1,0,25,171,100,3,0,2,100089,512,4,0,1767,0
"TARA_056_SRF_0.22-3",10866,850716,16,0,26,0,0,0,177,161,1229,0,0,81,0,10938,124187,131939,20,16,0,0,1,0,1,0,60159,150,100203,11,103931,132390,22808,16057,155149,29,48469,7177,18110,0,0,0,0,0,2842,1,5,3,1,0,1,144,0,0,0,26,0,0,0,0,46,39490,331,0,35,19,3,0,245,825,0,655,2,0,0,0,383,27059,1,0,21,92,57,0,0,0,105999,404,1,0,411,0
"TARA_057_SRF_0.22-3",12455,1008547,12,2,18,0,0,0,141,139,1281,0,5,309,0,11414,132679,125689,18,55,0,0,1,3,2,0,44445,163,99192,8,98157,134058,24208,17193,156962,177,50315,6026,18928,0,0,0,0,0,6139,3,7,1,0,2,1,211,0,0,0,24,6,0,0,0,64,42181,306,0,19,35,4,0,218,716,0,801,3,0,0,0,391,28183,1,0,7,126,78,0,0,1,112376,446,3,0,474,0
"TARA_058_DCM_0.22-3",14340,908582,15,0,15,0,0,1,191,180,1195,0,0,263,0,11448,124209,128298,79,16,0,0,0,0,3,0,47960,196,110086,11,106008,137937,23774,18460,164707,39,50698,6761,19161,0,0,0,1,0,2848,2,5,1,2,0,1,313,0,0,0,26,1,0,0,0,119,41426,309,0,44,22,1,0,266,883,1,892,1,0,0,0,471,25575,0,0,9,49,24,0,0,0,110610,311,3,0,431,0
"TARA_062_SRF_0.22-3",11412,857560,15,0,9,0,0,0,116,96,1184,1,4,108,0,9529,108213,117452,8,35,0,0,1,2,0,0,43534,140,91893,6,107687,119012,20870,14349,144739,67,44220,6538,17386,0,0,0,0,0,2887,2,4,5,2,1,1,161,0,0,0,9,1,0,0,0,52,34220,270,0,19,33,3,0,269,760,0,709,0,0,0,0,300,22483,0,0,8,64,51,0,0,0,96366,326,1,0,347,0
"TARA_064_DCM_0.22-3",19157,1726424,19,0,29,0,0,6,446,339,3818,2,10,652,0,6586,110992,98253,109,109,0,0,0,1,6,0,34365,285,84343,7,174551,172023,22777,16617,167719,89,41572,17754,20281,0,0,0,0,0,3649,2,19,5,3,4,1,519,0,0,0,40,5,0,0,0,179,43966,249,0,63,160,6,0,530,1747,0,1464,12,0,0,0,1238,23693,0,0,16,129,61,0,0,0,122651,591,1,0,1198,0
"TARA_064_MES_0.22-3",44592,939085,9,0,170,0,0,134,588,302,3072,1,0,707,0,4034,78993,118316,124,45,0,1,14,8,6,0,798,1683,82315,17,63422,170784,19714,23411,119221,17,23189,6982,10459,0,1,1,4,0,50,0,705,2,5,1,2,428,0,0,0,48,2,0,0,0,161,22053,244,0,16,4,0,0,2719,3425,1,753,12,0,1,0,3925,3391,0,0,8,78,69,1,0,0,57890,586,0,1,1686,0
"TARA_064_SRF_0.22-3",26796,1709717,10,0,21,0,0,1,237,201,2612,0,5,238,0,22605,262343,281537,14,39,0,0,0,3,1,0,116899,285,191136,7,238280,272702,48156,26925,325886,66,96597,9110,36654,0,0,0,0,0,7529,6,11,14,2,0,0,257,0,0,0,15,0,0,0,0,42,84515,682,0,26,60,10,0,334,1003,1,1204,3,0,0,0,1214,56945,0,0,19,174,111,0,0,0,217870,781,0,0,873,0
"TARA_065_DCM_0.22-3",25014,1350243,15,2,128,0,0,6,289,280,2554,1,10,620,0,9961,135475,125087,18,91,0,0,9,1,5,0,28037,534,105945,14,143104,206536,28409,23909,225317,152,51518,9570,20017,0,0,0,1,0,3163,5,52,2,3,5,0,369,0,0,0,26,2,0,0,0,82,46388,395,0,42,49,8,0,590,1519,0,904,7,0,0,0,1821,23207,0,0,3,188,116,2,0,0,136329,814,1,0,1083,0
"TARA_065_MES_0.22-3",74924,1778981,24,1,580,0,0,182,1048,632,4893,0,0,1512,0,7530,148794,228681,100,77,0,1,12,7,21,2,1588,3035,153027,53,128675,309706,35588,47839,215927,18,43523,11848,19014,0,1,0,5,0,66,0,1358,7,11,5,2,489,0,0,0,78,10,0,0,2,273,42567,410,1,43,20,1,2,4202,5509,0,1273,16,0,0,0,7144,6218,0,0,6,113,119,0,0,0,104702,930,3,0,2792,0
"TARA_065_SRF_0.22-3",15908,819368,4,0,10,0,0,0,140,98,1450,1,7,187,0,6680,93693,97817,5,24,0,0,2,0,6,0,22259,230,81167,8,108112,131700,19087,12926,156382,19,37469,4899,14744,0,0,0,0,0,1297,0,24,3,2,0,3,148,0,0,0,11,1,0,0,0,15,29516,299,0,24,47,2,0,198,649,0,524,1,0,0,1,1049,15380,0,0,7,113,53,0,0,0,91812,396,2,0,637,0
"TARA_066_DCM_0.22-3",11844,353135,1,0,0,0,0,1,85,109,468,1,0,119,0,3940,49302,55680,4,5,0,0,1,0,0,0,10383,117,43927,0,61137,77884,11229,6664,94691,9,21374,2137,8391,0,0,0,0,0,260,1,29,2,1,1,1,28,0,0,0,5,0,0,0,0,2,18738,189,0,12,15,2,1,57,170,0,385,0,0,0,0,655,8656,0,0,4,24,14,0,0,0,52461,129,0,0,186,0
"TARA_066_SRF_0.22-3",24362,718245,3,0,6,0,0,1,194,169,769,0,1,151,0,8973,102059,114170,4,19,0,0,4,0,1,0,22616,205,92070,1,118428,160442,23344,13986,194145,12,45965,4867,16668,0,0,0,0,0,292,0,53,3,3,1,0,99,0,0,0,4,0,0,0,0,10,38277,354,0,26,37,10,2,119,367,0,631,0,0,0,0,1157,18250,0,0,4,93,60,0,0,0,104443,353,0,0,369,0
"TARA_067_SRF_0.22-3",10763,451581,0,0,162,0,0,1,347,427,1058,0,0,711,0,5123,39343,58766,6,77,0,0,0,0,0,0,6094,114,43543,10,68708,77415,8213,9103,72352,34,17531,4466,7085,0,0,0,0,0,285,1,34,10,3,23,0,231,0,0,0,1,0,0,0,0,10,22316,138,0,17,12,1,0,39,157,0,565,0,0,0,0,213,8251,0,0,9,55,58,0,0,0,44184,185,0,0,189,0
"TARA_068_DCM_0.22-3",11254,756689,16,0,63,0,0,4,596,356,1751,1,0,634,0,7177,86622,91601,71,83,0,0,6,6,0,0,29437,232,64925,0,94263,94550,16331,12116,101879,81,29862,8245,11381,0,0,0,0,0,2242,0,44,13,4,0,2,229,0,0,0,8,0,0,0,0,36,26252,212,0,19,114,5,3,168,382,0,440,3,0,0,0,938,17481,0,0,10,75,52,0,0,1,64405,216,0,0,479,0
"TARA_068_MES_0.22-3",72496,1515825,10,1,95,0,1,183,488,255,5165,0,0,1584,0,7594,123066,181855,206,21,0,3,5,6,11,0,646,1912,132846,5,111177,270773,30940,35017,193881,13,40224,11274,17078,0,4,0,0,0,13,2,1391,4,6,9,0,1078,0,0,0,53,6,0,0,0,203,37664,401,0,23,6,2,0,4454,5224,0,1300,13,0,0,0,4847,4444,0,0,5,93,122,0,0,0,98687,808,4,0,2431,0
"TARA_068_SRF_0.22-3",12562,828982,9,0,54,0,0,1,690,460,1704,1,1,648,0,7760,94041,100270,62,99,0,0,3,3,0,0,33400,287,72555,2,96911,105839,18832,13827,115032,84,32156,9684,12763,0,0,0,0,0,3120,1,47,14,5,5,0,377,0,0,0,8,0,0,0,0,71,27420,238,0,19,158,8,3,130,346,0,463,2,0,0,0,903,19042,0,0,8,91,60,0,0,0,70635,235,0,0,598,0
"TARA_070_MES_0.22-3",58645,1528862,34,4,490,0,0,134,740,356,10185,1,0,11908,0,10457,142080,188125,913,46,0,0,11,23,15,0,616,1869,128777,6,144131,288466,33154,88180,174498,24,37466,9500,16239,0,2,0,2,0,21,0,889,6,14,36,2,7732,0,1,0,162,10,0,0,0,2189,43297,320,0,16,3,0,0,3262,4136,0,3598,17,0,0,0,4663,3921,0,0,5,142,97,1,0,1,102455,685,3,0,2102,0
"TARA_070_SRF_0.22-3",6116,1218100,3,0,20,0,0,0,585,304,4033,1,0,313,0,3619,44076,42945,23,125,0,0,0,2,1,0,13028,143,34069,2,90468,66373,8965,6040,63432,33,17564,25547,10430,0,0,0,0,0,738,5,2,18,2,2,2,418,0,0,0,17,0,0,0,0,61,14856,109,0,56,240,8,1,80,383,0,262,1,0,0,0,263,10361,0,0,18,32,27,0,0,2,39321,203,0,0,489,0
"TARA_072_DCM_0.22-3",20880,957999,24,0,92,0,0,4,248,206,2908,2,1,1006,0,8360,122272,131649,85,19,0,0,10,7,1,0,28768,221,115675,3,127079,176282,24450,27451,185050,3,46430,6384,17534,0,0,0,0,0,694,3,17,6,1,7,5,401,0,0,0,63,2,0,0,0,69,41929,546,0,55,29,4,0,182,800,0,933,7,0,0,2,1421,18049,0,0,13,188,100,1,0,0,115529,590,3,2,762,0
"TARA_072_MES_0.22-3",20953,898469,25,6,165,0,0,55,334,246,4071,1,0,2413,0,7116,88318,119256,369,47,0,0,61,18,18,0,22610,788,83412,5,93013,131450,17912,25556,107408,16,28851,6918,11920,0,0,0,0,0,1210,1,295,9,9,6,1,1142,0,0,0,51,5,0,0,0,306,27973,210,0,17,14,3,0,1104,1456,0,1104,7,0,0,0,1837,11597,0,0,8,64,57,0,0,1,66200,323,1,0,789,0
"TARA_072_SRF_0.22-3",7426,1110826,5,2,50,0,0,0,227,197,1937,0,0,1307,0,9856,109225,142743,292,28,0,0,0,2,2,0,47896,130,109363,11,157602,119402,19202,15160,132710,27,40234,10229,15909,0,0,0,0,0,2467,4,8,11,11,5,6,1080,0,0,0,92,4,0,0,0,294,32052,300,0,37,41,11,0,238,779,0,835,0,0,0,0,435,21848,0,0,13,62,45,0,0,0,87644,234,0,0,446,0
"TARA_076_DCM_0.22-3",16319,1831286,13,3,194,1,0,1,714,665,9730,2,1,1723,0,5785,75282,89822,207,153,0,0,3,14,91,0,17121,720,68895,96,163905,134824,12951,19644,98458,59,27108,18596,13593,0,0,0,0,0,915,16,23,15,8,15,2,1885,0,0,0,167,6,0,0,0,440,24944,148,0,101,75,10,3,276,945,0,745,7,0,0,0,717,11722,2,0,28,107,66,0,0,1,59881,479,3,0,799,0
"TARA_076_MES_0.22-3",89581,1975812,27,0,443,0,0,287,1293,650,6139,1,0,3544,0,7734,142336,212905,573,108,0,1,25,18,9,0,1209,3181,147407,63,129141,342434,33968,44246,212515,27,39880,12286,17934,0,1,0,2,0,25,6,1218,15,9,19,6,2826,0,0,0,56,11,0,0,1,1297,38455,339,1,17,12,5,1,5067,5907,1,1633,18,0,0,1,6741,6766,4,0,6,119,110,3,0,1,100286,961,2,2,3319,0
"TARA_076_SRF_0.22-3",8167,1990359,4,1,66,1,0,0,555,410,4809,0,0,484,0,8471,90138,124655,72,69,0,0,3,2,3,0,36902,419,75248,51,204207,120170,16288,12854,118478,6,34651,38812,18200,0,0,0,0,0,1814,6,19,8,8,6,1,739,0,0,0,12,3,0,0,0,175,28468,181,0,75,149,38,0,262,761,0,506,1,0,0,0,374,18885,0,0,46,69,50,0,0,0,79477,263,0,0,748,0
"TARA_078_DCM_0.22-3",33792,1688927,16,0,87,0,0,11,649,528,5421,2,0,796,0,12044,150566,168007,81,60,0,0,2,1,15,0,42674,721,123291,20,177199,251341,32937,25328,234940,39,57558,15207,23251,0,0,0,0,3,1485,8,166,6,13,11,4,705,0,0,0,117,1,0,0,0,208,48693,443,0,83,120,10,0,610,1947,0,852,10,0,0,0,2687,27615,5,0,15,143,91,0,0,0,135231,974,1,1,1537,0
"TARA_078_MES_0.22-3",88410,1647752,43,3,185,2,0,261,757,410,7116,2,0,1547,0,8446,149323,221069,185,47,0,0,20,11,49,0,7268,2311,154540,16,138376,317984,37526,42549,223514,37,46430,11672,19759,0,3,0,2,1,412,5,1225,5,19,8,1,916,0,0,0,143,6,0,0,0,476,35738,430,1,24,4,1,1,3782,4652,0,1057,36,0,0,2,6940,8582,3,0,13,163,129,0,0,3,111071,1137,8,2,3351,0
"TARA_078_SRF_0.22-3",18307,1380629,6,0,66,0,0,0,415,340,2811,0,3,219,0,16747,165836,190448,69,50,0,0,5,0,1,0,76173,274,127463,2,167946,184790,30970,22846,216744,122,63065,14412,23290,0,0,0,1,1,4057,5,32,2,1,3,0,309,0,0,0,14,3,0,0,0,110,48501,387,0,37,38,25,0,150,506,0,605,0,0,0,0,466,37188,4,0,31,139,108,2,1,1,139907,574,0,4,1429,0
"TARA_082_DCM_0.22-3",33522,1316243,9,0,165,0,0,0,2678,3369,2919,0,0,985,0,19629,132580,157630,143,21,0,0,3,19,0,0,29050,181,131761,1,122379,242434,33209,37060,270804,3,66667,13645,24503,0,0,0,0,0,4,2,0,3,5,31,2,869,0,0,0,2,0,0,0,0,90,68312,500,0,61,39,3,0,182,611,0,940,0,0,0,0,339,32578,0,0,6,226,212,0,0,0,162559,498,0,0,137,0
"TARA_082_SRF_0.22-3",17526,997129,1,0,51,0,0,1,1980,2468,1851,0,0,823,0,11563,71766,91573,104,22,0,0,1,0,2,0,15561,183,76236,2,96654,144028,18901,21172,150293,4,36118,12152,15072,0,0,0,0,0,5,5,2,3,21,39,2,1049,0,0,0,2,0,0,0,1,63,42898,273,0,44,32,3,0,93,414,2,452,0,0,0,0,206,18225,0,0,8,165,167,0,0,0,95513,327,2,1,127,0
"TARA_084_SRF_0.22-3",18401,1506833,0,1,82,0,0,0,4853,6085,3917,0,0,1031,0,15176,96739,130819,24,26,0,0,2,4,5,0,22252,430,96999,3,175361,209239,25312,35721,206716,3,50085,10365,20071,0,0,0,11,0,1,5,27,9,13,156,1,968,0,0,0,1,3,0,0,1,114,57357,389,0,147,76,2,0,57,298,0,549,0,0,0,0,341,22366,0,0,7,336,132,0,0,0,137611,111,0,0,154,0
"TARA_085_DCM_0.22-3",25701,1643841,0,0,12,0,0,0,3508,4498,13647,0,0,2324,0,16274,111166,130580,13,5,0,0,0,1,0,0,20483,350,105111,2,143953,183185,29708,26799,187735,0,53179,40475,25934,0,0,0,0,0,0,4,4,1,0,6,3,2379,0,0,0,1,2,0,0,0,142,55011,598,0,148,41,0,0,183,529,0,1164,0,0,0,0,291,22499,0,0,78,159,168,0,0,0,139907,156,0,0,117,0
"TARA_085_MES_0.22-3",51749,1642090,7,1,179,0,0,166,1804,879,4338,0,0,1129,0,7302,101046,171124,139,36,0,5,21,7,20,0,1316,1578,112811,18,161955,238682,22464,26473,157719,17,35084,15953,17578,0,0,0,1,0,1,11,801,11,16,3,1,1274,0,0,0,60,2,0,0,1,114,42524,604,0,26,9,0,1,7004,8267,0,1081,36,0,0,1,3503,5675,0,0,8,83,138,0,0,3,86348,819,1,0,2188,0
"TARA_085_SRF_0.22-3",29306,1281471,0,0,31,0,0,0,5676,7459,3942,0,0,1856,0,19635,132595,154938,10,7,0,0,3,2,4,0,30533,200,110903,0,113644,213926,33756,41605,229889,3,61945,10904,21506,0,0,0,3,0,0,2,4,0,0,38,0,2025,0,0,0,0,0,0,0,0,135,61469,723,0,46,16,0,0,28,169,0,956,0,0,0,0,367,27155,0,0,21,184,162,0,0,0,168412,224,0,0,59,0
"TARA_093_DCM_0.22-3",22167,883009,3,0,337,0,0,0,813,1030,4234,0,0,6844,0,14555,112619,114319,3714,54,0,0,78,9,0,0,18265,334,104679,0,71021,193849,29940,41645,207039,125,53426,3560,19646,0,0,0,0,0,1211,3,7,0,5,18,3,6453,0,0,0,3,1,0,0,0,401,59988,304,0,0,1,0,0,947,1160,39,682,0,0,0,0,278,20264,0,0,5,151,85,0,0,0,144339,520,1,1,249,0
"TARA_093_SRF_0.22-3",17645,640274,1,0,167,0,0,0,1418,1864,2067,0,0,3740,0,11262,107412,113646,1537,43,0,0,153,27,1,0,25097,182,88280,1,67745,145168,26485,26761,186599,173,48661,2219,19021,0,0,0,1,1,2952,0,11,0,3,11,1,2857,0,0,0,0,0,0,0,0,355,40457,275,0,0,0,0,0,342,503,18,326,0,0,0,0,299,20336,0,0,2,94,88,0,0,0,104814,241,1,1,57,0
"TARA_094_SRF_0.22-3",40713,1288455,9,0,257,0,0,0,2039,2524,3022,0,0,1336,0,15642,181212,178743,1036,25,0,0,12,7,3,0,54414,122,154767,9,125972,264968,41680,34095,336638,49,77881,5951,31521,0,0,0,0,0,1698,1,7,0,4,24,0,1016,0,1,0,9,0,0,0,0,239,65873,371,0,1,4,0,2,16,134,0,1198,0,0,0,0,344,34743,0,0,9,157,310,0,0,1,218047,489,2,0,426,0
"TARA_096_SRF_0.22-3",19505,1219103,5,1,137,0,0,0,1691,2325,2381,0,0,341,0,9420,138027,150890,43,20,0,0,3,1,15,0,41462,154,112898,5,139999,201005,30597,19740,247651,0,55066,11443,24456,0,0,0,5,0,1176,1,21,5,4,32,0,333,0,0,0,14,0,0,0,0,139,39275,402,0,28,23,6,0,54,178,0,731,0,0,0,0,648,24946,0,0,20,54,273,0,0,0,172685,542,1,3,1048,0
"TARA_098_DCM_0.22-3",12715,705008,11,0,15,0,0,0,118,90,1463,0,0,228,0,7871,103193,107047,4,13,0,0,1,0,0,0,37290,436,81718,6,88927,113230,19462,11286,121269,1,36017,4851,13306,0,0,0,0,0,1380,1,3,4,3,1,1,186,0,0,0,33,2,0,0,0,16,31434,298,0,47,18,5,0,368,917,0,516,1,0,0,0,812,19485,0,0,12,115,66,0,0,0,81389,381,0,0,455,0
"TARA_098_MES_0.22-3",87886,1589042,12,0,73,0,0,266,755,375,3540,1,0,1058,0,6390,138585,223922,69,50,0,0,13,3,0,0,427,2713,151059,1,123640,317769,34139,36335,217638,21,41194,11062,18267,0,0,0,2,0,12,3,1207,3,13,4,4,505,0,0,0,38,9,0,0,4,127,39085,386,1,38,3,2,1,4416,5627,1,1272,27,0,0,0,7319,6152,0,0,7,84,92,0,0,2,108118,1127,2,1,3540,0
"TARA_098_SRF_0.22-3",11446,797557,2,0,54,0,0,0,963,1230,1426,0,0,173,0,7316,96429,113230,16,6,0,0,0,1,7,0,33882,122,74634,1,104124,125496,20535,11865,155415,1,37473,7499,15717,0,0,0,4,0,1274,3,8,4,3,28,0,168,0,0,0,12,0,0,0,0,54,28348,242,0,16,22,3,0,94,208,0,444,1,0,0,0,355,18471,0,0,8,67,106,0,0,0,106991,373,1,2,599,0
"TARA_099_SRF_0.22-3",13182,948018,2,0,41,0,0,0,899,1132,1418,0,1,254,0,12638,135516,157840,21,9,0,0,2,1,5,0,57488,79,100812,2,115391,160854,26728,14754,195341,5,50626,7092,20019,0,0,0,5,0,2752,1,5,4,2,26,2,347,0,1,0,20,0,0,0,0,63,44075,336,0,16,20,3,0,42,285,0,638,0,0,0,0,494,28425,0,0,14,127,150,0,0,0,134861,411,0,1,659,0
"TARA_100_DCM_0.22-3",23526,1107615,31,3,382,0,0,1,279,256,3748,0,0,2788,0,11281,147273,142482,456,38,0,0,14,22,55,0,42463,424,122581,5,109060,181759,29298,31267,201995,79,52139,8338,20404,0,1,0,25,7,1500,1,11,3,3,1,3,1002,0,0,0,20,0,0,0,0,370,47060,373,0,23,30,5,1,245,741,0,1546,0,0,1,1,1071,23965,0,0,9,79,73,0,0,0,126802,381,4,1,614,0
"TARA_100_MES_0.22-3",35606,1394892,19,0,94,0,0,4,153,161,2886,0,0,1905,0,7847,124253,181535,60,123,0,0,6,2,1,0,2671,1841,143082,1,81025,235203,27109,23161,187670,156,44788,8771,18219,0,0,0,0,0,739,2,1727,1,2,10,1,746,0,0,0,21,0,0,0,0,367,54589,746,0,5,3,0,0,2757,4259,0,1719,9,0,0,0,3020,4871,0,0,27,93,87,0,0,2,114122,1081,2,0,2795,0
"TARA_100_SRF_0.22-3",20500,968884,5,1,68,0,0,0,445,450,1704,0,0,523,0,13952,139805,150301,59,21,0,0,4,8,1,0,45118,115,129827,1,108147,203637,28390,23979,240468,16,58710,4256,22310,0,0,0,0,0,1545,1,5,2,0,2,3,330,0,0,0,7,0,0,0,0,86,59921,647,0,4,19,0,0,37,259,0,1008,0,0,0,0,151,30020,0,0,6,61,88,0,0,0,155066,433,0,0,496,0
"TARA_102_DCM_0.22-3",27525,1034619,9,1,81,0,0,0,459,416,2850,0,0,569,0,12849,146131,140145,107,31,0,0,3,3,1,0,36364,234,132007,11,133804,187394,28656,26478,218594,97,59044,6291,21675,0,0,0,0,0,1230,0,5,1,13,3,0,260,0,0,0,20,0,0,0,0,102,55297,459,0,10,34,1,2,124,567,0,1336,0,0,0,0,530,26540,0,0,6,63,69,0,0,0,136324,381,0,0,288,0
"TARA_102_MES_0.22-3",54258,1410065,25,1,328,0,0,48,419,377,4253,0,0,1948,0,9696,151176,241346,277,60,0,0,14,11,2,0,1233,1760,177176,0,121234,294929,45597,64476,199757,29,45797,9792,18585,0,0,0,0,0,65,4,1892,3,6,2,2,654,0,0,0,30,7,0,0,1,207,53223,709,4,13,5,3,2,3188,4133,14,1665,10,0,1,1,8027,3830,0,0,19,399,260,13,0,0,120902,956,2,1,2405,0
"TARA_102_SRF_0.22-3",23562,1014924,4,0,20,0,0,0,521,448,1756,0,0,107,0,12373,126418,136241,24,32,0,0,2,0,1,0,38108,187,116379,6,119821,184276,27253,21437,225892,36,54292,6201,21180,0,0,0,0,0,976,0,2,2,2,0,1,784,0,1,0,18,0,0,0,0,23,51413,582,0,12,41,1,0,66,405,0,994,0,0,0,0,265,26530,0,0,3,170,104,0,0,1,145546,517,0,1,399,0
"TARA_109_DCM_0.22-3",21343,1040415,22,0,109,0,0,0,346,235,2779,1,0,348,0,11836,123192,141980,120,40,0,0,11,9,3,0,35131,246,115086,4,134819,175304,25429,21791,207004,26,51352,8216,20104,0,0,0,0,0,1279,0,1,4,1,1,2,625,0,0,0,26,0,0,0,0,100,48689,477,0,21,81,3,0,80,407,0,1084,0,0,0,1,286,26523,0,0,13,152,83,0,0,0,132961,447,1,0,362,0
"TARA_109_MES_0.22-3",47613,1438521,29,4,326,0,0,30,384,329,4871,0,0,2991,1,8891,129502,189992,1076,67,0,0,20,25,12,0,1487,2272,147773,2,101109,263769,32308,50786,194738,18,44364,11304,19194,0,0,0,0,0,42,0,1414,3,4,3,6,1884,0,0,0,131,5,0,1,6,634,51935,516,1,38,10,3,0,3278,4703,5,2994,13,0,0,2,4582,3810,1,0,14,144,120,0,0,2,117384,606,7,1,1998,0
"TARA_109_SRF_0.22-3",21442,1098802,1,1,63,0,0,0,269,215,1642,0,0,157,0,13682,141277,153768,176,38,0,0,3,3,3,0,42767,233,117278,6,142820,192703,27763,20047,228479,80,57503,6627,22026,0,0,0,0,0,2036,3,3,7,7,2,2,1147,0,0,0,26,0,0,0,0,166,54564,451,0,7,26,2,0,91,421,0,1297,0,0,0,0,331,29689,0,0,14,94,61,0,0,0,146621,365,1,1,484,0
"TARA_110_DCM_0.22-3",24245,1118009,16,0,129,0,0,0,371,297,2388,0,0,1096,0,10955,129265,149306,91,44,0,0,7,5,0,0,31559,240,130289,1,141735,176661,27060,24704,207557,29,53010,10285,22419,0,0,0,2,0,790,1,6,9,2,1,5,645,0,0,0,11,0,0,0,0,117,53158,496,0,19,103,6,0,221,752,0,1313,0,0,0,0,447,28608,0,0,10,94,77,0,0,0,133042,443,0,0,406,0
"TARA_110_MES_0.22-3",32808,1292761,6,0,115,0,0,38,404,337,3127,1,0,914,0,8987,119658,172633,162,77,1,1,5,18,1,0,12393,1307,132049,4,111505,212349,29540,28508,183710,48,44319,10411,18167,0,0,0,0,0,564,3,749,5,4,3,6,553,0,0,0,25,1,0,0,0,306,45618,570,0,25,36,7,0,2585,3729,3,1366,5,0,0,0,3519,12001,2,0,18,89,126,0,0,0,110679,618,0,0,1356,0
"TARA_110_SRF_0.22-3",21092,960577,9,0,92,0,0,0,406,304,1882,1,0,430,0,11220,112520,121712,80,52,0,0,2,5,15,0,35580,223,98586,2,116417,161737,23779,18528,196599,49,48249,6646,19003,0,0,0,3,0,1046,0,6,7,0,4,2,692,0,0,0,22,0,0,0,0,170,43749,383,0,10,76,4,0,52,269,1,966,0,0,0,0,281,24220,1,0,6,58,66,2,0,0,121466,349,0,1,340,0
"TARA_111_DCM_0.22-3",22767,1129850,20,0,43,0,0,0,273,204,1559,0,0,259,0,10774,148203,152027,27,34,0,0,1,0,1,0,46161,694,126285,2,128698,173253,29287,18815,201789,22,55369,10557,21423,0,0,0,0,0,1247,2,6,3,1,1,2,276,0,0,0,50,0,0,0,1,33,47944,405,0,52,33,4,0,526,1283,0,914,1,0,0,1,802,26803,0,0,11,77,51,0,0,0,130780,442,1,0,504,0
"TARA_111_MES_0.22-3",52546,1452451,14,1,100,0,0,71,439,366,3107,0,0,1211,0,7456,123048,208054,79,53,0,0,19,7,1,0,694,2847,147172,3,119032,258815,31463,34207,189850,15,42195,12203,18299,0,0,0,0,0,28,4,1319,11,10,2,3,887,0,0,0,30,6,0,0,8,113,46451,534,0,27,5,3,3,4454,6137,5,1650,25,0,0,0,5246,4081,0,0,15,86,135,0,0,0,105964,792,2,0,1990,0
"TARA_111_SRF_0.22-3",20939,1157451,1,1,79,0,0,0,435,414,2159,1,0,152,0,10810,120181,156848,28,40,0,0,0,2,10,0,39248,277,106250,5,160520,172088,25214,16406,207503,24,49607,10864,20474,0,0,0,2,0,1097,3,7,15,5,0,1,599,0,1,0,16,0,0,0,0,40,46547,404,0,31,51,2,0,83,391,0,762,0,0,0,0,297,25193,0,0,9,52,55,1,0,0,131524,409,0,1,477,0
"TARA_112_DCM_0.22-3",14239,1190240,20,0,63,0,1,0,401,407,3485,1,0,495,0,12453,155046,171501,37,67,0,0,9,1,2,0,54676,716,126341,6,141580,167214,27838,17812,174138,5,54274,11468,20388,0,0,0,0,0,2103,0,7,12,4,4,0,364,0,0,0,44,1,0,0,3,74,51691,401,0,48,57,2,0,680,1817,0,835,1,0,0,0,729,29410,0,0,21,101,72,0,0,0,120368,459,0,0,609,0
"TARA_112_MES_0.22-3",61106,1252235,16,1,315,0,0,178,1165,943,2829,1,0,1361,0,5327,105889,155383,267,92,0,0,33,13,5,0,2528,2486,105083,13,76266,245238,24222,30754,159300,13,28611,7857,13251,0,0,0,3,0,31,1,756,3,5,16,3,597,0,0,1,44,4,0,0,3,350,33084,269,0,23,8,2,1,2979,3827,0,937,16,0,0,1,4723,6723,4,0,4,79,73,0,0,1,78582,769,1,0,2545,0
"TARA_112_SRF_0.22-3",11260,1211705,6,0,98,0,0,0,909,1088,2780,0,0,342,0,11919,145200,168837,59,33,0,0,0,1,9,0,62347,206,112662,17,139478,164489,27675,16127,188954,5,54297,11317,21583,0,1,0,2,0,2824,2,15,8,4,14,0,289,0,0,0,27,1,0,0,0,104,46191,325,0,52,35,11,0,351,832,0,737,0,0,1,0,494,29716,0,0,14,105,94,0,0,0,132274,366,1,3,573,0
"TARA_122_DCM_0.22-3",19379,972690,12,0,200,0,0,0,189,165,1972,0,0,2275,0,7086,105253,113285,866,24,0,0,2,2,1,0,26184,512,89921,8,111008,155931,21091,26059,146486,11,38891,8858,15863,0,0,0,0,0,598,1,13,11,4,4,0,1820,0,0,0,100,2,0,0,2,250,36183,274,0,31,33,5,0,341,1005,0,1440,0,0,0,0,1175,14702,1,0,1,64,24,1,0,0,96726,390,1,0,666,0
"TARA_122_MES_0.22-3",52393,1870717,15,2,648,0,0,118,780,643,3466,0,0,1363,0,8954,144805,206136,366,88,0,0,15,7,38,0,10978,2753,144786,38,118995,286830,33638,43179,206193,41,43908,12358,19331,0,0,0,3,0,454,2,1161,3,7,9,1,954,0,0,0,72,14,0,0,5,536,49779,444,0,22,16,3,0,3640,4933,2,1420,17,0,0,0,5880,10471,3,0,8,97,92,0,0,1,107519,565,5,0,2117,0
"TARA_122_SRF_0.22-3",12746,890938,3,0,83,1,0,0,251,194,1856,0,0,309,0,7982,101964,110172,49,25,0,0,2,0,4,0,34718,220,86656,5,98728,126454,19478,12490,153530,22,38853,7921,15618,0,1,0,0,0,1072,1,3,4,5,0,0,834,0,0,0,12,0,0,0,0,89,36125,382,0,16,45,1,0,75,384,0,828,0,0,0,0,270,20894,0,0,9,38,37,0,0,0,102653,278,0,3,406,0
"TARA_123_MIX_0.22-3",40843,1275388,7,0,100,0,0,14,202,242,3185,0,0,1334,0,6263,119589,154505,46,41,0,0,6,1,9,0,10626,1739,125503,9,106745,250411,28957,25138,199766,16,42059,9634,18384,0,0,0,0,0,220,5,3077,5,9,1,3,374,0,0,0,34,7,0,0,0,95,38682,251,0,42,15,2,0,1508,3019,0,1072,45,0,0,0,4039,11262,0,0,3,69,51,0,0,0,118766,1083,1,0,3817,0
"TARA_123_SRF_0.22-3",14092,1414713,7,0,135,0,0,0,387,244,4982,0,5,586,0,5997,86749,112165,102,64,0,0,10,2,14,0,16834,292,76572,20,157378,131391,17078,13037,139718,23,35455,18578,16388,0,0,0,1,0,1658,2,13,10,4,4,0,1411,0,0,0,48,1,0,0,0,215,30514,281,0,47,123,3,0,117,632,3,640,0,0,0,0,293,18415,0,0,11,41,51,0,0,0,84669,303,1,2,950,0
"TARA_124_MIX_0.22-3",37697,1265616,15,1,68,0,0,9,301,356,4381,0,0,1062,0,7485,125034,139361,61,25,0,0,5,4,1,0,18162,844,121097,7,118251,269966,30489,27218,229163,20,46803,10060,19632,0,0,0,0,0,750,1,984,2,2,2,0,649,0,1,0,57,1,0,0,0,200,44381,384,0,20,10,0,2,524,1532,0,1206,9,0,0,0,3463,17595,1,0,3,85,51,0,0,0,133497,915,2,0,2506,0
"TARA_124_SRF_0.22-3",35456,2231240,13,2,126,0,0,1,625,447,5295,2,33,845,0,18263,238412,241887,109,76,0,0,3,0,18,0,65580,659,187150,7,233789,308784,46136,31900,341482,166,83617,16292,34559,0,0,0,4,0,9294,3,18,10,3,7,7,1416,0,0,0,53,0,0,0,0,325,80539,793,0,31,117,13,5,167,971,0,1650,2,1,0,0,943,44992,0,0,11,277,179,0,0,0,223125,767,1,2,1156,0
"TARA_125_MIX_0.22-3",52222,1359332,14,2,205,1,0,25,179,182,2998,0,0,2441,0,4783,110868,142659,160,40,0,0,11,4,13,0,6308,1745,114748,7,101705,263713,28478,40416,201530,21,39095,7991,17044,0,0,0,1,0,9,3,700,9,3,22,0,604,0,0,0,41,10,0,0,0,206,34724,304,0,53,12,0,0,1309,2820,0,1366,32,0,0,0,4201,9153,0,0,3,136,80,2,0,3,109679,1024,1,0,2930,0
"TARA_125_SRF_0.22-3",24295,1132798,11,0,72,0,0,0,488,393,1945,0,0,395,0,9472,132813,136796,86,64,0,0,4,1,11,0,34579,345,105561,6,126894,167053,26175,16219,210105,206,52016,8306,20727,0,0,0,1,0,2269,0,15,4,2,5,0,1048,0,0,0,18,0,0,0,0,169,45409,497,0,6,48,3,1,143,514,0,1284,0,0,0,0,428,23202,0,0,8,46,45,0,0,0,130489,343,1,0,606,0
"TARA_128_DCM_0.22-3",15840,1138264,49,5,170,0,0,0,454,381,3803,1,0,1430,0,9182,106999,128510,149,71,0,0,4,9,41,0,31492,345,90609,12,135069,152568,20825,16195,163722,67,40966,9579,16592,0,0,0,1,0,1259,1,47,4,3,0,2,1710,0,0,0,69,0,0,0,0,380,39909,377,0,15,69,7,0,131,654,0,973,0,0,2,0,429,21490,0,0,9,95,57,1,0,1,100805,348,1,0,544,0
"TARA_128_SRF_0.22-3",14123,1002034,11,2,103,1,0,1,532,381,2465,0,0,436,0,9668,103378,123688,55,63,0,0,3,0,48,0,32784,350,86917,12,113086,136953,19366,12777,150131,73,39822,10974,15894,0,0,0,1,0,1338,5,42,8,3,6,2,1445,0,0,0,122,0,0,0,0,131,39332,406,0,24,77,5,1,154,637,0,587,0,0,0,0,330,22946,1,0,9,105,65,0,0,0,96788,528,1,1,473,0
"TARA_132_DCM_0.22-3",21340,1550522,18,0,95,1,0,5,442,345,3592,0,0,1375,0,9040,127617,153657,21,67,0,0,6,3,16,0,28462,662,128732,2,167779,179187,24811,27986,170226,36,45510,15779,19651,0,0,0,7,0,1125,2,66,10,8,1,4,455,0,0,0,84,0,1,0,0,118,50459,375,0,79,81,8,0,1420,3033,0,954,4,0,0,0,2033,21020,0,0,15,86,58,0,0,0,103729,516,7,0,1030,0
"TARA_132_MES_0.22-3",70585,1577404,24,0,331,0,0,146,593,394,4435,0,0,2471,0,7707,128023,195153,178,45,0,0,19,3,34,0,750,2287,139149,7,114090,286897,29531,42907,202060,12,40526,11811,17537,0,0,0,2,0,18,4,1634,12,12,2,1,705,1,0,0,38,5,0,0,0,240,42005,385,0,34,6,0,4,4274,5322,0,1588,18,0,1,0,4722,5279,4,0,8,113,154,1,0,0,105223,970,3,1,2858,1
"TARA_132_SRF_0.22-3",11045,1042184,4,0,40,0,0,0,325,299,2418,0,0,173,0,12479,132257,145404,33,5,0,0,1,1,6,0,62709,98,100468,7,109593,151844,25356,14360,169830,1,50194,11546,20798,0,0,0,0,0,2987,4,3,2,2,3,1,200,0,1,0,17,0,0,0,0,129,45451,327,0,34,39,10,0,167,469,0,725,3,0,0,0,335,29865,0,0,29,97,61,0,0,0,127044,348,0,0,434,0
"TARA_133_DCM_0.22-3",20726,991656,6,2,57,0,0,0,576,567,2142,0,0,512,0,8915,94710,98900,47,41,0,0,3,0,6,0,19721,259,98427,19,110974,147442,21256,18740,165047,32,40834,10982,16074,0,0,0,0,0,1053,3,31,3,3,5,2,298,0,0,0,37,0,0,0,0,49,38613,312,0,18,40,0,0,119,544,0,861,0,0,0,0,540,17824,30,0,6,67,64,0,0,0,98384,375,0,0,324,0
"TARA_133_MES_0.22-3",55163,1879704,10,0,292,0,0,72,691,459,4364,0,0,2002,0,7911,134001,205491,376,51,0,0,11,4,41,0,700,2456,150050,38,124305,291506,36415,41398,193397,19,39545,13082,18141,0,0,1,0,0,51,7,1361,9,7,11,1,1226,0,0,0,66,11,0,0,0,451,47152,511,1,26,9,2,3,4992,5815,1,1429,13,1,0,0,7473,5100,3,0,5,100,145,0,0,0,98955,663,3,0,2185,0
"TARA_133_SRF_0.22-3",32136,1458633,2,0,170,0,0,0,944,1183,4527,0,0,764,0,16952,176457,182069,38,28,0,0,0,0,9,0,52505,527,170184,42,146081,267535,41115,27932,311959,45,77873,11958,30609,0,0,0,0,0,2272,2,8,2,2,31,3,149,0,0,0,23,2,0,0,0,77,68711,615,0,48,54,4,0,139,600,0,1142,0,0,0,1,591,35966,0,0,20,133,220,0,0,0,194920,617,0,0,355,0
"TARA_137_DCM_0.22-3",26205,1537651,17,0,37,0,0,3,181,190,2105,0,0,667,0,7161,146478,207041,91,220,0,0,11,1,1,0,2706,2124,163117,3,73201,246577,27790,16959,206813,217,46504,7825,19000,0,0,0,0,0,892,0,1522,2,1,1,2,510,1,0,0,28,0,0,0,0,324,55896,906,1,5,0,0,4,2115,3552,0,1531,7,0,0,0,4567,4303,2,0,44,74,73,0,0,0,129818,1056,1,0,4198,0
"TARA_137_MES_0.22-3",37859,1624911,7,0,225,0,0,68,303,260,3034,0,0,1972,0,6847,145025,215868,331,111,0,0,31,7,11,0,493,2716,161895,8,74323,276525,28760,31373,193685,19,42444,8489,17217,0,0,0,4,0,22,0,1219,8,2,2,0,959,0,0,0,21,3,0,0,0,488,56111,965,0,4,6,2,1,2489,3434,0,1527,5,0,0,0,5122,3971,3,0,22,149,105,1,0,3,114454,1217,5,0,4103,0
"TARA_137_SRF_0.22-3",22195,977635,5,0,34,0,0,0,264,215,1197,0,0,107,0,11676,139778,147034,20,30,0,0,1,0,8,0,47124,269,119680,2,130637,171939,27689,17509,222310,49,56796,6354,22001,0,0,0,0,0,1607,0,1,3,3,0,0,416,0,0,0,22,0,0,0,0,45,50601,471,0,8,49,5,0,107,430,0,1189,0,0,0,0,302,29038,1,0,11,78,78,0,0,0,141262,444,0,0,415,0
"TARA_138_DCM_0.22-3",22509,1026827,13,0,55,1,0,1,220,96,2093,1,0,760,0,8049,128238,138914,95,43,0,0,3,0,3,0,34040,477,124144,2,156615,162047,26509,25042,175379,19,47691,9321,19847,0,0,0,0,0,747,0,68,6,1,1,1,399,0,0,0,25,0,0,0,0,111,43542,364,0,8,83,4,0,775,1671,0,1009,0,0,0,1,1111,20714,0,0,10,84,59,3,1,0,113512,347,2,0,636,0
"TARA_138_MES_0.22-3",31204,1551588,10,2,204,0,0,30,220,211,3350,0,0,2200,0,5623,126605,184845,711,82,0,0,19,10,7,0,468,2089,138089,0,70445,236338,24667,27137,160790,17,34413,6911,15709,0,0,0,1,0,22,1,1557,14,8,10,1,1568,2,0,0,63,1,0,0,0,856,48764,737,0,7,3,0,2,1676,2523,1,1769,4,0,0,1,5071,3311,0,0,8,57,55,1,0,2,104230,732,4,0,4265,0
"TARA_138_SRF_0.22-3",11234,1036381,10,0,103,0,0,0,212,226,2260,0,1,525,0,11371,134099,152379,75,20,0,0,1,0,50,0,59910,322,107530,12,119096,142559,24051,16132,174025,27,49768,9063,19173,0,2,0,0,0,3134,2,16,2,3,5,1,303,0,1,0,149,0,0,0,0,178,44821,426,0,28,51,5,0,231,765,0,951,0,0,0,0,246,28907,1,0,12,101,62,0,0,1,119335,316,4,0,437,0
"TARA_140_SRF_0.22-3",19778,1097222,3,0,48,0,0,0,151,139,1372,0,1,616,0,11517,132689,133385,348,29,0,0,2,2,18,0,38847,413,117449,10,119518,173494,25884,21934,185386,68,51233,4588,19749,0,0,0,0,1,2942,0,13,1,0,7,1,756,0,0,2,57,0,0,0,0,342,48395,414,0,14,19,4,0,425,1216,0,1600,0,0,0,0,308,23297,0,0,5,106,70,0,0,2,125074,385,0,1,355,0
"TARA_141_SRF_0.22-3",19195,1354995,17,0,147,0,0,3,262,212,1188,0,28,922,0,14034,161849,150743,199,32,0,0,7,1,19,0,35596,444,117282,19,110054,196478,29243,23339,209914,126,55743,4624,20005,0,0,0,0,0,4548,2,16,1,3,0,1,236,0,0,0,66,9,0,0,0,357,52021,190,0,13,17,5,0,230,710,0,1009,3,0,2,0,584,28146,2,0,10,233,152,1,0,1,130083,631,1,0,766,0
"TARA_142_DCM_0.22-3",16091,1100803,3,0,107,0,0,0,246,215,1906,1,0,593,0,9235,126169,130910,157,48,0,0,4,0,17,0,33830,370,91040,10,114401,155620,22928,15432,167800,42,44507,7520,16708,0,0,0,1,0,2263,1,18,8,3,2,4,324,0,0,0,29,4,0,0,0,239,41779,219,0,20,43,2,0,259,833,0,811,1,0,0,0,1264,22626,2,0,9,58,31,1,0,0,100573,398,1,0,618,0
"TARA_142_MES_0.22-3",44405,1383167,15,1,382,0,0,91,894,1005,3725,0,0,3191,0,7185,119203,182115,854,65,0,0,45,16,24,0,1658,2387,120433,20,87977,237753,28566,43825,162058,16,33350,8276,14564,0,0,0,0,0,11,5,1092,3,7,26,6,1769,0,0,0,50,1,0,0,1,892,39329,310,0,30,10,0,1,2696,3728,1,1566,14,0,0,1,5751,4798,3,0,8,65,88,0,0,2,85286,413,3,0,1869,0
"TARA_142_SRF_0.22-3",17116,1102372,6,0,127,0,0,0,191,232,1870,0,0,1108,0,9170,130718,131494,104,38,0,0,3,0,54,0,34987,364,95206,20,118533,155727,23675,14577,170746,70,45653,7576,17186,0,0,0,0,0,2691,2,21,7,4,8,5,260,0,1,0,89,4,0,0,0,219,41364,278,0,18,41,4,0,373,937,0,844,1,0,0,0,1348,22068,0,0,4,74,20,0,0,0,103596,481,2,0,606,0
"TARA_145_MES_0.22-3",69043,1496820,13,1,295,0,0,157,1099,674,3760,0,0,1033,0,6565,114935,169462,76,28,0,2,10,2,23,0,1265,2087,122750,32,94851,265389,28905,32522,177298,12,34956,9989,15729,0,0,0,1,0,11,4,1122,7,3,8,0,434,0,0,0,67,2,0,0,12,227,39292,370,0,31,17,1,1,3854,4472,0,1066,22,0,1,0,5553,6234,0,0,4,94,105,1,0,1,90052,786,2,0,2512,0
"TARA_145_SRF_0.22-3",29397,1252060,6,0,16,0,0,3,515,564,1889,1,0,524,0,7873,103605,113835,8,96,0,0,0,0,0,0,16126,485,94800,3,152955,184092,25558,18399,187431,43,40876,12222,17655,0,0,0,0,0,1044,2,316,9,4,1,2,336,0,0,0,13,0,0,0,0,51,39922,326,2,53,60,13,0,323,837,0,944,7,0,0,1,2485,16599,0,0,5,80,50,0,0,0,107005,468,1,0,1069,0
"TARA_146_MES_0.22-3",61591,1251715,15,1,205,0,0,141,500,418,2532,0,0,738,0,5077,99127,152477,63,42,0,0,14,3,13,0,791,2611,106509,10,87483,224899,23854,25090,157780,9,30534,8610,13098,0,0,0,0,1,4,5,1049,3,7,4,2,250,0,0,0,48,3,0,0,4,161,29593,308,0,30,6,0,0,3173,4226,2,783,11,0,0,0,4509,4574,0,0,3,70,94,0,0,1,76882,722,2,0,2366,0
"TARA_146_SRF_0.22-3",23916,1238208,12,0,57,0,0,7,179,120,2283,0,1,933,0,6396,121535,129395,23,49,0,0,1,0,1,0,20416,757,95651,5,135183,181817,26225,18803,188517,32,42787,9601,17272,0,0,0,0,0,991,1,109,9,3,3,4,265,0,0,0,15,1,0,0,0,123,36683,264,0,38,48,5,1,560,1413,0,764,6,0,0,0,3471,16734,0,0,2,49,32,0,0,1,106570,423,1,0,1201,0
"TARA_148_SRF_0.22-3",20881,1347360,13,0,34,0,0,4,250,197,2108,1,2,564,0,7499,122552,121810,37,47,0,0,2,0,2,0,24593,437,92089,2,125194,166889,24813,16493,179952,51,44030,13430,18402,0,0,0,0,0,2091,3,32,3,4,0,4,275,0,0,0,18,0,0,0,0,91,37159,225,0,42,59,4,1,419,1156,0,877,2,0,1,0,1984,19067,0,0,9,58,27,0,0,0,109309,459,1,0,803,0
"TARA_148b_MES_0.22-3",46475,1275939,6,0,147,0,0,61,406,420,2916,0,0,1242,0,4555,98109,145361,72,40,0,0,17,1,15,0,4041,1596,102153,11,95462,229272,24354,22775,163795,9,32292,9216,14683,0,0,0,0,0,14,6,534,15,13,5,2,466,0,0,0,39,2,0,0,4,170,35215,318,1,43,21,4,0,2136,3812,0,920,17,0,0,0,4193,8254,0,0,4,57,54,0,0,1,85440,814,6,2,1913,0
"TARA_149_MES_0.22-3",69358,1488545,13,0,299,0,2,162,745,567,2963,1,0,1143,0,6672,127203,196551,73,52,0,0,20,6,26,0,1046,2806,135037,18,103668,271979,32348,36149,193942,15,39504,9963,16915,0,0,0,0,0,11,2,1318,4,5,14,0,396,0,1,0,50,5,0,0,2,226,36113,369,0,42,12,2,0,3840,4948,0,1000,13,0,0,0,6411,5236,1,0,6,94,92,0,0,1,97255,798,1,1,2616,0
"TARA_149_SRF_0.22-3",21510,1261030,3,0,31,0,0,2,289,289,2274,0,2,488,0,7242,112014,117100,14,64,0,0,0,1,6,0,20255,441,89760,5,147409,158146,23341,16699,173924,53,41227,12157,17027,0,0,0,0,0,1487,5,42,13,3,1,2,316,0,0,0,23,0,0,0,0,58,37384,296,0,38,71,5,1,347,819,1,788,2,0,0,0,2050,18461,0,0,4,92,52,0,0,0,102346,542,3,0,647,0
"TARA_150_DCM_0.22-3",20245,1111048,1,1,48,0,0,1,216,248,2076,0,0,1519,0,9830,132980,133097,26,46,0,0,3,0,10,0,34354,290,110871,5,124328,162120,25821,22255,191795,66,50520,7941,20231,0,0,0,0,0,1874,2,39,6,3,1,2,216,0,0,0,20,0,0,0,0,123,45257,281,0,19,39,2,0,223,608,0,1410,0,0,0,0,693,24693,0,0,19,39,35,0,0,0,119494,404,1,0,456,0
"TARA_150_SRF_0.22-3",22091,1164894,5,0,22,0,0,1,384,332,1626,0,0,340,0,10463,137287,137404,23,58,0,0,1,2,3,0,41771,290,110654,2,144508,165132,26894,19174,201010,50,52277,10021,20404,0,0,0,0,0,2030,2,51,8,8,0,1,186,0,0,0,19,0,0,0,0,37,44372,402,0,28,62,4,0,251,613,0,830,1,0,0,0,903,26074,0,0,14,96,52,0,0,0,123960,570,0,0,486,0
"TARA_151_DCM_0.22-3",29028,1243898,5,0,67,0,0,11,282,235,1906,0,0,515,0,7113,106975,119666,17,61,0,0,3,2,2,0,19857,516,98586,4,127325,192167,24882,18120,197947,40,45473,11104,18967,0,0,0,0,0,622,7,197,9,3,0,2,284,0,0,0,26,1,0,0,1,56,40019,309,0,58,48,4,0,823,1730,0,972,5,0,0,0,2113,18143,0,0,9,52,29,0,0,0,110835,505,1,0,918,0
"TARA_151_SRF_0.22-3",22351,1113463,4,0,25,0,0,0,196,205,1384,0,0,267,0,9931,133353,141728,45,33,0,0,2,0,3,0,36734,184,120999,0,129153,162862,27428,18077,212040,40,55925,13432,23126,0,0,0,0,0,1394,8,18,5,2,2,2,196,0,0,0,13,0,0,0,0,60,46750,438,0,18,49,8,0,162,566,0,1058,0,0,0,0,379,27666,0,0,8,48,61,0,0,0,132645,489,0,0,372,0
"TARA_152_MES_0.22-3",61708,1449191,9,0,259,0,0,145,857,531,2696,1,0,953,0,6825,120945,178734,168,45,0,0,7,3,29,0,992,2405,124788,11,93867,256434,29129,31763,184137,9,37492,9465,15944,0,0,0,0,0,22,5,890,5,7,9,0,406,0,1,0,75,2,0,0,1,220,35499,336,0,18,8,0,0,4114,5115,0,1036,13,0,0,0,5892,4965,0,0,7,68,89,0,0,0,94805,699,3,0,2225,0
"TARA_152_MIX_0.22-3",27616,1213214,5,1,46,0,0,1,622,618,2123,0,0,236,0,10974,123347,137992,16,65,0,1,3,0,6,0,28346,411,110421,6,143591,188276,26598,18570,209555,113,49913,10462,19301,0,1,0,0,0,1957,3,177,14,1,0,1,364,0,0,0,16,0,0,0,1,36,51517,436,0,54,74,4,2,252,618,1,834,1,0,0,0,1682,22936,0,0,7,64,61,0,0,0,121000,525,1,0,556,0
"TARA_152_SRF_0.22-3",25304,1110462,3,0,24,0,0,2,629,686,1570,0,0,204,0,10268,114601,117917,24,52,0,0,3,0,3,0,27853,278,99224,4,115439,171292,24504,16158,194996,94,46906,11641,18693,1,0,2,0,0,2412,2,114,5,1,4,1,235,0,1,0,9,0,0,0,0,37,49228,383,0,24,76,2,3,184,472,0,861,3,0,0,0,1211,21430,0,0,8,68,42,0,0,0,114524,443,2,0,475,0
