"","A.OX","AMP.binding","ATd","AfsA","Autoind_synth","BLS","Bacteriocin_IIc","Bacteriocin_IId","CaiA","Chal_sti_synt_C","Chal_sti_synt_N","Condensation","DUF1205","DUF692","Glyco_transf_28","Glycos_transf_1","Glycos_transf_2","IucA_IucC","LANC_like","Lactococcin_972","Lant_dehyd_C","Lant_dehyd_N","Linocin_M18","LipV","LmbU","Lycopene_cycl","MGT","NAD_binding_4","NapT7","PF00067","PF00106","PF02441","PF04820","PF13561","PF13575","PKS_AT","PKS_KS","PP.binding","TIGR03603","TIGR03605","TIGR03651","TIGR03678","TIGR03731","TIGR03793","TIGR03798","TIGR03882","TIGR03975","TIGR04363","Terpene_synth_C","ToyB","TunD","YcaO","bt1fas","cyanobactin_synth","cycdipepsynth","ectoine_synt","fabH","fom1","goadsporin_like","hglD","hglE","indsynth","micJ25","mmyO","mvd_mst","novH","phosphonates","phytoene_synt","phzB","salQ","spcDK_like_cou","spcDK_like_glyc","strK_like1","strK_like2","subtilosin","t2clf","t2fas","t2ks","t2ks2","tabtoxin","terpene_cyclase","vlmB"
"sim_meta_oms-1",447,14576,2,9,9,0,0,0,0,55,63,2340,0,180,201,3046,2703,54,109,0,256,63,28,0,20,339,281,1901,2,901,3507,311,390,1857,136,1533,1405,947,0,0,0,0,0,0,32,0,0,0,40,1,0,226,6,0,0,39,793,0,0,32,31,59,8,0,0,0,0,267,0,27,0,4,0,0,0,21,1534,27,0,3,4,16
"sim_meta_oms-10",245,12760,66,4,34,0,0,1,0,33,43,1038,0,206,181,2867,2568,98,59,0,87,11,6,0,0,290,104,1402,6,642,3521,323,624,1886,11,788,658,614,0,0,3,0,1,0,59,0,10,1,11,0,3,148,17,8,0,32,801,0,0,93,111,20,12,0,0,0,0,226,0,11,0,2,0,0,0,16,1565,17,12,2,38,0
"sim_meta_oms-100",101,9199,1,0,32,0,0,0,0,17,27,865,0,185,181,3462,3295,20,13,2,20,2,15,0,0,86,26,1517,0,406,2065,292,721,1409,4,610,415,509,0,0,0,1,0,0,19,1,2,0,0,1,1,126,0,24,0,15,926,7,0,59,96,13,8,0,1,0,31,113,0,0,4,3,0,0,7,0,1483,8,0,0,64,0
"sim_meta_oms-101",121,8935,24,0,30,0,1,0,0,45,46,504,0,257,184,3022,2853,125,31,4,5,3,7,0,0,153,18,1425,0,497,2672,314,1044,1588,19,664,807,453,0,0,0,0,0,0,73,0,0,0,6,0,0,61,0,0,0,12,869,0,0,32,50,0,9,0,0,0,14,261,0,0,0,0,0,0,0,0,1537,2,0,0,68,0
"sim_meta_oms-102",203,9414,8,0,12,0,0,0,0,39,50,325,0,219,231,2703,2645,73,14,0,41,7,3,0,0,165,42,1522,5,680,2975,380,780,1634,34,709,461,458,0,0,0,0,0,0,148,2,11,0,0,0,0,197,0,1,0,52,964,0,0,77,122,0,9,0,0,0,8,210,0,10,2,4,0,0,0,19,1735,18,1,0,35,0
"sim_meta_oms-103",309,15514,3,18,45,0,0,0,0,30,47,3449,0,114,196,3873,2999,63,84,0,421,72,0,0,0,146,382,1712,6,1745,3320,359,692,1570,88,2161,2578,1241,0,0,0,0,0,0,57,0,4,5,22,2,0,179,0,234,0,31,690,0,0,140,239,121,9,0,0,0,10,260,0,45,0,0,0,0,0,50,1195,46,0,0,33,0
"sim_meta_oms-104",83,9157,52,0,31,0,0,0,0,46,65,706,0,178,199,2845,2444,102,34,0,51,10,41,0,0,202,47,1647,4,613,2567,336,743,1495,13,893,579,558,0,0,0,0,0,0,114,0,12,0,0,0,1,136,0,41,0,16,963,0,0,152,204,0,5,0,0,0,19,215,0,3,0,0,0,0,0,11,1368,24,15,0,24,0
"sim_meta_oms-105",405,13684,0,0,5,0,0,0,0,0,0,1071,0,92,171,2993,2476,118,136,0,214,35,0,4,0,240,115,1165,10,1404,3388,390,498,2032,0,659,214,417,0,0,0,0,0,0,0,0,58,6,0,0,0,50,0,0,0,33,587,0,0,16,20,0,20,0,0,0,4,292,0,0,2,0,0,0,0,0,1265,7,0,2,70,0
"sim_meta_oms-106",203,9104,3,8,40,0,0,0,0,28,40,899,1,132,187,2594,2818,55,51,0,187,44,10,0,0,161,215,1326,2,938,2448,301,790,1415,59,1055,927,600,0,0,0,0,0,0,94,13,10,3,9,1,1,155,0,82,8,31,762,0,0,49,61,41,21,0,0,0,11,190,0,14,0,4,0,0,0,15,1390,24,0,5,43,0
"sim_meta_oms-107",285,13366,1,16,30,0,0,0,0,43,58,1407,1,247,226,2531,2505,106,88,0,453,102,0,0,19,163,406,1619,5,1097,3321,423,764,1864,63,1568,1606,826,0,0,0,0,0,0,11,0,42,2,12,0,0,302,0,0,0,37,877,2,0,54,87,129,19,0,0,0,0,197,0,62,0,0,0,0,0,64,1520,92,0,5,30,16
"sim_meta_oms-108",231,10514,0,2,10,0,0,0,0,61,64,821,0,123,210,3249,3130,57,33,5,32,6,18,0,0,140,56,1394,6,722,2666,275,481,1597,10,740,468,406,0,0,0,0,0,0,25,1,0,0,11,0,0,82,23,0,0,41,774,0,0,15,26,0,7,0,0,0,9,306,0,0,3,4,0,0,0,21,1248,28,0,5,64,0
"sim_meta_oms-109",73,10267,0,3,45,0,0,0,0,7,10,480,0,191,235,2224,2270,42,14,0,10,1,0,0,2,103,32,1688,2,628,2945,331,540,1839,9,599,150,318,0,0,0,0,0,0,42,0,2,1,0,1,2,153,0,0,0,55,664,0,0,11,16,29,35,0,0,0,0,195,0,8,3,0,1,0,0,11,1504,19,0,14,0,9
"sim_meta_oms-11",246,12736,0,7,21,0,0,1,0,64,104,619,0,151,182,2816,2876,37,59,0,223,46,6,0,0,304,292,1477,3,1609,3873,315,1144,2089,38,1150,992,571,0,0,0,1,0,0,33,3,0,4,13,0,0,109,0,19,0,34,1083,0,0,50,160,72,11,0,3,0,24,243,0,18,2,0,0,0,0,26,1437,24,0,0,0,0
"sim_meta_oms-110",137,8076,0,0,34,0,1,0,0,28,37,1123,0,219,226,2828,2822,111,12,0,0,0,15,0,0,84,82,1648,0,444,1999,309,656,1350,13,655,215,538,38,14,0,0,0,4,81,0,2,0,0,2,1,90,0,0,0,19,952,0,0,60,84,0,16,0,0,0,3,143,0,0,0,0,0,0,4,0,1346,5,0,12,52,0
"sim_meta_oms-111",211,10104,73,1,34,0,0,0,7,15,20,991,0,157,205,3046,3006,97,45,0,67,12,2,0,0,233,81,1699,0,455,2282,362,524,1627,0,777,626,561,0,0,0,0,0,0,21,0,15,0,0,0,0,167,0,4,0,35,885,0,0,32,37,0,6,0,0,1,27,228,0,9,0,1,0,0,0,15,1416,26,17,1,32,7
"sim_meta_oms-112",159,10006,61,5,11,0,2,0,0,26,43,834,0,185,240,3117,3322,106,53,0,145,22,20,0,0,220,110,1545,2,506,2457,443,902,1488,26,1007,866,562,0,0,0,0,0,5,158,0,41,0,0,1,0,152,0,7,0,19,788,0,0,19,43,0,45,0,0,0,14,168,0,24,1,3,0,0,0,52,1436,76,10,7,2,0
"sim_meta_oms-113",186,12040,18,14,54,0,0,0,0,30,59,1750,0,171,227,3038,2609,99,96,0,384,81,9,0,29,180,418,1563,7,1304,3203,362,907,1709,68,1513,2075,858,0,0,0,0,0,1,14,0,0,1,24,1,1,142,0,19,0,4,904,6,0,56,61,105,8,0,0,0,9,216,0,49,4,0,0,0,0,48,1419,55,0,2,9,44
"sim_meta_oms-114",102,8937,155,3,19,0,0,0,0,24,41,1206,0,120,233,3209,3114,34,114,0,28,11,37,0,0,300,55,1408,0,617,2601,334,820,1578,31,663,868,556,0,0,0,0,0,0,179,1,0,0,0,0,0,11,0,0,0,14,952,0,0,0,0,0,6,0,0,0,31,240,0,0,0,3,0,0,0,0,1209,5,39,0,5,0
"sim_meta_oms-115",160,10216,1,0,50,0,0,0,0,28,36,81,0,162,169,3058,2715,56,3,0,0,0,5,0,0,124,21,1449,0,716,2918,305,663,1621,1,588,186,343,0,0,0,0,0,3,18,0,0,0,27,1,0,82,0,16,0,20,813,0,0,76,112,0,6,0,0,0,6,233,0,0,1,1,0,0,0,0,1643,11,0,3,36,0
"sim_meta_oms-116",712,16929,14,1,42,0,0,0,7,37,46,3712,0,240,211,2496,2192,59,121,0,207,48,64,0,0,204,165,1534,2,781,2908,246,653,1553,168,1705,2353,1345,0,0,0,0,0,0,15,0,34,0,81,1,1,208,0,0,0,33,799,0,0,74,103,0,12,3,0,0,6,228,3,10,2,2,0,0,0,31,1371,21,0,1,40,5
"sim_meta_oms-117",491,14651,95,0,25,0,0,0,0,23,36,2033,0,259,191,2807,2501,162,155,0,196,22,26,2,0,215,167,1335,6,1125,3504,295,1234,1949,84,834,926,760,0,0,0,0,0,0,38,0,40,4,41,0,1,62,0,0,0,44,815,0,0,22,29,0,1,0,0,0,11,255,0,0,0,2,0,0,0,0,1322,0,17,2,50,0
"sim_meta_oms-118",143,11329,0,5,17,0,0,0,0,10,20,672,0,334,187,2594,2295,111,2,0,0,0,0,0,0,173,54,1427,0,466,2284,367,657,1203,10,576,118,377,0,0,0,0,0,8,53,0,0,0,0,0,0,67,0,0,0,9,883,0,0,43,80,0,12,0,0,0,0,223,0,0,0,0,0,0,0,0,1385,1,0,6,118,0
"sim_meta_oms-119",144,6963,1,1,17,0,0,0,0,66,88,407,0,29,223,3367,3933,34,26,0,11,0,33,0,0,211,2,1579,0,282,1845,346,245,1292,0,539,119,277,0,0,0,0,2,0,29,0,0,0,0,1,1,126,0,0,3,26,820,0,0,0,0,0,40,0,0,0,0,166,0,0,4,3,0,0,0,0,1324,4,0,18,1,0
"sim_meta_oms-12",163,7296,16,0,8,0,0,0,0,4,8,884,0,133,213,2487,2724,103,16,5,20,1,28,0,0,207,43,1348,0,413,2209,305,725,1553,0,834,570,573,40,8,4,0,0,0,10,0,0,0,0,0,1,178,0,0,0,17,978,0,0,115,109,0,10,0,0,0,10,128,0,0,7,0,0,0,0,0,1377,30,0,0,0,0
"sim_meta_oms-120",147,11281,239,0,11,0,1,0,0,25,35,1439,0,185,187,2992,3005,24,125,0,92,11,0,0,0,285,55,1435,1,403,2872,302,631,1601,0,771,1067,817,0,0,0,0,0,0,33,0,16,0,18,0,0,85,0,0,0,24,925,0,0,92,167,0,7,0,0,0,2,224,0,10,1,0,0,0,0,15,1694,20,47,0,2,0
"sim_meta_oms-121",177,10289,0,1,40,0,0,0,0,29,36,820,0,214,204,2661,2295,118,43,0,0,0,15,0,0,152,29,1511,0,469,2576,302,592,1672,32,720,210,436,0,0,0,0,0,0,175,0,3,0,0,0,0,152,0,0,7,63,1107,1,0,82,80,0,12,0,0,0,51,143,0,0,0,0,0,0,0,0,1416,0,0,5,12,0
"sim_meta_oms-122",147,10629,5,6,16,0,0,0,0,26,30,791,0,266,196,2613,2126,56,22,0,80,15,38,0,0,156,49,1494,2,670,2806,360,984,1646,17,798,356,459,0,0,0,1,0,0,71,0,17,0,0,0,0,156,0,10,15,40,790,0,0,101,114,12,15,0,4,0,0,149,0,15,2,1,0,0,3,24,1352,35,0,2,17,0
"sim_meta_oms-123",249,13365,0,0,52,0,0,0,0,15,31,1695,0,256,167,2349,2096,81,43,0,70,19,23,0,0,183,104,1286,0,951,3019,306,561,1694,1,1472,1533,797,0,0,3,0,0,0,58,0,19,0,57,2,0,109,0,0,0,60,917,0,0,37,43,0,2,0,0,0,10,185,13,0,0,0,0,0,0,0,1372,7,0,0,0,0
"sim_meta_oms-124",112,8050,0,5,8,0,0,0,4,26,34,728,3,163,199,2497,2422,204,1,0,35,9,0,0,0,79,72,1317,1,555,2255,318,973,1378,2,794,409,561,0,0,0,0,0,0,0,9,9,0,0,1,0,140,0,39,0,43,897,6,0,107,134,0,23,2,0,0,34,198,0,8,0,0,0,0,0,7,1420,12,0,0,40,7
"sim_meta_oms-125",292,12123,17,0,26,0,0,0,0,16,27,817,0,165,218,2861,2465,107,47,0,72,14,10,2,0,237,83,1505,3,954,2949,359,641,1533,0,893,953,586,0,0,0,0,0,0,31,0,18,0,3,1,1,159,0,43,0,32,874,0,0,92,169,0,8,0,0,1,17,262,0,0,1,1,0,0,0,4,1425,7,0,0,39,0
"sim_meta_oms-126",227,13583,0,5,58,0,0,0,0,28,22,1073,0,172,195,2759,2560,102,38,0,264,48,38,0,17,166,254,1379,2,957,3233,362,644,1770,37,1077,884,658,0,0,0,0,0,1,23,3,33,0,9,6,0,217,0,0,0,29,738,0,0,48,59,48,14,0,0,0,6,190,0,38,2,0,0,0,0,51,1602,71,0,2,41,19
"sim_meta_oms-127",390,12154,0,0,26,0,0,0,0,35,37,278,0,166,194,3336,2708,104,3,0,0,0,0,0,0,82,24,1441,9,807,3594,266,1516,1923,3,637,89,361,0,0,0,0,0,0,8,0,1,0,31,1,0,86,41,0,0,24,847,0,0,55,120,0,3,0,0,0,6,146,0,0,0,3,0,0,0,0,1492,13,0,0,1,0
"sim_meta_oms-128",469,13853,18,16,15,0,0,0,0,51,61,1995,0,182,246,3139,2897,99,86,0,313,59,42,0,0,208,183,1402,2,951,3183,359,390,1851,67,1267,1797,937,0,0,1,2,1,0,25,1,62,0,26,0,2,214,23,15,0,31,906,0,0,28,52,51,18,0,0,0,9,238,0,37,0,0,0,0,0,74,1353,76,0,2,36,0
"sim_meta_oms-129",78,9311,8,0,16,0,0,0,0,11,17,889,4,125,145,3623,3440,16,8,3,16,7,12,0,0,234,140,1184,0,818,2211,253,226,1209,0,737,492,455,0,0,0,0,1,0,8,33,0,0,26,2,0,110,0,143,0,17,873,0,0,52,107,0,10,0,0,0,9,215,0,0,1,1,0,0,0,0,1327,5,0,0,47,0
"sim_meta_oms-13",197,12284,0,0,20,0,0,0,0,43,62,728,0,181,207,2529,2481,115,47,3,126,21,39,0,0,221,103,1333,7,1016,3275,350,1056,1810,8,1036,738,555,0,0,0,0,0,0,34,7,32,2,16,0,0,124,0,14,0,41,990,0,0,75,89,10,7,0,0,0,0,250,2,11,3,2,0,0,0,15,1539,17,0,0,30,0
"sim_meta_oms-130",193,13290,60,3,39,0,0,0,0,15,10,1295,0,208,205,2836,2390,61,57,0,120,20,24,0,9,264,99,1476,4,1010,3216,304,437,1778,30,1272,1352,650,0,0,0,0,0,0,69,1,15,0,30,0,0,103,0,0,0,45,836,4,0,26,54,28,6,0,0,1,40,240,3,5,1,0,0,0,6,11,1459,13,10,2,51,11
"sim_meta_oms-131",200,10060,0,9,21,0,0,0,0,42,67,850,0,101,232,3040,2699,39,68,0,202,41,14,0,0,169,167,1666,0,589,2872,308,740,1802,48,879,760,538,0,0,0,0,0,0,8,0,44,5,0,0,0,97,0,0,0,34,818,0,0,15,18,53,6,0,0,0,0,259,0,22,4,0,0,0,0,49,1648,60,0,3,98,0
"sim_meta_oms-132",144,9052,0,1,18,0,0,0,4,14,12,502,0,131,235,2977,2606,85,13,3,20,3,0,0,0,115,18,1636,0,251,2168,329,719,1339,1,662,334,493,0,0,2,0,0,1,15,0,5,0,0,1,1,221,8,0,0,18,947,3,0,55,97,0,14,0,0,0,11,105,0,3,4,0,0,0,0,4,1765,19,0,8,9,1
"sim_meta_oms-133",168,11881,0,0,22,0,0,0,0,39,73,613,0,115,220,4110,3152,53,24,0,11,0,0,0,0,256,63,1586,2,631,2473,335,761,1366,0,812,599,522,0,0,0,0,0,1,69,3,2,0,32,1,1,233,4,21,0,21,749,0,1,63,150,0,10,0,0,0,0,164,0,0,1,3,0,0,0,27,1560,30,0,1,15,0
"sim_meta_oms-134",340,9459,0,0,45,0,0,0,0,32,25,193,0,158,244,2594,2421,58,10,0,0,0,1,0,0,293,31,1458,5,364,2605,334,904,1534,2,662,132,361,0,0,0,0,0,0,30,0,3,0,0,3,0,83,0,8,0,27,858,0,0,59,59,0,3,0,0,0,0,238,0,0,4,2,0,0,0,0,1491,15,0,7,0,0
"sim_meta_oms-135",121,13034,0,10,16,0,0,0,0,54,60,1483,0,175,207,3151,2440,86,67,0,248,51,8,0,25,192,301,1652,2,867,2577,333,732,1539,56,1329,1267,771,0,0,0,0,0,2,18,0,14,1,31,0,0,209,0,0,0,21,1054,0,0,86,143,85,13,0,0,0,36,165,0,35,0,5,0,0,0,48,1369,49,0,2,26,38
"sim_meta_oms-136",144,11360,2,0,34,0,0,0,0,17,20,755,1,159,198,3418,2729,48,20,0,14,0,0,0,0,135,137,1540,2,812,2840,338,779,1780,6,789,485,484,23,10,0,3,0,0,14,4,2,0,30,0,0,201,0,11,0,15,879,3,0,49,71,15,1,0,2,0,11,162,0,0,7,9,0,0,0,35,1430,40,0,0,4,0
"sim_meta_oms-137",402,11297,42,1,31,0,0,0,0,22,34,2026,0,284,173,2877,2618,70,86,0,61,17,47,0,0,115,86,1352,1,303,2354,324,897,1366,86,929,848,825,0,0,0,0,2,0,29,0,0,0,28,0,0,125,0,0,0,11,1020,7,0,73,104,0,4,0,0,0,0,135,0,0,0,0,0,0,0,0,1183,3,11,0,27,0
"sim_meta_oms-138",224,10544,0,0,33,0,0,0,0,19,21,283,0,143,205,2992,2456,190,0,0,0,0,11,0,0,196,39,1468,0,516,3210,393,763,1997,0,675,162,349,0,0,4,0,0,0,10,0,0,0,0,0,1,144,5,0,0,40,812,0,0,9,40,0,11,0,0,0,4,122,0,0,0,0,0,0,0,0,1431,3,0,4,9,0
"sim_meta_oms-139",226,13598,8,16,24,0,0,0,0,71,90,1449,0,230,237,2695,2873,122,88,0,393,101,0,0,22,251,351,1800,10,1307,3339,359,963,1769,81,1524,1802,865,0,0,0,0,0,0,95,0,33,3,24,0,2,273,25,0,0,15,971,0,0,116,113,102,9,0,0,0,20,224,0,45,2,0,0,0,0,63,1565,66,0,1,15,20
"sim_meta_oms-14",192,11634,2,1,57,0,0,0,9,9,16,691,0,175,215,3286,2714,16,28,0,78,16,15,0,0,32,97,1469,1,693,3162,315,542,2128,29,777,677,452,0,0,0,0,0,0,8,2,26,0,0,2,0,159,0,45,0,50,725,0,0,17,71,12,4,1,2,0,4,235,0,17,0,0,0,0,0,25,1724,32,0,0,84,10
"sim_meta_oms-140",308,11949,3,8,23,0,1,0,0,44,52,1210,0,198,229,3083,2559,114,47,0,321,61,20,0,0,224,227,1421,4,629,3134,359,597,1657,29,1165,1028,709,0,0,0,0,0,3,27,0,58,3,4,0,1,254,0,0,0,24,812,0,0,37,57,99,9,0,0,0,8,169,0,47,2,0,0,0,0,68,1226,89,0,7,9,0
"sim_meta_oms-141",175,9493,0,0,34,0,0,0,0,22,38,458,0,224,217,2752,2817,7,13,2,8,1,0,0,0,125,39,1448,4,541,2794,352,691,1568,17,681,116,359,12,4,0,0,0,0,87,0,0,0,0,3,2,122,14,0,0,35,790,0,0,66,64,0,14,0,0,0,0,160,0,0,4,1,0,0,0,0,1509,4,0,4,1,0
"sim_meta_oms-142",159,10043,0,10,49,0,0,0,4,35,52,993,1,200,178,2735,2651,181,27,0,160,25,20,0,1,136,148,1489,4,711,2614,359,1163,1595,25,744,503,574,0,0,0,1,0,0,61,1,31,1,15,0,0,111,2,8,0,22,894,0,0,33,31,37,3,1,0,0,7,170,0,23,4,0,0,0,1,49,1374,46,0,0,49,3
"sim_meta_oms-143",203,10027,86,0,16,0,0,0,0,9,14,969,0,248,223,2695,2397,113,51,0,41,8,39,0,0,132,44,1375,0,634,2815,319,1140,1725,0,1052,1075,650,0,0,0,0,0,0,8,3,8,0,21,1,0,119,3,34,0,38,996,2,0,79,122,0,14,0,0,0,0,180,4,0,0,0,0,0,0,0,1524,4,19,0,27,0
"sim_meta_oms-144",279,9868,1,8,44,0,0,0,0,13,25,978,0,145,189,2993,2927,214,29,0,0,0,28,0,0,162,19,1458,1,553,2740,330,868,1581,69,882,484,507,0,0,3,0,0,0,368,0,0,0,0,2,1,91,24,0,0,50,709,0,0,63,81,0,15,0,0,0,38,214,0,0,0,0,0,0,8,0,1105,0,0,0,87,0
"sim_meta_oms-145",196,13864,1,17,26,0,1,0,6,30,60,1532,0,218,213,2872,2402,95,53,0,376,64,18,0,11,147,348,1612,5,1009,3113,355,713,1540,52,1352,1262,794,0,0,0,0,0,0,42,0,29,1,26,2,0,312,1,1,0,36,719,0,1,53,81,76,12,0,0,0,10,176,0,45,3,1,0,0,0,84,1368,98,0,7,10,15
"sim_meta_oms-146",59,9420,0,0,19,0,2,0,0,32,43,120,0,144,200,2948,2706,81,20,0,0,0,0,0,0,233,32,1600,1,749,2479,403,1075,1223,12,674,387,354,0,0,0,0,0,6,28,0,0,0,1,0,1,152,0,0,0,17,880,0,0,85,159,0,20,0,0,0,4,177,0,0,0,2,0,0,0,0,1646,0,0,4,10,0
"sim_meta_oms-147",203,11178,1,4,20,0,0,0,0,19,39,1158,1,145,207,3592,3066,73,43,0,240,57,31,0,8,133,251,1515,5,1057,3115,322,771,1568,39,1243,1158,663,0,0,0,0,0,0,23,1,0,3,45,0,0,91,0,38,0,27,697,0,0,32,95,69,21,0,0,0,9,166,0,27,0,1,0,0,0,40,1512,63,1,4,6,16
"sim_meta_oms-148",69,13158,0,4,10,0,0,0,10,25,22,1220,0,220,206,2442,2241,35,31,0,134,23,15,0,0,419,121,1454,0,782,2450,358,670,1324,0,1445,1388,683,0,0,0,0,0,0,51,0,31,0,48,0,0,139,0,0,0,28,962,0,0,46,52,0,9,1,0,0,8,257,9,15,3,3,0,0,0,22,1396,28,0,0,6,6
"sim_meta_oms-149",218,9455,8,7,16,0,0,0,0,39,58,505,0,94,222,3288,2684,66,33,0,129,16,16,0,0,306,209,1706,2,885,2888,323,470,1912,22,1059,970,531,0,0,0,0,0,0,15,1,3,2,23,0,0,123,0,0,0,33,880,0,0,66,116,36,23,0,0,0,7,237,0,10,0,0,0,0,0,18,1309,29,0,2,23,0
"sim_meta_oms-15",191,10488,15,9,22,0,1,0,0,18,25,506,0,146,222,2969,2529,79,18,0,85,19,23,1,0,169,60,1514,1,688,2806,348,832,1699,0,763,622,435,0,0,0,0,0,1,32,0,24,2,0,0,0,81,0,9,5,23,795,0,0,41,46,0,13,0,0,0,16,191,0,8,0,0,0,0,0,16,1478,19,0,7,38,0
"sim_meta_oms-150",177,8298,0,4,20,0,1,0,13,52,63,578,0,70,273,2798,3043,31,3,0,91,19,0,0,0,243,72,1494,2,585,2476,363,859,1695,0,774,317,425,0,0,0,0,0,0,13,0,21,0,0,0,0,103,0,0,0,33,899,0,0,6,3,0,3,4,0,0,0,197,0,18,0,0,0,0,0,24,1845,24,0,0,0,16
"sim_meta_oms-16",381,14810,106,19,27,0,0,0,0,58,71,2441,1,162,217,3191,2954,84,170,0,453,103,18,0,13,147,356,1646,6,1039,3339,354,733,1835,107,1505,2041,1068,0,0,0,1,0,0,38,2,78,5,27,0,0,272,0,20,0,27,949,0,0,18,52,135,10,0,1,0,6,212,0,57,0,3,0,0,0,62,1429,106,17,0,21,17
"sim_meta_oms-17",191,10081,0,0,56,0,0,0,0,14,37,372,0,250,190,2454,2208,126,0,0,0,0,9,0,0,161,58,1190,0,325,2948,291,772,1672,0,687,182,329,0,0,0,0,0,0,16,0,4,0,0,0,0,198,0,0,0,31,877,0,0,89,134,0,24,0,0,0,2,140,0,0,1,1,0,0,0,0,1478,1,0,0,5,0
"sim_meta_oms-18",142,11867,3,8,13,0,0,0,0,15,35,963,0,118,256,3132,2750,49,16,8,193,37,7,0,0,427,120,1604,4,784,2658,403,719,1663,10,902,611,504,14,3,0,0,0,0,99,0,36,1,1,1,0,147,7,0,0,28,891,1,0,16,27,55,9,0,0,0,8,299,0,14,2,0,0,0,0,34,1279,41,0,1,35,0
"sim_meta_oms-19",171,8281,0,12,37,0,0,0,0,38,48,368,1,123,241,2761,3145,34,51,0,13,4,0,0,1,195,66,1632,2,921,3183,322,670,2225,18,573,189,356,0,0,0,1,0,0,46,7,0,3,0,0,2,146,0,38,0,12,967,0,0,11,20,103,1,0,5,0,0,282,0,23,1,4,0,0,0,38,1381,43,0,0,0,13
"sim_meta_oms-2",209,8896,1,0,20,0,0,0,0,38,60,365,0,106,162,2996,2422,38,62,0,112,15,22,0,0,208,146,1745,0,777,2096,351,428,1367,42,781,528,445,0,0,0,0,0,0,159,0,30,1,1,0,0,82,0,0,0,19,709,5,0,37,40,0,17,0,0,0,0,258,0,5,0,0,0,0,1,9,1344,16,0,8,75,0
"sim_meta_oms-20",279,11468,0,9,25,0,0,0,0,25,35,1350,0,228,231,2758,2056,127,58,0,225,48,69,0,0,175,162,1487,0,610,2725,312,483,1701,18,1042,917,743,0,0,1,0,0,0,12,1,39,4,0,0,1,200,0,0,10,38,918,0,0,134,169,51,19,0,0,0,25,196,0,30,0,2,0,0,3,42,1422,66,0,0,15,0
"sim_meta_oms-21",127,10901,0,8,28,0,0,0,0,35,55,948,0,248,213,2565,2444,125,74,0,223,45,10,0,11,215,218,1584,4,909,2579,375,1341,1564,66,1111,907,596,0,0,0,0,0,0,171,0,1,0,5,1,1,183,0,0,0,17,944,0,0,59,95,62,1,0,0,0,19,159,0,32,0,3,0,0,0,29,1505,39,0,2,84,4
"sim_meta_oms-22",205,13344,2,24,9,0,0,0,0,56,83,2193,0,118,234,3235,2786,81,157,0,613,111,4,0,1,330,645,1596,10,1821,3383,328,923,1720,146,2074,2491,1076,0,0,0,0,0,0,110,6,0,9,32,1,1,183,0,98,0,11,914,2,0,32,55,191,3,0,0,0,0,296,0,64,1,0,0,0,0,77,1234,96,0,0,14,9
"sim_meta_oms-23",131,10557,5,7,13,0,0,0,0,28,59,1205,1,53,204,3601,3200,34,32,8,173,27,9,0,0,274,144,1609,4,721,2430,318,471,1303,9,1053,804,590,0,0,0,0,0,1,48,10,23,7,0,0,1,215,0,111,0,16,792,0,0,71,122,49,10,0,0,0,12,198,0,24,2,2,0,0,0,33,1301,42,0,4,39,0
"sim_meta_oms-24",142,10205,0,0,10,0,0,0,0,24,53,351,0,148,204,3179,2363,34,7,0,6,0,9,0,0,91,70,1640,5,692,2564,348,504,1654,2,714,375,374,0,0,0,0,0,0,70,2,0,0,11,0,0,161,26,0,0,26,726,5,2,38,46,0,12,0,0,0,6,127,0,0,3,7,0,0,0,11,1323,31,0,3,25,0
"sim_meta_oms-25",264,9828,0,0,42,0,0,0,0,18,19,1384,0,182,231,2309,2003,54,1,8,7,4,17,0,0,200,9,1366,2,441,2443,299,865,1524,0,638,215,549,0,0,0,0,0,0,23,2,18,0,0,1,1,218,0,1,0,44,765,0,0,78,90,0,30,0,0,0,3,150,0,0,3,1,0,0,0,0,1600,4,0,5,27,0
"sim_meta_oms-26",160,6771,0,0,34,0,0,0,0,34,42,37,0,177,229,3463,3017,105,8,0,7,2,116,0,0,88,22,1172,0,242,2661,335,1671,1633,0,673,110,353,0,0,0,0,0,18,0,0,0,0,0,5,1,26,0,0,0,28,937,0,0,21,32,0,8,0,0,0,44,143,0,0,0,0,0,0,0,0,1785,1,0,0,26,0
"sim_meta_oms-27",126,11810,31,12,45,0,0,0,0,24,45,1238,0,204,219,2889,2531,82,89,0,350,60,13,0,11,268,364,1518,6,1169,2913,363,1169,1553,56,1421,1520,752,0,0,0,1,0,0,28,14,6,2,35,0,1,207,0,49,6,20,896,0,0,68,89,102,12,0,1,0,12,220,0,43,4,2,0,0,0,43,1571,39,8,4,26,21
"sim_meta_oms-28",82,12204,0,19,7,0,0,0,0,60,94,1696,0,185,194,3033,3050,69,88,0,396,96,0,0,28,342,432,1772,8,1117,2666,336,626,1381,83,1642,1770,939,0,0,0,0,0,0,95,0,0,1,22,0,0,169,0,0,0,1,1116,0,0,73,100,132,6,0,0,1,5,227,0,52,4,1,0,0,0,59,1492,74,0,2,7,39
"sim_meta_oms-29",349,16291,0,40,8,0,0,0,0,64,53,2255,0,298,220,2208,2021,134,156,0,982,165,0,0,0,221,739,1561,7,1463,3497,414,1137,1428,104,2247,2749,1266,0,0,0,0,0,0,5,0,111,12,15,0,2,321,0,0,0,5,997,0,0,118,146,267,13,0,0,0,12,191,0,117,0,1,0,0,0,172,1630,188,0,3,33,0
"sim_meta_oms-3",147,10567,0,16,10,0,0,0,0,20,40,931,0,243,234,2669,2336,129,77,0,365,80,68,0,0,188,207,1608,2,531,2239,454,1286,1264,56,1104,1019,661,0,0,0,0,1,0,133,0,68,5,0,2,0,252,0,0,0,24,960,0,0,129,176,95,28,0,0,0,0,88,0,33,0,0,0,0,0,77,1463,99,0,7,0,0
"sim_meta_oms-30",260,11310,62,14,14,0,0,0,0,33,56,1124,0,119,193,2798,2484,65,32,0,230,41,28,0,0,134,156,1448,6,790,3075,332,701,1644,0,1050,1054,596,0,0,1,0,0,0,3,0,73,0,0,1,0,136,0,0,0,24,870,0,0,0,15,0,0,0,0,0,6,167,0,46,0,0,0,0,0,97,1328,105,13,1,0,0
"sim_meta_oms-31",153,10584,17,0,24,0,0,0,0,15,18,464,0,167,209,3029,2427,74,26,0,0,0,18,0,0,113,60,1443,0,613,3126,246,771,1624,29,702,485,480,0,0,0,0,0,0,127,0,0,0,19,1,0,110,1,28,0,20,779,0,0,60,107,0,4,0,0,0,23,254,0,0,0,1,0,0,1,0,1610,6,0,2,47,0
"sim_meta_oms-32",270,11761,1,0,41,0,0,0,0,6,8,1025,0,125,214,3066,2615,107,55,0,100,16,28,2,0,95,49,1531,9,989,3496,307,892,1946,0,778,466,505,0,0,0,0,0,0,8,0,42,2,0,0,0,123,8,44,0,54,732,0,0,35,83,0,22,0,0,0,0,198,0,0,2,1,0,0,0,0,1527,7,0,1,33,0
"sim_meta_oms-33",189,10608,4,7,45,0,0,0,0,36,44,586,1,207,184,2356,2753,68,31,0,152,25,11,0,0,203,115,1536,3,772,3142,337,687,1985,1,847,519,519,0,0,0,0,2,0,5,0,38,1,1,2,1,174,0,0,0,55,830,0,0,73,68,0,5,0,0,0,0,198,0,20,0,0,0,0,0,33,1723,49,0,0,36,0
"sim_meta_oms-34",315,12589,4,2,54,0,0,0,2,26,40,1426,0,142,248,2993,2954,21,81,0,180,42,34,0,0,193,166,1474,4,869,3083,339,512,1683,58,892,800,678,0,0,0,2,0,0,31,7,36,0,20,1,0,215,0,44,0,22,741,0,0,27,74,40,12,3,1,0,0,211,0,18,0,0,0,0,0,46,1449,69,0,3,26,7
"sim_meta_oms-35",415,12578,2,4,13,0,0,0,6,56,93,1502,0,161,192,2893,2751,65,83,2,190,37,14,0,0,151,187,1570,3,681,3096,324,699,1766,86,991,913,673,0,0,0,0,0,1,133,4,30,2,24,0,2,155,0,6,0,22,762,1,0,35,42,32,4,1,1,0,0,201,0,18,3,4,0,0,0,48,1176,77,0,2,3,3
"sim_meta_oms-36",234,13533,1,0,41,0,0,0,0,26,52,772,0,177,198,2812,2640,60,28,0,120,32,15,0,0,160,127,1328,4,1198,3265,335,679,1789,0,989,745,574,0,0,0,0,0,3,8,6,40,0,25,2,0,196,18,34,0,33,708,0,0,56,100,0,16,0,0,0,5,177,9,12,1,0,0,0,0,33,1377,39,0,2,26,0
"sim_meta_oms-37",436,11508,17,2,24,0,0,0,0,30,43,1913,0,192,261,2366,2177,101,67,0,90,25,26,0,0,281,100,1444,0,608,2659,328,818,1492,61,1087,962,812,0,0,0,0,0,0,61,0,20,0,23,0,1,135,0,0,0,50,899,0,0,62,74,0,4,0,0,0,13,210,0,17,1,2,0,0,0,19,1522,37,0,0,0,0
"sim_meta_oms-38",154,11011,0,8,9,0,0,0,0,59,83,923,0,150,200,3602,3381,57,60,0,193,34,32,0,0,223,126,1518,2,649,2512,330,304,1570,36,796,562,500,0,0,0,3,0,4,24,8,25,4,0,0,0,153,0,23,0,38,816,0,0,34,34,53,13,0,7,0,7,272,0,21,3,0,0,0,0,50,1440,39,0,4,55,0
"sim_meta_oms-39",259,14324,0,21,54,0,0,0,0,46,80,1999,0,194,183,2488,2488,131,157,0,619,99,0,0,0,232,632,1588,14,1620,3849,325,925,2050,117,1828,1970,992,0,0,0,0,0,0,58,0,16,9,35,0,0,255,2,0,0,32,914,0,0,50,63,155,6,0,0,0,11,230,0,54,1,0,0,0,0,69,1696,63,0,0,30,0
"sim_meta_oms-4",173,9749,36,0,71,0,0,0,0,17,14,324,0,141,173,2700,2311,15,11,0,0,0,24,0,0,92,40,1218,0,661,2799,293,647,1807,1,612,950,434,0,0,0,0,0,0,3,7,17,0,0,0,0,115,0,24,0,41,793,0,1,45,53,0,4,0,0,0,12,215,0,0,1,0,0,0,1,0,1362,1,0,0,26,0
"sim_meta_oms-40",177,10750,4,7,45,0,0,0,0,35,40,978,0,252,231,2756,2571,92,12,0,40,7,12,0,0,136,34,1535,0,484,2632,353,883,1742,0,803,422,633,0,0,0,0,0,0,35,0,13,0,0,0,0,206,0,0,0,36,997,0,0,108,144,0,13,0,0,0,15,232,0,6,0,1,0,0,0,15,1636,16,0,0,24,0
"sim_meta_oms-41",312,13542,18,9,6,0,0,0,0,42,81,704,0,101,236,2832,3083,87,13,0,338,63,0,0,0,154,185,1440,6,1289,3397,354,537,1971,5,1328,1102,661,0,0,0,0,0,0,4,0,92,0,0,1,5,218,72,0,0,12,877,0,0,65,77,0,9,0,0,0,30,176,0,66,4,1,0,0,0,144,1897,173,0,0,36,0
"sim_meta_oms-42",675,14206,28,3,28,0,0,0,0,27,44,2859,1,247,170,2842,2502,106,172,0,197,42,41,0,0,117,174,1343,1,978,3215,241,846,1619,151,1202,1375,1018,0,0,1,2,0,2,115,15,23,0,47,0,0,179,0,74,0,19,842,0,0,37,62,10,17,0,1,0,2,186,0,11,0,0,0,0,0,21,1358,29,6,0,31,0
"sim_meta_oms-43",290,11788,0,2,27,0,0,0,0,44,76,1255,0,220,215,2482,2658,112,70,0,112,17,28,0,0,248,117,1526,5,988,2579,311,529,1590,39,1545,1554,860,0,0,4,0,0,0,230,0,37,2,64,1,2,116,0,0,0,24,1050,0,1,150,141,18,15,0,0,0,9,184,4,4,2,6,0,0,0,30,1600,30,0,0,21,0
"sim_meta_oms-44",149,8771,0,0,30,0,0,0,0,17,23,251,0,211,200,3174,2588,90,8,0,0,0,17,0,0,142,53,1604,0,358,2335,331,905,1399,3,730,234,408,0,0,0,0,0,0,18,0,3,0,3,3,0,111,0,0,0,35,884,0,0,101,124,0,10,0,0,0,35,268,0,0,5,2,0,0,2,0,1546,14,0,0,60,0
"sim_meta_oms-45",144,11705,83,9,41,0,0,0,0,31,37,874,0,230,209,2735,2504,45,78,0,116,19,7,0,0,184,77,1567,3,578,2892,388,755,1561,35,974,951,649,0,0,0,0,0,0,170,0,25,0,0,3,0,162,0,19,0,4,913,0,0,80,125,0,8,0,0,0,10,230,0,15,0,1,0,0,0,31,1515,47,16,4,16,0
"sim_meta_oms-46",23,8151,0,0,2,0,0,0,0,41,46,100,0,239,234,2556,2179,168,0,0,0,0,27,0,0,170,40,1312,0,169,2178,398,1114,1344,0,752,196,488,0,0,0,0,0,0,21,0,2,0,1,0,1,292,4,0,0,25,1142,0,0,179,176,0,7,0,0,0,17,138,0,0,0,0,0,0,11,0,1642,1,0,0,9,0
"sim_meta_oms-47",182,11246,2,3,29,0,0,0,3,34,54,825,0,154,226,3092,2809,62,24,0,35,10,22,0,0,140,68,1559,3,601,2714,339,824,1485,5,696,367,499,0,0,0,0,0,0,31,0,10,0,12,2,2,180,24,10,0,28,857,0,0,127,180,3,19,1,0,0,32,201,0,8,2,0,0,0,0,10,1535,13,0,2,55,1
"sim_meta_oms-48",166,7866,0,0,36,0,0,0,0,42,45,551,0,82,213,3314,3059,45,12,0,0,0,0,0,0,354,79,1522,0,424,2008,333,483,1566,21,613,155,395,16,2,0,0,0,6,125,0,0,0,0,0,1,58,0,0,0,46,835,0,0,14,35,0,6,0,0,0,14,306,0,0,3,0,0,0,0,0,1548,24,0,1,20,0
"sim_meta_oms-49",150,9396,0,0,24,0,0,0,0,28,45,962,0,116,227,3118,2704,33,69,1,16,4,23,0,0,265,44,1698,0,483,2342,310,345,1635,70,816,407,503,0,0,0,0,3,0,305,0,1,0,0,0,0,107,0,51,0,26,781,0,0,67,106,0,7,0,0,0,12,330,0,0,3,0,0,0,0,0,1225,17,0,0,0,0
"sim_meta_oms-5",198,11685,6,6,63,0,2,0,0,16,26,915,0,117,208,3348,3009,124,3,0,141,33,41,0,0,116,148,1614,3,828,2977,364,993,1863,0,885,502,546,0,0,2,0,0,0,9,0,37,0,1,2,1,217,0,0,0,11,834,0,0,22,31,0,8,0,0,0,33,194,0,25,0,0,0,0,0,47,1503,68,0,4,110,0
"sim_meta_oms-50",117,8388,0,0,21,0,0,0,0,25,52,186,0,160,225,3038,2899,73,4,3,4,5,0,0,0,250,30,1437,0,350,2125,384,525,1391,26,665,124,335,0,0,0,0,0,0,133,0,6,0,2,2,1,76,2,0,0,22,884,0,0,63,68,0,14,0,0,0,7,203,0,0,2,2,1,1,0,0,1455,2,0,1,36,0
"sim_meta_oms-51",182,10579,15,4,36,0,0,0,0,25,41,732,1,266,201,2722,2444,62,25,0,135,23,3,0,8,102,161,1489,6,1062,2707,381,1388,1653,26,1043,978,593,0,0,0,3,0,0,18,1,0,0,5,1,0,191,3,30,0,23,906,0,0,105,153,63,14,0,0,0,24,172,0,16,1,1,0,0,0,13,1707,15,0,6,11,16
"sim_meta_oms-52",156,11675,0,4,26,0,0,1,13,36,41,614,0,298,215,2423,2326,89,18,0,82,16,49,0,0,231,71,1449,7,497,2694,352,1222,1453,0,799,368,530,0,0,0,0,0,0,39,0,23,0,13,2,0,150,0,0,0,25,1027,0,0,143,214,0,15,0,0,0,0,165,0,8,1,1,0,0,0,23,1496,20,0,0,0,8
"sim_meta_oms-53",241,11658,81,0,38,0,0,0,0,16,35,689,1,144,215,3776,3063,53,46,0,14,2,9,0,0,193,42,1457,0,741,3088,309,435,1755,18,750,615,483,0,0,0,1,0,5,55,5,0,0,28,0,0,110,1,22,0,33,795,5,0,50,152,17,22,0,6,0,1,217,0,0,2,3,0,0,0,0,1518,10,18,7,40,0
"sim_meta_oms-54",225,11989,1,11,7,0,0,0,0,8,13,913,0,159,207,3196,2791,76,61,3,199,42,27,1,0,189,138,1660,4,1116,3280,380,563,1639,8,834,562,521,0,0,0,0,0,3,28,0,40,2,0,0,1,123,0,35,0,51,757,0,0,15,31,44,12,0,0,0,8,223,0,12,0,2,0,0,0,24,1478,43,0,3,49,0
"sim_meta_oms-55",306,13231,25,8,21,0,0,0,4,29,45,960,0,155,207,2444,2469,50,39,0,135,23,16,0,0,213,165,1368,0,1099,3425,329,868,2036,15,939,1419,592,5,2,0,0,2,0,111,0,51,0,12,0,0,128,27,0,0,48,894,0,0,24,61,0,12,1,0,0,0,202,3,21,0,0,1,0,0,29,1438,38,0,0,23,9
"sim_meta_oms-56",206,12973,0,12,38,0,0,0,0,18,21,604,0,179,174,2841,2403,88,80,0,208,31,20,1,0,161,185,1283,7,1097,2812,327,813,1689,43,925,665,447,0,0,0,0,0,5,9,0,15,3,13,2,0,81,0,0,0,24,745,0,0,35,86,42,20,0,0,0,0,234,0,16,3,1,0,0,0,17,1153,32,0,11,22,0
"sim_meta_oms-57",153,9107,0,0,42,0,0,0,0,29,41,302,0,167,175,2734,2172,23,5,0,0,0,0,0,0,253,103,1420,0,527,2478,336,796,1640,29,701,333,432,0,0,0,0,0,0,159,0,8,0,0,0,1,99,0,0,0,15,927,0,0,110,119,0,12,0,0,0,11,288,0,0,0,0,0,0,0,0,1417,3,0,0,62,0
"sim_meta_oms-58",249,10092,1,12,18,0,0,0,0,59,87,818,0,115,186,3069,2946,70,36,0,196,41,1,0,0,344,184,1416,3,708,3381,355,689,2012,12,855,653,575,0,0,0,0,0,8,21,0,41,4,0,0,0,105,0,3,0,30,939,0,0,39,45,56,14,0,0,0,0,305,0,29,1,4,0,0,0,26,1570,56,0,3,5,0
"sim_meta_oms-59",191,8068,0,0,33,0,0,0,0,16,24,206,0,31,235,3359,2649,76,0,0,0,0,0,0,0,176,52,1685,0,239,2160,431,440,1629,0,696,120,325,0,0,0,0,0,0,2,0,0,0,0,1,0,72,0,0,0,46,749,13,0,17,40,0,41,0,0,0,37,223,0,0,2,0,0,0,0,0,1575,5,0,10,78,0
"sim_meta_oms-6",209,10023,1,2,23,0,0,0,0,27,35,1064,0,264,224,3140,2919,176,25,0,36,4,11,0,0,219,62,1462,2,598,2224,359,1087,1577,5,743,300,513,0,0,1,0,0,0,78,0,8,0,0,1,0,93,0,0,0,38,799,0,0,69,77,0,6,0,0,0,0,241,0,0,1,1,0,0,0,0,1469,3,0,0,121,0
"sim_meta_oms-60",217,12640,0,4,45,0,1,0,0,44,60,1025,0,228,218,2699,2616,36,26,0,26,1,8,0,8,163,113,1352,7,854,3061,394,575,1563,14,940,665,605,0,0,0,0,0,0,39,0,0,2,24,0,0,113,0,0,0,46,876,0,2,62,85,33,14,0,0,0,11,238,0,7,8,3,0,0,3,77,1510,70,0,5,23,12
"sim_meta_oms-61",190,9672,5,0,18,0,0,0,0,10,10,514,2,128,187,2908,2525,126,67,0,129,18,8,2,0,86,105,1250,4,1073,2446,353,628,1359,9,714,350,454,0,0,3,0,1,0,50,20,38,5,0,1,1,259,0,98,0,36,760,1,0,107,100,0,14,0,0,0,0,191,0,0,3,0,0,0,0,0,1235,5,0,1,56,0
"sim_meta_oms-62",308,11784,1,13,6,0,0,0,4,28,29,1110,0,127,228,3450,3226,42,18,0,74,7,12,0,0,140,67,1490,2,603,2721,323,389,1667,3,929,690,533,0,0,0,0,0,0,20,2,17,0,20,0,1,113,0,0,0,35,767,5,0,39,95,4,8,1,0,0,12,242,0,7,2,0,0,0,0,18,1331,37,0,1,47,6
"sim_meta_oms-63",122,10106,7,7,13,0,0,0,0,31,47,501,1,155,213,3022,2682,47,3,0,89,17,15,0,0,112,106,1341,3,594,2600,339,766,1607,0,846,526,455,0,0,0,0,0,2,13,7,30,0,0,1,0,144,0,28,0,19,812,0,0,38,74,0,20,0,0,0,9,186,0,21,0,1,0,0,0,30,1368,49,0,0,35,0
"sim_meta_oms-64",120,8559,0,0,77,0,0,0,0,23,24,512,0,180,216,2965,2332,66,0,0,0,0,0,0,0,72,0,1366,0,502,2813,362,705,1877,0,664,90,389,0,0,0,0,0,0,22,0,0,0,0,0,0,86,0,0,0,46,932,0,0,37,34,0,7,0,0,0,0,139,0,0,5,0,0,0,0,0,1439,27,0,13,5,0
"sim_meta_oms-65",205,11619,0,4,21,0,0,0,0,31,48,972,0,145,188,2754,2151,71,27,0,151,29,0,0,0,256,152,1424,0,476,3147,362,616,2252,22,832,604,521,0,0,2,0,0,1,30,0,42,1,0,2,0,126,7,0,0,53,853,0,0,37,24,43,26,0,0,0,9,278,0,7,2,3,0,0,0,28,1384,36,0,2,43,0
"sim_meta_oms-66",159,8841,67,0,18,0,0,0,0,35,39,752,0,160,203,3165,2784,95,46,0,13,6,19,0,0,161,58,1348,0,526,2752,347,906,1562,17,688,814,572,0,0,0,0,0,0,87,0,0,0,19,0,0,93,4,7,0,24,862,0,0,53,89,0,16,0,0,0,1,233,0,0,0,0,0,0,3,0,1666,3,13,0,30,0
"sim_meta_oms-67",193,9640,2,5,17,0,0,0,0,27,54,1098,0,115,239,3679,3226,77,31,0,116,20,1,0,0,354,149,1493,1,771,2628,313,445,1694,38,1028,808,600,0,0,2,0,0,0,70,3,0,4,26,1,0,108,0,58,0,30,882,0,0,59,129,45,11,0,0,0,10,266,0,15,4,2,0,0,0,14,1433,18,0,1,13,0
"sim_meta_oms-68",450,12568,2,0,18,0,0,0,0,31,54,1826,0,208,195,2540,2239,81,59,0,50,18,42,0,0,146,82,1530,0,502,3067,312,827,1639,70,922,631,720,0,0,0,0,0,0,34,1,0,0,19,0,1,151,13,1,0,41,906,0,0,82,115,2,16,0,1,0,2,143,0,0,1,1,0,0,4,0,1225,1,0,3,5,0
"sim_meta_oms-69",278,13176,12,14,32,0,0,0,0,47,52,1641,0,175,217,2886,2678,92,60,0,336,67,44,0,23,165,344,1771,4,1106,3188,363,668,1879,61,1359,1689,798,20,2,1,0,0,0,33,0,7,2,12,3,1,226,7,0,7,18,845,0,0,17,16,105,25,0,0,0,16,192,0,36,0,1,0,0,0,45,1628,56,0,5,65,26
"sim_meta_oms-7",218,9080,2,0,36,0,0,0,0,14,24,405,0,205,217,2432,2666,145,36,0,36,3,10,1,0,156,59,1198,4,797,2836,331,898,1632,10,738,300,438,0,0,0,0,0,0,58,11,5,0,7,1,0,85,0,45,0,15,806,1,1,85,90,0,12,0,0,0,12,154,0,0,2,2,0,0,0,0,1302,7,0,1,26,0
"sim_meta_oms-70",113,12555,0,11,18,0,0,0,0,55,73,1030,0,105,210,2716,2649,55,48,0,315,61,0,0,0,170,272,1624,5,895,3042,380,585,1474,51,1195,1195,660,0,0,0,0,0,0,46,0,39,4,16,1,0,153,1,0,0,48,829,0,0,31,59,94,1,0,0,0,0,168,0,26,1,4,0,0,0,50,1475,50,0,10,0,0
"sim_meta_oms-71",178,10898,11,7,46,0,1,0,0,17,30,586,0,128,208,2920,2555,101,1,0,105,20,18,0,0,328,93,1336,0,612,2669,328,1367,1618,0,978,545,454,27,6,0,0,0,0,33,0,27,0,0,0,0,136,1,0,0,18,910,0,0,29,94,0,18,0,0,0,0,168,0,18,1,0,0,0,0,39,1509,45,0,0,0,0
"sim_meta_oms-72",348,11310,0,1,29,0,0,0,0,9,4,1891,0,213,198,3049,2625,74,0,0,0,0,35,0,0,88,51,1593,2,583,2732,318,468,1568,0,802,446,667,3,2,3,0,0,0,6,0,0,0,0,1,2,153,0,65,1,55,809,4,0,46,82,0,6,0,0,0,6,170,0,0,0,0,0,0,0,0,1552,3,0,0,40,0
"sim_meta_oms-73",162,9044,3,0,69,0,0,0,0,23,44,358,2,287,189,2456,2579,74,6,0,0,0,15,0,0,109,55,1267,0,663,2693,314,1509,1319,14,576,173,351,0,0,0,0,0,0,64,12,0,0,0,0,1,102,0,38,0,14,900,3,0,69,50,0,5,0,0,0,8,190,0,0,0,3,0,0,0,0,1438,1,1,0,10,0
"sim_meta_oms-74",178,10020,9,4,9,0,0,0,0,52,50,671,0,202,203,2710,2615,90,43,0,145,32,0,1,8,154,191,1564,3,779,2360,308,693,1412,20,881,786,528,0,0,0,0,0,0,39,0,19,1,6,0,0,184,0,0,0,31,936,0,0,95,120,24,13,0,0,0,10,231,0,14,1,2,0,0,0,16,1550,25,0,7,43,3
"sim_meta_oms-75",152,12789,1,15,11,0,0,0,0,23,43,1594,1,128,214,3234,2938,70,101,0,485,88,10,0,16,234,428,1822,6,1259,2931,377,616,1519,80,1603,2047,962,0,0,0,0,0,0,53,5,24,1,24,0,0,326,8,19,0,16,1059,3,0,96,154,155,9,0,1,0,24,167,0,63,2,0,0,0,0,61,1791,73,0,0,42,31
"sim_meta_oms-76",257,12497,57,19,25,0,0,0,0,23,37,1734,0,224,191,2799,2975,129,88,0,298,64,4,0,0,270,173,1574,1,958,2879,335,929,1595,23,1086,1201,793,0,0,0,0,0,5,27,0,77,7,0,0,0,169,0,26,0,19,938,3,0,77,108,72,8,0,0,0,25,237,0,29,1,0,0,0,0,58,1249,44,10,0,46,0
"sim_meta_oms-77",657,13860,2,0,31,1,0,0,0,31,51,2630,0,200,210,2860,2193,66,118,0,98,27,84,0,0,52,88,1275,1,290,2791,306,894,1402,162,1081,946,899,0,0,0,0,0,0,6,0,1,0,71,2,0,118,0,0,0,22,777,0,0,29,38,0,8,0,0,0,0,106,0,0,0,0,0,0,0,0,1030,0,1,10,2,0
"sim_meta_oms-78",134,10468,0,0,27,0,0,0,0,25,21,693,0,241,192,2456,2110,98,22,0,36,3,33,0,0,174,40,1414,1,856,2743,341,1137,1579,1,1190,951,627,0,0,0,0,0,0,37,0,10,0,33,0,1,216,0,0,2,23,1009,0,0,113,153,7,9,0,0,0,2,162,5,2,1,0,0,0,0,7,1405,9,0,0,4,2
"sim_meta_oms-79",292,13790,21,9,32,0,1,0,0,46,53,1203,0,156,195,2762,2562,113,135,0,261,49,31,2,0,256,167,1455,3,1360,2988,348,628,1706,11,1339,1561,720,0,0,1,0,1,0,38,0,69,6,42,0,1,170,0,0,0,22,844,0,0,35,59,31,29,0,0,0,0,267,5,10,0,0,0,0,0,25,1327,23,0,10,28,0
"sim_meta_oms-8",300,9995,2,0,35,0,0,0,0,43,51,1306,0,288,187,2745,2476,61,59,0,38,9,9,0,0,133,82,1492,0,506,2881,287,1317,1816,59,875,577,554,0,0,1,0,0,0,17,0,0,0,25,0,0,120,0,0,0,22,893,7,0,60,71,0,4,0,0,0,4,182,0,0,0,1,0,0,0,0,1515,4,0,3,40,0
"sim_meta_oms-80",176,10034,0,0,48,0,0,0,0,13,22,647,1,207,188,3306,2495,77,10,0,0,0,8,0,0,135,29,1378,0,506,2898,289,832,1619,10,647,246,437,0,0,0,0,0,0,10,1,16,0,30,0,0,99,0,0,0,57,671,0,0,56,103,0,10,0,0,0,3,124,0,0,0,0,0,0,0,0,1269,9,0,6,14,0
"sim_meta_oms-81",204,9129,0,0,2,0,0,0,0,18,27,222,0,219,206,2909,2662,139,4,9,75,10,33,0,0,72,86,1444,1,355,2299,360,942,1564,0,657,146,393,0,0,0,0,0,0,0,0,21,0,6,0,0,136,0,0,0,18,768,0,0,118,176,0,23,0,0,0,4,159,0,9,1,3,0,0,0,21,1601,36,0,3,10,0
"sim_meta_oms-82",141,8619,3,0,23,0,0,0,0,26,27,205,4,90,208,4246,3646,56,20,0,17,5,56,0,0,83,49,1299,0,577,2880,245,900,1738,8,556,240,368,0,0,0,0,5,0,9,16,0,0,27,0,0,71,0,69,0,11,875,0,0,19,93,0,3,0,0,0,43,194,0,0,1,0,0,0,0,0,1551,14,0,0,24,0
"sim_meta_oms-83",177,11135,78,0,28,0,0,0,0,53,63,1402,0,167,201,3265,3126,110,114,0,13,5,4,0,0,75,0,1536,3,359,1992,243,745,1471,0,827,1078,736,0,0,0,0,0,0,10,2,0,0,0,4,1,250,0,0,0,25,1191,0,0,104,184,0,15,0,0,0,49,132,0,0,2,0,0,0,0,0,1752,1,22,0,16,0
"sim_meta_oms-84",90,9719,35,1,30,0,1,0,0,20,24,576,0,173,211,3066,2822,49,39,1,38,3,6,0,0,180,55,1475,4,586,2450,375,872,1418,0,657,332,398,0,0,0,0,0,3,45,8,12,0,3,0,0,115,0,18,0,26,783,0,0,33,69,0,16,0,0,0,11,199,0,0,1,0,0,0,0,0,1414,3,9,6,19,0
"sim_meta_oms-85",277,13735,134,14,11,0,0,0,12,56,46,2342,0,203,206,3311,2868,111,96,0,308,63,40,0,0,169,171,1682,5,1004,3193,365,1154,1697,10,1413,1996,1046,0,0,0,0,0,0,28,0,43,1,5,1,1,149,0,75,0,20,794,0,0,89,130,37,7,4,0,0,16,203,0,47,0,3,0,0,0,85,1678,61,23,1,0,6
"sim_meta_oms-86",172,10437,0,1,22,0,0,0,0,19,42,1097,0,214,183,3008,2856,139,67,0,110,15,13,1,6,148,156,1572,3,834,2478,323,987,1686,18,944,694,627,23,6,2,3,0,1,22,2,14,1,5,0,0,194,0,28,0,17,993,0,0,85,143,49,3,0,6,0,16,141,0,14,1,2,0,0,0,13,1555,7,0,0,21,6
"sim_meta_oms-87",263,12131,0,3,21,0,0,0,4,57,81,1002,0,144,203,2515,2189,119,45,0,199,39,76,0,0,71,123,1354,1,483,2724,392,551,2123,0,820,355,523,0,0,0,0,0,0,5,0,41,0,0,1,1,252,0,0,0,39,926,0,0,59,69,0,36,3,0,0,28,228,0,35,0,0,0,0,2,76,1395,64,0,0,19,6
"sim_meta_oms-88",222,10976,1,3,38,0,3,0,0,33,31,508,0,150,216,3054,2732,97,24,0,33,2,110,2,0,31,33,1295,4,577,3140,339,908,1815,3,652,220,414,0,0,0,0,0,0,10,1,17,1,0,0,1,105,0,22,0,49,693,0,0,42,60,0,18,0,0,0,0,191,0,0,0,0,0,0,4,0,1410,3,0,9,26,0
"sim_meta_oms-89",423,16970,1,4,26,0,0,0,7,16,12,1479,0,167,181,2446,2476,169,177,0,345,49,27,5,0,178,185,1426,12,1858,3532,309,512,1956,0,946,665,723,0,0,0,0,0,1,15,0,109,9,0,0,0,140,0,0,0,42,807,0,0,134,135,0,5,3,0,0,11,352,0,9,4,0,0,0,0,24,1343,27,0,0,127,11
"sim_meta_oms-9",174,12037,1,0,20,0,0,0,0,29,35,631,0,227,205,2486,2495,97,1,0,0,0,27,0,0,119,74,1622,4,706,3245,338,879,1840,0,756,255,525,0,0,0,0,0,0,2,0,0,0,0,1,1,85,14,0,0,48,894,0,0,161,165,0,8,0,0,0,0,148,0,0,3,0,0,0,0,0,1598,1,0,0,15,0
"sim_meta_oms-90",299,11205,0,1,44,0,0,0,0,18,33,631,0,145,186,2692,2234,73,8,0,10,0,9,0,0,145,122,1201,4,556,3223,284,763,1969,0,635,285,367,0,0,0,0,0,0,12,2,3,0,8,1,0,55,7,0,0,29,718,1,0,17,18,0,2,0,0,0,11,240,0,4,7,3,0,0,0,18,1409,27,0,0,28,0
"sim_meta_oms-91",70,11589,0,2,19,0,0,0,0,4,8,582,0,121,227,2998,2584,37,19,0,31,7,18,0,0,188,99,1638,0,720,2544,394,448,1450,3,1160,796,499,0,0,0,0,0,0,44,0,12,0,54,0,1,91,0,0,0,28,933,0,0,25,42,0,14,0,0,0,87,236,7,0,1,2,0,0,0,0,1526,8,0,2,124,0
"sim_meta_oms-92",413,13717,8,13,42,0,1,0,0,12,29,1559,0,270,212,3205,2597,170,12,0,281,52,0,0,0,148,145,1493,1,944,3479,336,1105,1804,0,1375,1199,736,0,0,0,0,0,0,2,0,57,0,18,1,0,178,0,51,6,48,692,0,0,36,105,0,2,0,0,0,12,134,0,49,1,0,0,0,0,104,1429,104,0,0,10,0
"sim_meta_oms-93",210,12763,11,11,17,0,0,0,0,35,59,1440,1,228,228,3181,2821,94,24,4,398,57,3,0,0,171,215,1481,4,957,3099,361,947,1662,19,1371,1287,727,0,0,0,2,0,0,33,3,82,0,5,1,2,245,0,39,2,20,844,0,0,60,77,53,8,0,2,0,11,145,0,56,7,2,0,0,0,102,1315,132,0,0,36,0
"sim_meta_oms-94",237,12773,84,5,28,0,0,0,2,20,44,1800,0,258,207,2660,2462,142,87,0,187,32,0,0,0,211,137,1375,2,1076,3268,341,970,1741,27,925,1064,679,0,0,0,0,0,0,88,0,21,2,4,0,1,112,0,43,0,30,894,0,0,71,105,22,11,2,0,0,0,177,0,15,1,0,0,0,0,17,1429,28,12,0,69,7
"sim_meta_oms-95",222,11981,3,7,65,0,0,0,0,15,34,1843,0,280,188,2581,2232,98,27,4,88,13,47,0,0,138,53,1389,1,373,2270,290,1238,1229,24,885,624,714,0,0,0,0,0,0,151,0,40,0,0,0,0,283,0,2,0,21,1080,0,0,104,122,0,2,0,0,0,25,109,0,21,0,0,0,0,0,25,1263,44,0,0,0,0
"sim_meta_oms-96",140,9917,0,2,26,0,1,0,0,25,39,464,0,194,217,2728,2387,110,16,0,5,0,10,0,3,251,68,1424,0,574,2972,349,830,1540,15,615,137,316,0,0,0,0,0,0,18,0,0,0,1,0,1,102,25,0,0,36,829,0,0,42,40,11,12,0,0,0,6,210,0,1,1,0,0,0,0,11,1370,6,0,0,16,3
"sim_meta_oms-97",221,19325,0,45,15,0,0,0,0,57,107,3159,0,170,242,3150,2424,103,271,0,1318,248,0,0,0,367,1185,1764,16,2671,4022,405,743,1722,285,3401,4366,1660,0,0,0,0,0,0,348,0,40,16,52,0,1,336,0,0,0,6,960,0,0,65,129,401,3,0,0,0,0,281,0,139,2,0,2,0,0,169,1410,219,0,0,0,0
"sim_meta_oms-98",222,8276,1,6,18,0,0,0,0,59,86,519,0,102,229,3174,3124,79,12,4,27,7,0,0,1,207,53,1502,1,611,2566,269,486,1796,2,683,244,426,0,0,0,0,0,0,19,0,0,2,0,1,3,43,2,0,0,22,1037,0,0,29,55,19,10,0,0,0,2,204,0,13,4,0,0,0,0,23,1529,47,0,2,47,6
"sim_meta_oms-99",284,13722,12,5,51,0,0,0,0,39,48,1741,0,198,208,3078,3016,115,45,0,190,36,14,0,0,67,153,1595,7,1033,3343,318,827,1621,39,1229,1327,813,0,0,0,0,0,0,59,0,20,2,13,0,0,186,35,41,0,15,829,0,2,84,104,49,12,0,0,0,0,182,0,22,3,1,0,0,0,41,1459,45,0,1,51,0
