"","A.OX","AMP.binding","ATd","AfsA","Autoind_synth","Bacteriocin_II","Bacteriocin_IIc","Bacteriocin_IId","CaiA","Chal_sti_synt_C","Chal_sti_synt_N","Condensation","DOIS","DUF1205","DUF692","Glyco_transf_28","Glycos_transf_1","Glycos_transf_2","IucA_IucC","LANC_like","Lactococcin","Lant_dehyd_C","Lant_dehyd_N","Linocin_M18","LipV","LmbU","Lycopene_cycl","MGT","NAD_binding_4","NapT7","PF00067","PF00106","PF02441","PF04820","PF13561","PF13575","PKS_AT","PKS_KS","PP.binding","TIGR03651","TIGR03678","TIGR03731","TIGR03793","TIGR03795","TIGR03798","TIGR03882","TIGR03975","TIGR04363","Terpene_synth_C","ToyB","TunD","YcaO","botH","bt1fas","cyanobactin_synth","cycdipepsynth","cypI","ectoine_synt","fabH","fom1","goadsporin_like","hglD","hglE","indsynth","lasso","melC","micJ25","mvd_mst","mvnA","novH","phosphonates","phytoene_synt","phzB","prnB","salQ","spcDK_like_cou","spcDK_like_glyc","strK_like1","strK_like2","strepbact","t2clf","t2fas","t2ks","t2ks2","tabtoxin","terpene_cyclase","thiostrepton"
"sim_meta_tgs-1",534,15557,0,5,13,1,0,0,0,33,38,2411,0,0,113,258,2222,2746,75,12,5,5,1,27,0,0,113,110,1413,5,1001,3945,285,667,2119,2,592,110,663,0,0,0,3,0,2,14,0,0,6,0,1,219,0,83,0,0,0,10,904,0,0,8,38,15,0,0,23,0,5,0,8,247,0,0,11,6,0,0,0,0,0,1200,13,0,0,20,0
"sim_meta_tgs-10",180,11497,0,0,34,0,0,0,0,13,30,991,0,1,123,193,2197,2137,2,9,0,5,2,28,0,0,12,122,1422,3,317,3238,274,434,1898,0,546,220,404,2,0,0,0,0,8,0,2,0,2,1,0,149,0,0,0,0,0,18,726,7,0,12,23,0,0,0,14,0,0,0,11,155,0,0,0,6,3,0,0,0,0,1324,7,0,0,10,0
"sim_meta_tgs-100",284,14288,0,6,25,0,0,0,0,24,31,1550,0,0,74,191,2833,2643,79,1,0,3,0,39,0,0,76,95,1307,0,501,3320,282,358,2110,5,589,210,528,0,0,0,0,0,9,1,5,0,17,0,1,68,0,36,0,0,0,9,656,0,0,0,27,0,0,0,35,0,0,0,26,320,0,0,0,6,2,0,0,0,0,1254,7,0,0,79,0
"sim_meta_tgs-101",382,16257,175,0,59,0,0,0,0,37,30,1539,0,0,160,179,2229,2312,186,61,0,12,13,22,1,9,16,190,1356,6,1455,3709,292,359,2119,14,1346,2202,844,0,0,0,0,7,0,7,12,0,37,0,0,224,3,7,33,3,1,18,732,18,0,40,85,3,0,0,3,1,0,0,46,268,11,0,0,1,1,1,0,0,29,1200,40,28,4,99,0
"sim_meta_tgs-102",317,14689,36,9,33,0,0,0,0,23,27,2176,0,0,120,193,1926,1995,58,23,0,2,0,55,0,2,55,203,1374,11,1231,3836,357,341,1953,6,1360,1412,804,0,0,0,0,0,0,0,0,0,55,0,13,197,0,28,11,6,0,49,880,14,12,15,61,29,0,0,32,0,0,0,3,229,0,0,0,0,2,0,0,0,32,1457,62,7,1,36,0
"sim_meta_tgs-103",304,14365,40,0,39,0,0,0,0,19,18,1491,0,0,197,193,2129,2106,77,27,0,16,4,31,0,0,56,114,1242,0,1155,3565,306,729,2111,23,1142,1528,766,2,0,0,0,0,1,17,1,0,54,0,0,199,0,3,0,0,0,22,749,0,0,49,60,1,0,0,15,13,0,0,26,201,15,0,0,1,0,0,0,0,0,1203,3,0,2,99,0
"sim_meta_tgs-104",311,13710,1,2,64,0,0,0,0,26,22,1124,0,0,125,190,1850,2077,98,28,0,0,0,23,0,0,17,163,1404,0,383,3454,286,405,2206,16,578,274,462,9,0,0,0,6,0,0,0,0,6,0,0,140,0,0,0,0,0,9,704,3,0,35,50,0,0,0,21,0,0,0,58,235,0,16,0,3,2,0,0,0,0,1461,6,0,0,36,0
"sim_meta_tgs-105",360,14318,2,7,1,0,1,0,0,20,15,1055,1,1,106,170,2368,2560,20,21,0,0,0,17,0,0,42,81,1375,13,1156,3213,199,460,1481,0,530,285,451,1,0,0,0,0,0,10,0,0,6,0,0,32,0,26,45,0,0,17,717,22,0,49,86,42,0,0,8,0,0,0,7,162,0,0,9,0,0,0,0,0,0,1011,4,0,0,68,0
"sim_meta_tgs-106",371,12885,0,0,40,0,0,0,0,36,25,1178,0,0,124,194,2316,2363,79,27,0,0,0,59,0,2,10,165,1387,5,1707,3520,313,661,1965,2,607,383,489,0,0,0,0,0,3,0,21,0,89,0,1,185,0,0,0,0,0,18,798,0,0,8,26,0,0,0,28,0,0,0,9,121,6,0,0,0,2,0,0,0,45,1323,36,0,2,14,0
"sim_meta_tgs-107",101,10238,2,2,30,0,0,0,0,21,20,644,0,0,111,219,2525,2845,87,56,4,50,8,22,0,0,33,114,1442,0,417,2549,394,365,1692,3,769,325,421,3,0,2,0,0,3,5,0,0,5,0,0,167,0,2,0,0,0,8,766,2,0,15,58,0,0,0,16,0,2,0,13,196,0,11,0,3,0,0,0,0,0,1623,6,0,0,45,0
"sim_meta_tgs-108",308,11750,0,1,80,0,0,0,0,42,53,1363,0,0,99,195,2026,2264,95,15,0,6,0,25,0,0,31,114,1333,1,338,3354,323,707,2231,1,654,336,522,8,0,0,4,0,5,0,0,0,3,0,0,185,0,2,0,0,1,14,670,0,0,24,29,0,0,0,66,0,0,0,22,284,0,12,0,4,1,0,0,0,0,1438,0,0,0,54,0
"sim_meta_tgs-109",377,12442,2,0,12,0,0,0,0,77,58,630,0,0,132,188,2142,2234,77,24,0,0,0,14,0,3,4,119,1171,3,1341,3633,305,316,2049,0,569,286,427,17,0,0,0,0,1,4,15,0,41,0,0,197,0,0,16,0,0,18,626,0,0,0,10,0,0,0,25,0,0,0,9,217,4,0,0,5,4,0,0,0,28,1646,26,0,6,18,0
"sim_meta_tgs-11",336,11510,110,0,70,0,0,0,0,23,21,596,0,0,137,203,2322,2556,231,2,0,5,0,18,0,0,0,122,1406,1,364,3007,323,560,1840,0,646,616,492,0,0,0,0,0,3,0,3,0,0,0,0,163,0,24,22,0,0,9,700,0,0,39,66,0,0,0,33,0,0,0,5,216,0,0,0,2,3,0,0,0,0,1469,5,23,0,89,0
"sim_meta_tgs-110",273,11310,1,0,18,0,1,0,0,37,23,536,0,1,77,181,2162,2391,71,42,0,43,5,22,1,1,23,117,1207,4,599,2851,285,433,1658,16,816,616,437,2,0,0,0,0,4,2,43,0,21,0,0,203,0,30,19,2,0,19,706,8,1,59,131,0,0,0,25,0,0,0,11,156,0,10,9,4,5,1,0,0,15,1279,34,0,1,81,0
"sim_meta_tgs-111",380,17391,144,0,24,0,0,0,0,50,53,1550,0,0,168,197,2331,1730,65,61,0,32,11,35,1,12,16,207,1244,12,1628,3693,287,290,1870,9,1376,2437,866,4,0,0,2,0,0,17,11,0,93,0,0,245,0,0,0,7,0,31,637,17,1,52,85,4,0,0,18,7,0,0,65,196,13,9,0,1,2,0,0,0,40,1007,53,17,4,19,0
"sim_meta_tgs-112",481,17656,3,5,23,0,0,0,0,37,36,2003,0,0,86,191,2431,2317,134,42,1,23,1,25,0,0,48,166,1266,6,1159,4092,262,273,2195,7,899,810,621,0,3,0,0,7,11,6,0,0,20,4,13,141,4,30,16,0,0,19,635,0,8,36,54,21,0,0,25,3,0,0,3,296,0,0,0,0,0,0,0,0,24,1159,26,0,1,103,0
"sim_meta_tgs-113",175,10854,0,0,25,0,1,0,0,24,35,1040,0,0,238,224,2326,2693,17,14,0,4,0,67,0,2,28,121,1237,5,580,2884,315,478,1819,18,813,571,500,4,0,0,0,0,0,0,0,0,20,0,6,96,0,23,0,3,0,24,856,0,0,4,38,16,0,0,15,0,0,0,14,287,0,0,0,5,2,0,0,0,19,1452,38,0,0,80,0
"sim_meta_tgs-114",278,12936,3,4,27,0,0,0,0,42,32,375,0,0,126,193,1959,1939,109,19,1,13,3,12,0,1,41,164,1236,0,528,3372,306,531,2119,5,562,105,297,9,0,0,0,0,0,0,0,0,21,3,0,185,0,7,0,2,0,9,775,0,0,9,33,0,0,0,32,0,0,0,27,268,0,0,0,3,3,0,0,0,4,1198,11,0,0,50,0
"sim_meta_tgs-115",272,13998,6,0,29,0,1,0,0,29,26,1489,0,0,154,196,2335,2380,72,48,0,23,5,16,2,7,22,233,1393,4,1192,3535,333,641,1847,9,928,1075,574,1,1,0,0,0,9,0,9,0,34,0,0,208,0,3,11,8,0,45,841,6,5,6,33,8,0,0,16,0,0,0,11,201,5,0,0,5,7,0,0,0,33,1455,56,0,2,19,0
"sim_meta_tgs-116",245,13532,124,0,54,0,1,0,0,41,53,1456,0,0,145,203,2119,2169,92,46,0,11,8,23,0,5,26,136,1272,1,849,3173,295,440,1991,23,854,1349,634,5,0,0,1,13,2,10,2,0,55,0,3,239,0,5,0,3,0,6,798,1,0,38,39,6,0,0,18,5,0,0,25,198,4,15,0,2,0,1,0,0,18,1390,18,16,4,35,0
"sim_meta_tgs-117",202,9850,1,1,49,0,0,0,0,28,34,759,0,0,91,231,2533,2773,92,18,1,0,0,14,0,0,51,92,1446,1,405,2859,313,407,1878,28,652,246,396,2,0,0,4,0,6,0,0,0,8,0,1,157,0,8,2,0,0,15,890,0,0,20,57,0,0,0,31,0,0,0,16,207,0,6,0,0,1,0,0,0,12,1412,6,0,0,61,0
"sim_meta_tgs-118",221,8943,3,0,40,0,0,0,0,10,17,1496,0,1,94,204,2338,2355,56,32,0,0,0,28,0,0,7,104,1131,0,596,2537,286,485,1529,18,586,308,546,3,0,0,0,21,24,8,0,0,7,0,0,253,0,0,31,0,0,13,629,0,0,35,52,47,0,0,8,4,0,0,24,203,0,0,0,3,0,0,0,0,26,1285,10,0,0,22,0
"sim_meta_tgs-119",128,18599,68,0,20,0,0,0,0,23,35,2042,0,0,202,177,2128,1923,38,26,0,14,6,26,0,0,27,124,1481,0,1315,3739,221,338,1850,0,1493,2200,866,3,0,0,0,0,0,16,1,0,69,0,1,228,0,0,0,0,0,0,739,0,0,32,89,1,0,0,7,8,0,0,45,215,15,0,0,2,0,0,0,0,24,1187,5,0,1,32,0
"sim_meta_tgs-12",98,9876,0,0,63,0,0,0,0,10,16,536,0,0,119,208,1942,2182,55,15,0,0,0,11,0,0,9,76,1281,0,342,2474,403,796,1809,0,608,180,396,9,0,0,0,0,0,0,0,0,0,1,0,160,0,0,0,0,0,7,701,0,0,11,19,0,0,0,24,0,0,0,17,207,0,0,0,2,2,0,0,0,0,1647,3,0,0,68,0
"sim_meta_tgs-120",209,12157,0,0,43,0,0,0,0,26,26,736,0,0,138,187,1600,1770,155,13,0,6,3,22,0,0,85,55,1212,0,407,3532,311,622,1949,2,529,181,376,5,0,1,0,0,1,0,0,0,0,0,0,76,0,0,0,0,0,4,644,0,0,1,16,0,0,0,40,0,0,0,16,294,0,0,0,3,0,0,0,0,0,1320,1,0,0,41,0
"sim_meta_tgs-121",203,13512,1,0,36,0,2,4,0,17,15,809,0,0,39,238,2168,2361,65,31,0,28,8,50,0,0,7,121,1278,2,563,3042,349,232,2023,10,540,140,388,2,0,0,0,13,1,8,0,0,0,0,3,104,0,1,0,0,0,13,772,0,0,2,1,0,0,0,28,0,0,0,16,251,0,0,0,0,1,0,0,0,0,1359,3,0,0,56,0
"sim_meta_tgs-122",314,13886,4,1,12,0,0,0,0,33,55,1239,0,0,87,186,2097,2297,78,36,0,22,6,42,0,7,38,128,1342,7,748,3663,324,344,2161,13,869,843,563,7,0,0,0,2,0,1,4,0,21,1,0,177,2,1,0,0,1,23,743,0,1,2,9,0,0,0,33,0,0,0,16,252,8,0,0,6,0,0,0,0,17,1279,35,0,1,36,0
"sim_meta_tgs-123",222,12457,0,2,49,0,0,0,0,23,22,864,0,0,46,203,2243,2423,84,34,0,55,5,32,0,0,25,95,1302,5,443,3303,346,288,2067,13,764,503,453,3,0,0,0,1,3,0,32,0,8,0,0,126,0,0,0,0,0,7,730,10,0,6,25,0,0,0,25,0,0,0,48,279,0,0,8,0,7,0,0,0,19,1331,0,0,0,53,0
"sim_meta_tgs-124",473,18125,0,7,46,0,0,0,0,24,26,2925,0,0,117,176,2194,1934,88,78,1,34,5,18,1,10,72,305,1332,8,1892,4823,246,483,2324,55,1523,1781,956,4,0,0,0,4,0,1,18,0,107,0,9,158,0,79,0,10,0,63,669,0,20,23,105,0,0,0,26,0,0,0,15,151,9,16,0,1,0,0,0,0,52,1494,99,0,5,30,0
"sim_meta_tgs-125",285,12185,0,1,43,0,4,0,0,20,17,982,0,0,122,195,2625,2570,56,15,0,0,2,28,0,0,61,138,1323,2,497,3200,293,350,1879,0,503,100,413,0,0,0,0,0,1,2,0,0,14,2,1,128,0,6,6,0,0,16,692,1,0,4,45,16,0,0,8,0,0,0,10,290,0,0,2,0,0,0,0,0,2,1242,6,0,0,24,0
"sim_meta_tgs-126",361,14970,2,7,38,0,0,0,0,15,33,1662,3,0,115,182,2136,2229,116,53,0,6,3,35,1,3,34,139,1320,4,1215,3587,350,375,2150,33,902,726,641,0,0,0,0,0,0,1,9,1,30,1,1,102,0,22,0,6,0,46,823,14,1,9,47,27,0,0,23,0,0,1,44,271,2,0,19,1,0,0,0,0,16,1319,32,0,4,75,0
"sim_meta_tgs-127",324,13923,6,0,34,0,0,0,0,39,30,889,0,0,174,176,1918,2028,66,33,0,29,3,56,1,2,19,90,1232,18,978,3419,253,404,1865,9,842,941,519,0,0,0,0,0,6,0,0,0,42,0,1,116,0,0,0,3,0,16,645,38,0,22,57,77,0,0,16,0,0,0,32,178,0,0,0,3,1,0,0,0,32,1206,46,0,0,43,0
"sim_meta_tgs-128",350,12828,2,1,33,0,0,0,0,24,41,1176,0,0,98,197,2170,2342,51,63,0,42,6,37,0,8,37,205,1407,5,937,3274,269,329,1896,7,1153,1291,646,5,0,0,0,0,0,0,12,0,58,0,0,167,4,9,0,7,0,37,887,0,0,25,43,0,0,0,27,0,0,0,17,220,11,8,0,3,2,0,0,0,16,1161,27,0,1,46,0
"sim_meta_tgs-129",124,10090,1,0,31,0,0,0,0,8,16,891,0,0,79,234,2975,3038,100,11,0,2,0,79,0,0,41,51,1546,2,507,2406,379,1108,1444,14,761,220,494,0,0,0,0,0,15,3,1,0,7,0,3,105,0,0,0,0,0,2,886,18,0,16,65,0,1,0,27,0,0,0,8,216,0,0,0,9,4,0,0,0,0,1479,2,0,0,69,0
"sim_meta_tgs-13",322,12233,89,0,65,0,0,0,0,39,33,1042,0,0,114,234,2091,2429,179,2,0,5,0,29,0,0,19,163,1507,3,460,3213,314,411,1995,8,749,645,550,3,0,0,0,0,5,0,1,0,8,0,1,173,0,0,19,0,0,11,846,0,0,54,77,0,0,0,44,0,0,0,12,236,0,23,0,3,0,0,0,0,19,1617,2,12,0,50,0
"sim_meta_tgs-130",265,13822,1,1,20,0,2,0,0,26,18,1100,0,0,106,234,1708,1840,49,33,0,9,2,28,1,1,25,131,1145,9,632,3561,267,459,2082,8,649,345,506,1,0,1,0,6,2,2,3,0,7,0,0,120,0,21,0,0,0,12,726,1,2,10,28,10,0,0,15,0,1,0,32,239,2,0,1,0,1,0,0,0,6,1175,9,0,3,30,0
"sim_meta_tgs-131",254,14840,0,0,20,0,0,0,0,32,8,955,0,0,111,178,2183,2375,27,84,7,63,9,11,0,8,23,160,1265,16,861,3634,306,361,1818,12,1068,1049,573,5,0,2,0,12,0,1,0,0,42,0,4,193,0,0,0,5,0,0,668,0,0,0,81,43,0,0,10,0,0,0,20,265,0,0,0,2,1,0,0,0,32,1320,80,0,1,58,0
"sim_meta_tgs-132",338,12245,137,0,44,0,0,0,0,26,43,915,0,0,71,192,2144,2493,134,7,0,9,2,16,0,0,7,117,1430,3,513,3467,278,253,1854,0,737,1026,625,9,0,0,0,5,2,8,0,0,22,1,0,256,0,4,6,0,0,28,694,6,0,36,66,0,0,0,43,2,0,0,12,221,3,0,0,2,6,0,0,0,0,1345,4,20,0,34,0
"sim_meta_tgs-133",227,13016,142,2,55,0,1,0,0,18,39,1787,0,0,65,223,2271,2471,147,18,2,4,0,37,0,0,5,86,1489,0,254,2895,337,391,1591,0,670,912,747,1,0,0,0,0,0,0,1,0,1,1,0,161,0,12,38,0,0,9,672,0,0,70,60,0,0,0,10,0,0,0,35,306,0,0,0,3,1,0,0,0,0,1194,0,29,0,99,0
"sim_meta_tgs-134",480,19670,4,16,73,0,0,0,0,21,51,3103,3,0,150,182,2368,2300,60,8,0,0,0,71,0,0,66,235,1423,14,1497,4446,291,539,2302,2,718,297,835,0,0,0,0,0,0,0,0,0,32,1,1,48,0,54,0,0,0,22,818,0,0,8,50,84,0,0,10,0,0,0,81,351,3,0,31,2,1,0,0,0,0,1334,2,0,0,90,0
"sim_meta_tgs-135",216,12117,0,0,39,0,1,2,0,24,48,678,0,0,131,169,1748,2105,36,40,0,15,2,17,0,0,23,74,1159,4,504,3159,288,643,1942,14,493,122,370,0,0,0,0,21,0,5,0,0,0,0,1,142,0,29,2,0,0,7,753,17,0,15,17,0,0,0,18,0,0,0,0,178,0,0,0,3,1,0,0,0,0,1243,5,0,0,24,0
"sim_meta_tgs-136",405,12475,2,0,35,0,0,2,0,38,50,1031,0,0,92,227,2182,2355,96,47,0,31,7,44,0,7,48,200,1238,16,1116,3527,318,391,2075,11,1239,1199,559,3,0,3,0,0,4,0,0,0,64,0,3,171,0,0,0,14,0,0,907,20,0,24,53,61,0,0,23,0,0,0,10,216,0,12,0,2,4,2,0,0,60,1774,103,0,0,36,0
"sim_meta_tgs-137",194,11121,73,0,50,0,0,2,0,48,46,725,0,0,156,202,2169,2355,113,27,0,18,8,25,0,0,5,108,1271,6,505,2783,332,329,1569,0,641,678,512,2,0,1,0,0,0,7,0,0,18,0,1,188,1,1,0,0,0,8,684,0,0,14,59,0,0,0,33,2,0,0,14,203,6,0,0,0,3,0,0,0,0,1324,4,10,1,65,0
"sim_meta_tgs-138",317,11044,72,0,41,0,0,0,0,34,38,647,0,0,128,285,2107,2717,125,18,7,22,9,8,0,0,14,100,1344,6,478,3017,378,484,1662,20,787,593,458,3,0,0,0,0,1,0,33,0,6,3,0,160,0,23,14,0,0,9,764,0,0,18,20,0,0,0,8,0,0,0,0,248,0,0,7,2,10,1,0,0,0,1437,2,15,0,36,0
"sim_meta_tgs-139",258,12593,71,5,31,0,2,0,0,14,12,1292,0,0,138,194,1755,2254,131,3,0,3,1,28,0,0,15,126,1294,0,753,3241,379,387,1762,0,763,759,584,0,0,0,0,0,2,2,0,0,20,1,6,169,0,12,7,0,0,10,736,0,4,22,48,0,0,0,15,0,0,0,23,198,2,0,0,3,1,0,0,0,11,1454,25,16,7,53,0
"sim_meta_tgs-14",449,12033,1,3,57,0,5,1,0,20,17,1334,0,0,97,176,1882,2154,107,33,0,12,3,49,0,0,10,132,1257,0,845,3499,318,500,2115,17,605,363,484,2,0,1,0,10,4,3,10,0,58,0,0,137,0,0,0,0,0,11,796,3,0,27,53,0,0,0,24,0,0,0,19,144,10,21,0,1,2,1,1,0,17,1566,10,0,0,61,0
"sim_meta_tgs-140",283,13109,0,2,31,0,0,0,0,19,24,910,0,0,127,207,1940,2057,75,29,1,26,8,44,0,0,24,104,1272,6,580,3136,358,432,1950,0,790,393,462,4,0,2,0,3,0,3,3,0,27,0,5,179,0,8,0,0,0,12,718,0,4,14,35,0,0,0,22,0,0,0,22,257,2,7,0,3,2,0,0,0,6,1324,14,0,0,47,0
"sim_meta_tgs-141",149,11211,2,7,14,0,3,0,0,33,40,949,0,0,90,202,2239,2689,91,19,0,13,1,31,0,0,61,89,1541,0,255,2575,319,299,1828,9,582,208,466,6,0,0,0,0,11,0,0,0,0,0,0,276,0,0,0,0,0,17,779,0,0,22,42,0,0,0,30,0,0,0,48,240,0,0,0,1,4,2,0,0,0,1442,4,0,0,47,0
"sim_meta_tgs-142",226,13340,0,7,34,0,0,2,0,59,73,1201,0,0,94,188,2242,2552,35,85,6,62,11,67,0,2,34,113,1359,3,786,3141,324,416,1861,13,748,458,533,0,0,5,2,2,0,0,5,0,13,1,1,120,0,8,0,1,0,15,802,0,2,23,89,28,0,0,30,0,0,0,30,233,1,0,9,4,3,1,0,0,6,1476,18,0,0,49,0
"sim_meta_tgs-143",347,15857,2,4,28,0,0,1,0,10,14,2340,0,0,136,193,2174,2293,126,26,0,23,6,31,0,0,52,145,1303,4,1062,3845,343,517,2161,1,890,601,682,0,2,3,0,0,8,2,0,0,29,2,13,139,0,36,23,0,0,15,715,5,10,28,40,22,0,0,25,2,0,0,9,287,0,5,0,1,1,0,0,0,25,1524,27,0,2,65,0
"sim_meta_tgs-144",172,10777,0,0,15,0,0,0,0,32,55,404,0,0,84,202,2717,2903,178,103,0,21,1,23,0,0,26,39,1230,4,116,3021,350,494,1777,77,599,148,407,8,0,0,0,0,0,0,0,0,0,0,0,183,0,0,0,0,6,0,819,0,0,17,21,0,0,0,14,0,0,0,0,277,0,0,0,2,3,3,0,0,0,1404,1,0,0,81,0
"sim_meta_tgs-145",373,12002,2,0,70,0,0,0,0,26,47,1136,0,0,87,186,2064,2103,143,27,0,16,6,26,0,0,6,130,1290,1,427,3116,256,486,2096,1,538,225,463,5,0,0,0,11,4,4,0,0,6,2,1,131,3,3,0,0,0,17,684,0,0,40,41,0,0,0,17,0,0,0,21,190,0,23,0,1,1,0,0,0,3,1376,3,0,1,60,0
"sim_meta_tgs-146",372,12442,85,0,71,0,3,0,0,22,20,912,0,0,56,221,2030,2529,206,12,0,0,0,9,0,0,48,141,1591,0,410,3426,292,366,2207,0,618,539,471,5,0,0,0,9,8,0,0,0,8,0,0,171,0,2,20,0,0,21,705,0,0,45,59,0,0,0,39,0,0,0,43,246,0,24,0,0,2,0,0,0,0,1561,4,18,5,30,0
"sim_meta_tgs-147",271,15842,22,0,22,0,0,0,0,18,20,1946,0,0,184,211,2038,2365,116,36,1,11,7,16,0,0,11,81,1452,1,837,3757,311,458,2142,3,914,902,725,3,0,0,0,0,0,3,1,0,24,0,0,189,0,0,0,0,0,14,698,4,0,44,58,1,0,0,18,2,0,0,12,300,5,0,0,3,3,0,0,0,0,1410,1,0,2,63,0
"sim_meta_tgs-148",76,11192,0,0,69,0,0,0,0,28,26,747,0,0,72,206,2215,2089,107,58,0,30,6,9,0,0,33,23,1248,0,385,2829,300,656,1689,0,591,170,430,7,0,2,0,18,18,4,0,0,8,0,0,141,0,0,0,0,0,6,584,0,0,0,14,0,0,0,46,0,0,0,0,198,0,0,0,3,1,0,0,0,0,1764,3,0,12,27,0
"sim_meta_tgs-149",263,12386,3,3,51,0,0,0,0,11,24,489,0,0,106,215,2109,2168,88,24,1,6,1,50,0,1,10,95,1260,6,494,2943,370,291,1936,2,667,402,344,0,0,0,0,13,1,0,2,1,13,0,1,131,0,6,0,2,0,28,694,1,1,4,28,0,0,0,15,0,0,0,52,395,1,0,0,1,0,0,0,0,18,1223,13,0,4,91,0
"sim_meta_tgs-15",238,13827,1,0,43,0,0,0,0,40,35,1418,0,0,117,200,2006,2063,82,15,1,11,2,49,0,0,15,95,1322,2,391,3230,284,791,1906,0,603,161,510,6,0,2,0,8,1,10,0,0,0,0,0,213,0,7,0,0,0,12,741,0,0,5,7,0,0,0,43,0,0,0,16,191,0,0,0,2,4,0,0,0,2,1382,11,0,0,28,0
"sim_meta_tgs-150",327,11684,5,0,56,0,0,0,0,22,15,1030,0,0,126,199,2412,2572,78,1,0,0,0,22,0,0,55,103,1367,6,579,2880,249,779,1811,2,633,341,495,11,0,0,0,11,1,30,1,0,15,1,0,169,0,0,84,0,0,0,683,0,0,64,52,0,0,0,32,0,0,0,33,144,0,26,0,2,0,0,0,0,0,1346,7,0,0,39,0
"sim_meta_tgs-16",245,10628,0,0,34,0,0,0,0,20,6,610,0,0,139,234,1635,1916,86,34,0,15,3,40,0,0,25,50,1419,0,419,2793,313,422,1664,4,805,488,404,0,0,0,0,0,0,0,6,0,17,2,0,120,0,0,0,0,2,10,775,0,0,0,0,21,0,0,30,0,0,0,18,240,1,0,0,2,1,0,0,0,1,1266,3,0,0,41,0
"sim_meta_tgs-17",202,9822,100,0,44,0,0,0,0,11,17,560,0,0,74,186,2449,2624,168,15,0,6,5,34,0,0,17,97,1368,0,443,2688,318,282,1772,11,669,683,533,6,0,0,0,0,0,5,0,0,35,0,1,286,0,0,0,0,0,7,857,0,0,27,52,0,0,0,33,1,0,0,21,251,2,14,0,1,9,0,0,0,10,1589,3,12,1,59,0
"sim_meta_tgs-18",249,12956,0,7,34,0,0,0,0,30,52,993,0,0,64,232,2217,2717,89,14,2,4,0,19,0,0,31,126,1584,4,760,3311,337,385,2004,28,814,623,495,4,0,0,0,0,4,5,1,0,10,0,8,190,0,11,17,0,0,20,715,13,5,21,46,0,0,0,62,0,0,0,23,224,0,0,0,4,1,0,0,0,8,1262,12,0,1,42,0
"sim_meta_tgs-19",311,14048,0,8,62,0,0,0,0,37,37,1403,0,0,95,171,1863,2225,101,6,0,0,0,40,0,0,39,139,1231,4,820,3445,266,541,1643,0,791,521,519,0,0,0,0,0,0,0,0,0,22,0,10,166,3,23,0,0,0,20,705,1,7,23,113,0,0,0,33,0,0,0,19,235,0,0,0,0,4,0,0,0,12,1252,30,0,0,81,0
"sim_meta_tgs-2",171,10344,0,0,29,0,0,0,0,46,22,751,0,0,47,200,2559,2992,107,3,0,0,0,58,0,0,51,77,1664,1,341,3145,349,368,2153,3,625,166,453,7,0,0,0,0,1,0,0,0,1,0,2,202,0,4,0,0,0,8,1004,0,0,49,50,0,0,0,41,0,0,0,0,238,0,0,0,2,1,0,0,0,21,1512,1,0,0,78,0
"sim_meta_tgs-20",326,13566,2,0,46,0,0,0,0,7,14,655,0,0,105,215,2242,2283,99,34,0,0,0,11,0,0,18,96,1400,4,746,3499,327,230,2291,39,607,201,383,8,0,0,0,0,5,0,0,0,0,1,1,93,0,7,5,0,0,38,862,25,0,12,27,0,0,0,27,0,0,0,10,318,0,0,0,0,4,1,0,0,7,1496,11,0,0,58,0
"sim_meta_tgs-21",261,12612,3,0,18,0,0,0,0,39,21,729,0,0,129,174,2287,2251,78,18,0,0,0,12,2,8,38,140,1240,12,885,3201,312,395,1775,13,1000,885,455,2,0,0,0,0,3,0,0,0,45,0,4,111,0,0,0,12,0,7,666,0,0,16,69,59,0,0,14,0,1,0,9,268,0,4,0,1,0,0,0,0,39,1413,65,0,1,39,0
"sim_meta_tgs-22",363,14488,2,4,48,0,0,0,0,21,32,1999,0,0,77,207,2250,2353,145,43,0,118,21,7,0,3,29,94,1342,7,567,3261,296,562,1909,32,1060,1108,751,1,0,0,0,8,2,6,71,0,24,3,0,185,0,11,12,3,0,20,848,4,0,47,77,40,0,0,19,1,0,0,69,207,1,19,25,3,5,3,0,0,11,1447,6,0,0,36,0
"sim_meta_tgs-23",262,12131,1,2,12,0,1,0,0,38,53,1672,0,0,144,220,1837,2110,105,21,6,25,6,8,0,0,36,195,1494,0,570,2928,327,456,1898,1,942,806,649,2,0,0,0,0,2,10,5,0,37,5,1,183,0,3,3,2,1,19,699,4,0,32,40,2,0,2,57,0,0,0,24,182,7,0,0,3,3,1,0,0,18,1304,18,0,0,27,0
"sim_meta_tgs-24",246,13926,0,0,29,0,0,1,0,8,10,705,0,0,132,169,1701,2073,52,27,0,10,1,29,0,0,35,88,1291,6,607,3275,287,270,2159,0,528,131,362,8,0,0,0,13,0,2,0,0,0,0,0,228,0,18,0,0,0,4,680,22,0,13,21,63,0,0,16,0,0,0,9,296,0,0,0,0,0,0,0,0,0,1130,0,0,0,29,0
"sim_meta_tgs-25",348,14916,349,0,16,0,0,0,0,45,58,1056,0,0,172,185,2213,2030,75,29,1,30,7,66,0,0,3,193,1360,3,1068,3460,294,258,1711,1,794,2395,792,2,0,1,0,0,3,16,0,0,93,0,0,415,0,0,0,0,0,4,598,2,0,30,84,0,0,0,31,13,0,0,83,222,15,0,0,0,3,1,0,0,0,1021,9,43,1,77,0
"sim_meta_tgs-26",276,9262,0,0,54,0,0,0,0,12,5,1136,0,0,142,241,2041,2056,191,0,0,0,0,49,0,0,31,78,1185,0,376,2839,370,707,1801,0,644,275,497,6,0,0,0,0,0,0,0,0,15,0,2,243,0,3,0,0,0,18,668,0,0,56,47,0,0,0,35,0,0,0,40,139,0,42,0,1,0,0,0,0,0,1626,4,0,0,54,0
"sim_meta_tgs-27",315,12813,0,2,74,0,0,0,0,29,25,903,0,0,136,185,2010,2221,137,27,0,7,1,39,0,1,28,140,1401,2,754,3457,290,480,2123,0,678,312,450,1,0,0,2,0,0,0,3,0,18,4,6,145,0,27,0,0,0,15,782,0,6,31,33,0,0,0,17,0,0,0,35,243,6,10,0,3,2,0,0,0,13,1319,9,0,0,78,0
"sim_meta_tgs-28",157,12616,0,0,45,0,0,0,0,26,39,1082,0,0,92,194,1796,2102,99,6,0,0,0,24,0,0,14,48,1227,0,563,3670,287,459,2547,0,594,230,412,5,0,0,0,0,0,0,0,0,0,0,0,188,0,5,0,0,0,49,796,0,0,0,0,0,0,0,33,0,0,0,0,298,0,0,0,4,1,0,0,0,15,1924,3,0,0,86,0
"sim_meta_tgs-29",615,18852,3,10,26,0,1,0,0,56,35,2293,1,0,121,182,1769,2509,99,95,4,9,2,14,3,11,32,356,1229,17,3105,4301,276,494,2178,33,916,1021,729,4,0,0,0,0,0,0,41,0,150,4,0,221,0,14,0,2,0,19,648,0,1,0,53,40,0,0,15,0,0,0,0,27,29,0,8,1,0,0,0,0,75,1197,105,0,7,9,0
"sim_meta_tgs-3",130,11176,0,0,28,0,0,0,0,24,19,186,0,0,231,226,1861,2296,59,43,0,0,0,8,0,0,35,40,1260,2,317,3307,354,514,1985,0,601,98,331,15,0,0,0,0,0,0,0,0,1,8,3,201,0,0,0,0,0,5,700,0,0,31,31,0,0,0,18,0,0,0,0,271,0,0,0,9,0,1,1,0,0,1400,5,0,4,44,0
"sim_meta_tgs-30",222,16864,0,5,32,0,0,0,0,7,7,2130,0,0,157,199,1759,1965,45,44,3,39,13,58,0,0,58,179,1421,1,1139,3678,295,296,2158,0,1493,1542,856,8,0,0,0,17,0,10,20,0,63,2,6,217,0,26,0,0,0,9,880,0,14,0,11,0,0,0,27,0,0,0,0,317,11,0,0,0,0,0,0,0,22,1392,13,0,0,46,0
"sim_meta_tgs-31",237,10826,166,4,60,0,0,0,0,6,13,794,0,0,64,194,1876,1954,115,3,0,1,0,36,0,0,12,160,1374,2,309,2885,340,236,1797,7,614,698,458,9,0,0,0,0,3,0,0,0,0,0,0,258,0,0,36,0,0,1,755,9,0,39,52,0,0,0,53,0,0,0,31,192,0,0,0,1,5,0,0,0,0,1385,7,26,0,34,0
"sim_meta_tgs-32",681,17939,0,5,35,0,0,0,0,24,32,3280,1,0,136,191,1717,2137,91,27,0,5,1,27,0,6,66,223,1293,15,1928,4406,273,363,2399,17,1045,949,939,2,0,0,0,0,0,0,19,0,79,2,4,157,0,28,0,4,0,15,740,14,0,26,58,54,0,0,14,0,0,0,0,133,9,0,11,3,4,0,1,0,37,1418,58,0,1,19,0
"sim_meta_tgs-33",234,16014,33,0,44,0,0,0,0,31,22,1959,0,0,224,202,2332,2173,59,29,0,5,0,28,0,0,37,128,1313,7,1061,3393,276,596,1639,2,1254,1639,771,2,0,0,0,12,0,9,0,0,45,0,0,170,0,32,0,1,0,9,702,0,0,26,64,27,0,0,24,2,0,0,37,230,3,15,1,3,2,0,0,0,17,1343,34,0,1,23,0
"sim_meta_tgs-34",375,17315,3,4,45,0,0,0,0,13,23,2159,0,0,89,194,1966,2023,54,36,0,28,4,26,0,0,46,111,1206,4,1253,4095,289,456,2278,37,1192,1182,784,2,0,0,1,8,3,2,19,0,48,0,12,144,0,34,0,0,0,37,781,0,15,18,52,0,0,0,24,0,0,0,6,306,4,7,4,2,0,2,0,0,19,1371,32,0,0,26,0
"sim_meta_tgs-35",213,9590,1,0,29,0,0,0,0,31,38,1030,0,0,116,171,2285,2841,115,33,6,62,15,22,0,0,28,81,1406,0,400,2545,288,499,1536,2,650,322,459,1,0,0,0,0,5,14,7,0,5,0,0,191,0,18,2,0,0,10,699,5,0,30,73,16,0,0,18,0,8,0,9,207,0,13,7,0,2,0,0,0,1,1361,4,0,0,78,0
"sim_meta_tgs-36",139,10716,0,0,48,0,0,0,0,17,23,726,0,1,206,201,2006,2162,91,15,0,0,0,30,0,0,46,156,1246,0,380,2910,280,575,1858,3,603,188,383,5,0,0,0,0,2,3,0,0,2,2,0,98,1,15,12,0,0,25,726,2,0,3,7,0,0,0,9,0,0,0,8,216,2,0,0,1,2,0,0,0,6,1274,6,0,0,32,0
"sim_meta_tgs-37",239,13643,0,0,74,0,1,0,0,5,10,1309,0,0,136,223,2100,2174,88,17,0,11,2,36,0,0,32,76,1417,1,626,3339,335,546,1955,17,731,387,558,8,0,0,0,0,0,0,5,0,4,0,0,169,0,20,0,0,0,15,686,0,0,5,5,0,0,0,20,0,0,0,20,236,2,0,0,0,1,4,0,0,0,1499,6,0,0,68,0
"sim_meta_tgs-38",336,14865,0,13,31,0,0,0,0,34,13,2384,0,0,94,224,2061,2323,47,36,0,0,0,45,0,0,98,185,1363,5,1100,3807,335,426,2198,37,1005,790,767,8,1,0,0,0,9,9,0,0,29,0,24,200,0,21,4,0,0,26,766,1,18,7,38,13,0,0,26,1,3,1,6,350,0,0,0,2,0,0,0,0,23,1467,27,0,2,64,0
"sim_meta_tgs-39",459,18508,19,2,46,0,0,0,0,24,29,2517,1,0,107,200,2035,2093,57,48,0,2,3,47,0,5,45,290,1218,15,1942,4244,272,321,2080,22,1253,1436,941,1,0,0,0,0,3,5,10,0,101,0,5,131,0,21,0,5,0,11,711,1,0,9,49,63,0,0,22,3,0,0,48,248,12,0,8,0,1,0,0,0,50,1249,80,0,3,68,0
"sim_meta_tgs-4",222,12622,1,0,20,0,0,0,0,14,10,631,0,0,134,207,1984,1986,45,29,0,14,3,27,1,5,12,99,1306,5,718,3077,333,336,1745,8,778,660,424,5,0,0,0,0,2,0,4,0,18,0,0,164,0,17,1,2,0,18,704,0,2,20,68,71,0,0,13,0,0,0,11,244,2,0,0,1,2,0,0,0,31,1168,28,0,0,33,0
"sim_meta_tgs-40",196,12063,0,0,42,0,0,0,0,24,44,692,0,0,134,219,2171,1974,80,43,0,1,0,53,0,0,21,114,1364,3,521,2736,324,426,1731,35,653,268,370,6,0,0,0,0,9,0,0,0,0,1,0,137,0,4,3,0,0,18,730,0,0,6,18,0,0,0,20,0,0,0,1,268,0,0,0,1,1,0,0,0,0,1178,3,0,5,51,0
"sim_meta_tgs-41",465,18810,0,12,17,0,1,0,0,34,36,4064,2,0,103,186,2616,2479,71,24,0,17,1,55,0,0,163,225,1389,2,1397,4001,255,673,2103,0,857,419,998,3,0,2,0,0,0,0,0,0,63,0,1,71,0,42,0,0,0,16,986,5,0,28,128,105,0,0,18,0,0,0,24,206,0,0,33,7,1,0,0,0,3,1411,7,0,0,38,0
"sim_meta_tgs-42",392,17222,16,2,21,0,0,0,0,50,42,2004,0,0,134,193,1967,1885,55,38,0,17,1,22,0,3,47,154,1284,1,1380,3782,256,297,2055,14,960,927,705,3,0,0,0,5,2,4,4,0,49,2,0,160,0,14,0,0,0,15,675,5,0,11,35,54,0,0,20,1,0,0,18,186,12,0,17,3,1,0,0,0,12,1170,19,0,4,28,0
"sim_meta_tgs-43",288,12303,0,0,35,0,1,0,0,14,21,986,0,0,134,202,2632,2865,110,2,0,1,0,43,0,0,47,129,1361,2,372,3067,315,658,1910,0,505,104,411,2,0,0,0,4,3,0,0,0,0,0,0,83,0,14,0,0,0,13,771,6,0,10,11,0,0,0,14,0,0,0,24,305,0,0,0,7,3,0,0,0,7,1217,5,0,0,46,0
"sim_meta_tgs-44",278,14594,1,7,20,0,0,0,0,31,36,1489,0,0,127,176,2119,2401,53,28,7,1,0,28,0,2,61,162,1273,10,1134,3921,281,498,2037,14,1110,1072,634,5,0,0,2,0,0,0,0,0,51,0,10,116,0,8,0,7,1,20,733,2,9,33,109,26,0,0,19,0,0,0,12,206,0,0,0,2,0,1,0,0,29,1261,76,0,0,45,0
"sim_meta_tgs-45",168,11404,26,0,49,0,0,0,0,23,18,980,0,0,218,203,2332,2473,106,47,4,17,7,0,0,0,29,107,1317,0,725,2708,318,449,1456,25,895,866,550,2,1,0,0,0,5,6,1,0,26,3,0,282,0,3,4,0,0,3,665,0,0,36,77,9,0,0,25,6,0,0,18,214,6,0,0,2,0,0,0,0,3,1377,2,0,1,101,0
"sim_meta_tgs-46",168,13267,3,0,37,0,0,0,0,9,14,745,0,0,89,193,2821,2806,152,37,0,14,2,18,0,5,1,111,1315,6,642,2758,387,360,1788,16,929,783,543,2,0,0,0,0,3,0,5,0,19,1,1,265,0,0,0,6,0,26,707,0,2,21,73,0,0,0,21,0,0,0,11,289,7,0,0,3,0,0,0,0,22,1392,30,0,1,93,0
"sim_meta_tgs-47",241,14176,0,0,43,0,0,0,0,11,22,1514,0,0,135,179,1940,1768,75,32,0,20,6,36,0,3,36,131,1285,9,945,3360,273,319,1816,14,1123,1255,681,0,0,0,0,1,5,1,9,0,59,0,3,201,1,10,0,4,0,15,723,1,0,11,22,74,0,0,20,0,0,1,11,251,12,0,0,1,0,0,0,0,31,1296,55,0,0,27,0
"sim_meta_tgs-48",453,14176,1,0,65,0,0,0,0,10,23,1539,0,0,124,235,1989,2193,86,9,0,0,0,87,0,0,53,103,1208,3,655,3613,297,216,1964,6,546,211,499,3,0,0,0,0,7,6,3,0,0,0,1,200,0,30,28,0,0,21,626,0,0,0,0,0,0,0,8,0,0,0,26,315,0,0,0,0,0,0,0,0,2,1319,17,0,0,89,0
"sim_meta_tgs-49",213,10348,117,0,40,0,0,0,0,49,40,795,0,0,14,205,2509,2739,104,42,0,27,3,14,0,0,28,43,1391,0,388,2978,328,407,2106,7,695,764,563,2,0,3,0,0,3,0,0,0,2,0,1,151,0,1,26,0,0,2,872,0,0,83,89,0,0,0,48,0,0,0,0,145,0,0,0,5,0,0,0,0,0,1314,6,21,0,91,0
"sim_meta_tgs-5",179,10617,102,0,24,0,0,0,0,30,37,1307,0,0,181,190,2169,2215,66,38,0,46,12,39,0,0,38,137,1267,0,721,2943,309,502,1942,0,1371,1532,738,4,0,0,0,0,2,0,10,0,45,0,0,230,0,0,16,0,0,13,815,0,0,23,43,0,0,0,21,0,0,0,0,252,6,0,0,5,0,1,0,0,14,1368,11,26,0,48,0
"sim_meta_tgs-50",200,10864,2,0,44,0,0,0,0,23,18,815,0,0,101,235,2347,2517,79,42,0,2,0,23,0,0,53,188,1339,9,386,2691,303,535,1801,44,554,228,420,1,0,0,0,10,1,0,1,0,10,0,0,149,0,6,1,0,0,3,818,0,0,4,41,0,0,0,19,0,0,0,26,166,0,0,0,3,1,0,0,0,0,1397,12,0,0,15,0
"sim_meta_tgs-51",286,14980,40,0,27,0,0,1,0,33,36,1255,0,0,100,234,2323,2172,90,131,0,50,12,23,0,15,8,216,1215,6,1314,3748,316,346,2213,39,1345,1711,634,0,0,2,0,0,2,5,11,1,58,0,2,186,0,0,6,6,0,45,764,0,5,13,45,3,0,0,36,4,0,0,17,235,4,0,0,4,2,0,0,0,48,1241,67,5,3,60,0
"sim_meta_tgs-52",539,25909,357,18,78,0,0,0,0,39,49,4289,0,0,141,190,2034,1798,82,38,0,22,7,78,0,0,122,247,1332,11,2455,5950,236,421,2955,5,1501,3169,1461,5,0,1,0,5,3,27,0,0,113,0,26,311,0,49,42,0,0,25,720,3,26,67,112,13,0,0,14,10,0,0,43,407,9,0,0,5,1,0,0,0,35,1280,40,45,10,94,0
"sim_meta_tgs-53",184,13727,22,0,48,0,0,0,0,16,21,1548,0,0,143,187,2433,2556,103,15,0,12,0,3,0,0,25,99,1378,2,600,2935,344,369,1740,4,800,695,679,2,0,0,0,0,6,3,0,0,27,0,0,248,0,0,0,0,0,13,773,9,0,56,75,1,0,0,15,1,0,0,20,230,4,9,0,0,4,0,0,0,0,1636,2,0,0,38,0
"sim_meta_tgs-54",231,11912,149,0,56,0,2,0,0,29,35,886,0,0,85,208,2562,2558,123,12,0,0,0,23,0,0,13,111,1501,0,559,2955,335,545,1808,30,799,877,559,4,2,0,1,0,10,0,0,0,5,1,1,203,0,2,29,0,0,13,751,0,0,36,87,5,0,0,22,0,0,0,7,246,0,0,0,1,0,0,0,0,11,1604,2,16,0,54,0
"sim_meta_tgs-55",412,15137,32,3,67,0,1,0,0,9,14,2113,0,0,154,238,2338,2462,88,11,0,0,0,35,0,0,31,113,1330,8,601,3648,305,760,2150,13,710,514,657,6,0,0,0,7,2,3,0,0,7,0,0,96,0,19,13,0,0,24,737,16,0,29,56,0,0,0,29,0,0,0,15,186,0,13,0,4,1,0,0,0,0,1429,7,9,0,39,0
"sim_meta_tgs-56",405,14355,123,0,37,0,0,0,0,25,24,1041,0,0,166,174,2044,2169,120,48,3,5,2,99,0,6,23,168,1419,10,954,3852,266,300,1865,29,1029,1516,583,6,0,0,0,5,2,8,4,0,63,4,3,244,0,15,0,6,0,7,731,0,0,16,47,45,0,0,23,4,0,0,48,242,5,0,0,0,1,0,0,0,20,1233,62,16,1,44,0
"sim_meta_tgs-57",289,13632,106,7,37,0,0,0,0,37,41,727,0,0,38,185,2370,2507,117,42,0,34,6,41,0,2,61,80,1307,0,462,3515,326,193,2255,17,718,717,514,10,0,1,0,0,0,0,0,0,17,3,1,179,0,4,22,2,0,5,674,0,0,41,76,0,0,2,34,0,0,0,50,297,0,0,0,3,1,0,0,0,19,1322,19,10,0,117,0
"sim_meta_tgs-58",181,9130,7,0,31,0,0,0,0,21,36,259,0,0,95,251,2490,2637,86,24,1,3,2,61,0,0,20,180,1371,7,306,2275,367,580,1623,28,665,230,330,2,1,0,0,0,7,1,1,0,0,0,0,229,0,14,13,0,0,27,683,6,0,17,25,12,0,0,7,2,0,0,3,172,0,0,0,1,1,0,0,0,8,1370,3,0,0,57,0
"sim_meta_tgs-59",198,14940,0,0,62,0,0,0,0,15,10,741,0,0,50,215,2175,2163,121,1,0,0,0,43,0,0,12,44,1319,3,410,2909,315,228,1837,1,576,143,471,1,0,0,1,13,0,13,0,0,0,0,0,120,0,0,0,0,0,11,622,0,0,0,0,0,0,0,44,0,0,0,0,333,0,0,0,1,2,0,0,0,0,1524,3,0,0,126,0
"sim_meta_tgs-6",281,13169,0,3,35,0,0,0,0,34,33,1243,1,0,104,175,2051,2344,68,26,2,12,2,48,0,0,30,94,1313,1,708,3026,308,349,1643,4,568,356,460,6,0,0,0,0,0,0,0,0,12,2,3,180,0,12,0,0,0,19,664,1,0,3,25,34,0,1,16,0,0,0,24,149,0,0,3,3,2,0,0,0,4,1247,20,0,0,89,0
"sim_meta_tgs-60",273,11223,0,0,42,0,0,0,0,12,11,598,0,0,76,195,2149,2279,84,16,0,17,2,78,0,0,11,71,1281,2,320,2956,313,319,1909,2,564,164,369,2,0,1,1,4,5,2,4,0,0,2,0,178,0,0,0,0,0,9,733,16,0,16,31,19,0,0,15,0,0,0,45,272,0,0,0,0,0,0,0,0,0,1280,2,0,1,84,0
"sim_meta_tgs-61",263,11625,0,6,42,0,0,0,0,16,26,1237,0,0,81,223,2486,2853,20,30,4,35,8,50,0,0,28,155,1497,1,646,3021,310,584,1773,0,839,555,494,2,0,1,0,6,2,0,0,0,15,0,7,103,0,10,0,0,0,16,670,0,8,1,88,0,0,0,14,0,0,0,18,209,0,0,0,3,1,0,0,0,5,1048,11,0,0,70,0
"sim_meta_tgs-62",186,12151,1,1,49,0,0,0,0,8,16,797,0,1,94,189,1937,2442,122,10,4,1,0,38,0,0,17,67,1361,1,572,2928,309,566,1713,7,673,296,429,1,0,0,0,10,3,6,0,0,7,0,0,191,0,5,30,0,0,6,792,9,0,41,70,0,0,0,26,0,0,0,19,179,0,18,0,3,0,1,0,0,0,1619,3,0,0,43,0
"sim_meta_tgs-63",317,13166,5,0,55,0,0,0,0,10,17,1210,0,0,81,215,2301,2200,101,83,0,12,3,16,1,7,27,194,1378,6,1012,3495,341,297,2090,30,929,886,621,2,0,0,0,0,1,7,4,0,30,0,0,169,0,6,2,3,0,21,610,0,1,20,41,0,0,0,33,0,1,0,13,267,9,15,0,3,3,0,0,0,26,1364,66,0,0,69,0
"sim_meta_tgs-64",211,11110,0,3,27,0,0,0,0,36,37,1200,2,0,112,187,1755,2061,39,0,0,0,0,13,0,0,60,123,1298,1,735,3627,250,236,2418,0,598,247,437,4,0,0,0,14,0,0,0,0,8,2,1,89,0,4,2,0,0,13,770,0,0,0,43,131,0,0,19,0,0,0,6,291,0,0,16,0,0,0,0,0,4,1196,4,0,1,30,0
"sim_meta_tgs-65",210,11385,0,0,19,0,0,0,0,53,68,1242,0,0,166,221,2250,2560,17,12,0,0,0,40,0,0,34,61,1360,0,340,2932,307,481,1922,19,581,96,542,0,0,0,0,4,0,0,0,0,0,0,0,194,0,0,0,0,0,24,855,0,0,11,35,0,0,0,7,0,0,1,5,199,12,0,0,2,3,0,0,0,0,1827,1,0,0,0,0
"sim_meta_tgs-66",224,11589,63,0,41,0,1,0,0,14,28,1602,0,0,119,173,2139,2246,131,21,0,31,5,23,0,0,16,100,1469,2,445,2865,251,495,1586,6,689,736,603,7,0,0,0,0,6,7,27,0,24,1,0,218,0,5,3,0,0,10,731,3,0,39,81,0,0,0,14,6,0,0,19,136,0,13,9,2,4,4,0,0,1,1353,6,5,0,45,0
"sim_meta_tgs-67",423,12544,0,2,32,0,0,0,0,23,15,731,0,2,90,189,2068,2571,83,27,0,2,0,17,0,4,30,126,1349,4,1561,3506,293,424,2131,16,644,423,346,1,0,0,0,0,0,6,12,0,47,0,1,102,0,0,28,1,0,4,787,11,0,27,44,26,0,0,11,0,0,0,4,185,8,6,0,0,2,0,0,0,20,1252,26,0,1,66,0
"sim_meta_tgs-68",299,15257,123,5,26,0,1,0,0,39,45,1602,0,0,204,176,2062,2137,115,35,0,6,3,30,0,0,17,87,1324,2,914,3451,264,571,1766,9,906,1581,744,0,0,0,0,0,0,12,0,0,58,0,0,217,2,5,0,0,0,17,807,0,0,53,90,11,0,0,17,10,0,0,44,220,9,0,4,0,4,1,0,0,3,1218,7,15,1,45,0
"sim_meta_tgs-69",391,13102,178,2,46,0,0,0,0,32,37,1913,0,0,63,240,2288,2407,150,20,0,44,7,21,0,0,22,96,1420,6,439,3591,321,602,2109,11,790,1192,731,5,0,1,0,0,0,0,47,0,16,1,1,209,2,15,36,0,0,30,748,0,0,42,59,0,0,0,28,0,0,0,12,231,0,0,14,4,3,0,0,0,0,1287,8,30,0,58,0
"sim_meta_tgs-7",366,9733,0,0,13,0,0,0,0,24,27,945,0,0,159,263,2138,2499,146,54,0,26,4,41,0,0,31,125,1437,10,460,2878,350,398,1651,4,879,638,522,3,0,1,0,0,6,0,0,0,34,0,2,175,0,11,0,1,0,2,777,0,0,63,57,23,0,0,33,0,0,0,11,145,0,32,0,2,1,0,0,0,16,1548,32,0,1,11,0
"sim_meta_tgs-70",258,10960,0,0,73,0,0,0,0,26,27,755,0,0,102,174,2388,2710,124,80,2,0,0,41,0,0,45,68,1618,0,495,3187,309,462,1785,58,611,279,451,2,0,0,0,0,0,1,7,0,12,0,0,72,0,0,0,0,0,2,896,0,0,99,88,0,0,0,5,0,0,0,77,277,0,38,0,1,0,0,0,0,0,1385,12,0,0,60,0
"sim_meta_tgs-71",261,13080,0,0,39,0,0,0,0,22,57,1021,0,0,116,209,2231,2355,45,41,2,39,6,69,0,0,48,15,1570,0,414,2698,344,335,1697,2,566,349,437,0,0,1,0,0,11,0,0,0,0,1,0,81,0,37,0,0,0,5,754,0,0,20,33,31,0,0,14,0,0,0,45,214,0,0,0,2,1,0,0,0,0,1214,5,0,3,51,0
"sim_meta_tgs-72",357,15781,7,4,51,0,0,0,0,35,32,764,0,0,88,193,1849,1899,101,26,0,5,0,37,0,2,31,111,1266,5,894,3874,325,401,2343,12,723,557,441,2,0,0,1,0,4,4,0,0,36,2,0,151,0,0,0,9,2,22,704,0,0,11,28,0,0,1,25,3,0,0,39,314,2,0,0,2,0,0,0,0,19,1240,22,0,1,49,0
"sim_meta_tgs-73",155,11672,1,0,70,0,0,0,0,12,14,749,0,0,108,196,2113,2195,152,10,6,8,1,23,0,0,0,150,1335,0,479,3193,334,282,2029,1,601,278,401,3,0,0,2,0,0,0,0,0,0,0,0,171,0,0,0,0,0,12,658,5,0,0,0,47,0,0,33,0,0,0,13,267,0,0,0,2,4,0,1,0,0,1216,2,0,0,54,0
"sim_meta_tgs-74",154,11618,40,0,70,0,0,0,0,9,17,988,0,0,135,228,2331,2305,89,0,1,0,0,28,0,0,22,44,1360,0,308,2853,342,616,1966,0,634,430,453,2,0,0,0,0,0,0,0,0,3,0,1,158,0,8,12,0,0,6,704,0,0,24,25,9,0,0,35,0,0,0,31,257,0,11,0,2,0,0,0,0,0,1263,2,5,0,40,0
"sim_meta_tgs-75",322,10506,0,0,49,0,0,0,0,63,74,1439,0,0,116,224,2324,2631,36,18,0,1,0,0,0,0,31,73,1394,1,666,3168,321,391,2116,24,692,320,454,2,0,0,0,0,16,12,0,0,2,6,0,267,0,30,0,0,0,22,722,0,0,4,18,0,0,0,50,0,2,0,15,188,0,0,0,11,2,0,0,0,0,1334,3,0,0,38,0
"sim_meta_tgs-76",213,10784,0,0,49,0,0,0,0,20,20,450,0,0,96,207,2255,2196,98,31,4,0,0,16,0,0,35,103,1280,4,390,2873,378,255,1962,13,586,107,374,5,0,0,0,0,0,0,2,0,0,2,1,112,0,4,0,0,0,18,661,13,0,13,16,0,0,0,20,0,0,0,15,169,0,0,0,1,1,0,0,0,0,1452,8,0,0,45,0
"sim_meta_tgs-77",388,14752,1,3,25,0,0,0,0,40,38,1887,0,0,178,190,2231,2484,164,38,0,0,0,32,0,3,13,122,1309,5,1032,3370,299,656,1925,15,563,286,619,2,0,0,0,0,0,0,11,0,59,0,0,86,2,0,0,0,0,10,743,0,0,15,22,0,0,0,21,0,0,0,35,198,21,22,0,0,1,0,0,0,17,1287,37,0,0,75,0
"sim_meta_tgs-78",294,12169,3,3,39,0,1,0,0,14,8,768,0,0,121,216,2011,2093,131,10,0,0,0,21,0,0,3,121,1242,1,397,3362,358,484,2188,2,588,209,379,7,0,0,0,21,2,12,0,0,19,0,1,211,0,0,0,1,0,16,700,6,0,21,20,0,0,0,15,0,0,0,21,270,0,11,0,8,2,0,0,0,26,1561,8,0,0,68,0
"sim_meta_tgs-79",264,14436,189,0,27,0,0,0,0,40,31,653,0,0,121,174,2369,2250,85,46,0,7,2,60,0,0,19,92,1339,9,870,3367,262,313,1986,54,694,1211,557,0,0,0,1,0,0,6,1,0,39,1,0,195,0,1,0,0,0,8,793,32,0,34,50,0,0,0,19,9,0,0,37,268,8,0,0,1,0,0,0,0,1,1140,4,20,2,26,0
"sim_meta_tgs-8",294,12599,0,4,42,0,3,0,0,5,7,1648,0,0,205,201,2330,2928,116,23,2,0,0,3,0,1,30,100,1415,5,553,2849,363,383,1690,36,688,286,581,5,0,0,0,0,2,0,0,0,14,0,0,162,0,15,0,1,0,36,785,30,0,36,55,0,0,0,22,0,0,0,27,206,0,19,0,2,4,0,0,0,3,1371,13,0,0,61,0
"sim_meta_tgs-80",274,11304,4,0,22,0,0,0,0,20,14,502,0,0,187,216,2354,2264,104,7,0,2,0,28,0,0,32,88,1335,0,323,2990,315,340,1615,0,574,113,351,17,0,0,0,0,6,0,0,0,0,1,1,127,1,14,0,0,0,18,730,11,0,23,44,0,0,0,23,0,0,0,0,133,0,0,0,4,1,0,0,0,0,1429,4,0,0,50,0
"sim_meta_tgs-81",212,14433,2,0,83,0,0,0,1,14,32,868,0,0,92,183,2334,1991,262,20,1,13,2,26,0,0,16,68,1369,2,530,3592,348,396,2576,0,574,364,437,5,0,0,0,0,0,0,0,0,1,0,1,259,0,0,3,0,0,30,551,0,0,6,9,29,0,0,21,0,0,0,55,445,0,0,0,0,0,0,0,0,0,1387,1,0,0,70,0
"sim_meta_tgs-82",251,13906,7,0,4,0,0,0,0,35,34,847,0,0,84,165,2455,2146,34,80,2,53,4,37,2,5,14,210,1263,14,784,3588,315,303,2277,18,1052,989,464,0,0,1,0,0,0,0,0,0,38,0,3,106,0,0,0,6,0,39,705,0,0,19,73,39,0,0,37,0,0,0,3,216,0,0,0,1,0,0,0,0,20,1204,65,0,0,27,0
"sim_meta_tgs-83",391,11704,0,11,90,0,0,0,0,38,41,1550,0,0,83,201,1693,1900,130,35,0,15,1,41,0,0,132,148,1553,0,504,4096,293,851,2866,26,695,364,570,11,0,0,0,0,0,0,1,0,23,1,0,163,0,0,0,0,0,4,757,0,0,60,70,23,0,0,49,0,0,0,123,278,0,61,0,0,0,0,0,0,15,1587,2,0,0,34,0
"sim_meta_tgs-84",284,12738,1,2,30,0,0,0,0,19,18,1120,0,0,133,211,2242,2306,142,32,1,7,3,52,0,2,27,140,1512,6,969,3216,328,692,1782,17,654,217,498,1,0,0,0,0,0,0,9,0,42,0,0,167,0,10,0,0,0,7,745,7,0,26,29,0,0,0,32,0,0,0,12,99,8,13,0,1,5,0,0,0,16,1288,15,0,1,9,0
"sim_meta_tgs-85",159,13679,2,2,55,0,0,0,0,20,17,1579,0,1,119,202,2000,2487,71,91,1,65,12,32,0,0,33,103,1443,0,988,2815,306,693,1763,61,1012,926,674,6,1,0,0,14,6,12,10,0,18,0,2,147,0,0,15,0,0,8,842,0,0,15,16,50,0,0,19,5,0,0,24,271,3,0,0,1,1,1,0,0,2,1281,5,0,1,43,0
"sim_meta_tgs-86",209,12760,15,0,52,0,1,0,0,23,40,1323,0,0,171,182,1795,1914,94,15,0,5,4,6,0,1,15,99,1332,2,787,3207,245,470,1922,5,744,804,552,2,0,0,0,0,2,4,1,0,26,0,0,201,0,0,2,0,0,18,681,0,0,40,63,1,0,0,15,3,0,0,24,180,9,22,0,1,3,0,0,0,2,1355,5,0,2,39,0
"sim_meta_tgs-87",309,13065,0,4,22,0,0,0,0,10,5,948,0,0,113,186,1724,2034,53,12,5,0,0,47,0,0,15,117,1305,9,520,3361,348,638,1925,0,587,198,431,1,0,0,0,21,0,8,0,0,9,0,0,169,0,0,0,0,0,1,660,34,0,64,59,0,0,0,12,0,0,0,79,239,0,28,0,2,0,0,0,0,14,1376,7,0,0,32,0
"sim_meta_tgs-88",303,16177,82,0,89,0,0,0,0,14,18,1869,0,0,174,165,1874,1966,112,24,0,15,4,1,0,0,3,159,1527,1,938,3919,271,426,1992,0,1021,1288,773,7,0,1,0,8,0,11,0,0,60,0,0,247,0,4,3,0,0,25,662,0,0,94,98,2,0,0,19,5,0,0,56,267,4,45,0,1,1,0,0,0,0,1490,3,9,2,54,0
"sim_meta_tgs-89",261,13806,9,0,22,0,0,0,0,36,27,531,0,0,165,215,2579,2639,66,13,0,0,0,71,0,0,37,109,1384,4,394,3305,294,226,2339,0,581,284,307,2,0,0,0,0,3,0,0,0,7,1,1,180,0,0,0,0,0,9,701,0,0,0,0,0,0,0,56,0,0,0,20,316,0,0,0,0,0,0,0,0,0,1020,5,0,0,32,0
"sim_meta_tgs-9",170,12547,2,0,49,0,0,0,0,16,19,676,0,0,120,229,2405,2873,81,11,0,0,0,37,0,0,61,18,1509,0,442,3200,321,569,2045,0,610,361,407,4,0,0,0,0,2,0,0,0,0,0,1,124,0,12,0,0,0,0,893,0,0,3,5,0,0,0,12,0,0,0,38,284,0,0,0,4,0,0,0,0,8,1464,3,0,0,72,0
"sim_meta_tgs-90",166,10389,0,2,32,0,0,0,0,38,39,701,0,0,49,223,2309,2388,48,36,0,7,0,77,0,0,35,27,1349,0,325,2969,285,611,1789,35,593,170,430,10,0,0,0,0,3,0,0,0,0,0,0,129,3,7,0,0,0,19,793,0,0,7,27,14,0,0,19,0,0,0,63,229,0,0,0,1,1,0,0,0,0,1335,6,0,0,83,0
"sim_meta_tgs-91",302,13265,0,2,26,0,0,2,0,9,9,1828,0,0,155,238,2390,2348,97,44,0,54,11,27,0,0,21,61,1271,3,412,2894,335,402,1663,38,766,527,676,3,0,2,0,0,7,0,37,0,17,1,0,301,0,23,0,1,0,6,734,3,0,11,28,0,0,2,20,0,0,0,7,97,0,0,12,5,7,0,0,0,3,1403,12,0,0,35,0
"sim_meta_tgs-92",417,22630,1,12,26,0,0,0,0,33,40,3136,1,0,153,175,2069,2085,118,37,0,45,8,117,0,0,71,177,1604,1,1618,4640,292,311,2169,0,1798,2260,1072,0,0,0,0,0,0,0,12,0,89,1,15,167,0,33,0,0,0,28,727,9,23,3,41,0,0,0,5,0,0,0,62,238,2,0,0,3,2,0,0,0,24,913,39,0,4,74,0
"sim_meta_tgs-93",258,13430,1,0,15,0,3,0,0,12,8,1114,0,0,78,188,2348,2536,67,53,0,44,5,15,0,0,59,146,1411,3,943,2894,286,416,1669,15,1138,1053,639,0,0,0,0,0,0,0,12,0,56,0,3,105,0,1,0,0,0,24,764,9,0,15,58,0,0,0,5,0,0,1,22,192,4,11,0,2,1,0,0,0,4,1345,6,0,0,7,0
"sim_meta_tgs-94",277,14103,79,0,63,0,0,0,0,12,14,1169,0,0,112,195,1908,2195,103,31,0,16,5,26,0,0,21,90,1265,2,582,3442,265,486,2075,2,674,667,566,1,0,0,0,18,0,7,0,0,5,2,0,192,0,3,16,1,0,15,628,0,0,36,56,0,0,0,31,0,0,0,9,259,0,0,0,1,1,0,0,0,1,1385,13,20,0,84,0
"sim_meta_tgs-95",158,14097,0,0,5,0,0,0,0,28,35,798,0,0,185,238,2510,2013,146,49,0,5,0,7,0,0,14,109,1515,0,571,3156,327,170,1953,53,655,269,426,0,1,0,0,0,9,4,0,0,0,0,0,299,0,0,16,0,0,12,739,0,0,8,51,106,0,0,45,5,0,0,0,389,0,0,0,3,1,0,0,0,14,1144,1,0,0,61,0
"sim_meta_tgs-96",217,11821,76,0,47,0,0,0,0,24,41,1026,0,0,90,217,1599,1861,99,24,0,3,0,11,0,0,22,81,1237,0,374,3228,266,439,1862,21,736,549,558,7,0,0,0,34,0,13,0,0,7,0,0,188,0,7,12,0,0,1,823,0,0,64,115,0,0,0,15,0,0,0,27,211,0,14,0,4,0,0,0,0,27,1677,2,8,0,24,0
"sim_meta_tgs-97",190,10449,27,0,12,0,0,0,0,7,16,783,0,0,206,205,2043,2241,20,23,0,6,3,5,0,0,41,148,1308,0,589,2816,325,403,1741,0,924,752,481,16,0,0,0,0,0,5,0,0,21,0,0,262,0,0,0,0,0,7,632,0,0,21,33,1,0,0,24,6,0,0,31,189,7,0,0,1,2,0,0,0,5,1420,1,0,1,19,0
"sim_meta_tgs-98",501,15667,98,0,19,0,0,0,0,38,26,2515,0,1,98,204,2428,2763,157,28,0,25,2,28,3,6,62,181,1343,19,1412,4235,206,564,1900,20,1311,1569,836,3,0,0,0,0,2,11,15,0,47,0,12,80,0,47,45,10,0,11,793,0,6,45,101,39,0,0,19,0,0,0,0,218,0,0,4,1,3,1,0,0,31,1201,77,15,1,63,0
"sim_meta_tgs-99",479,15151,6,1,15,0,0,0,0,38,48,1496,0,0,111,185,2019,2168,65,65,0,66,13,34,1,8,13,212,1172,23,1093,4168,311,439,2080,54,1191,1565,677,4,0,0,0,0,2,0,58,0,51,1,2,170,0,5,0,7,1,23,709,4,2,14,55,18,0,0,27,0,0,0,8,148,5,0,13,2,2,1,0,1,31,1269,58,0,0,28,1
