"","PUFA","amglyccycl","arylpolyene","bacteriocin","butyrolactone","cyanobactin","ectoine","hserlactone","indole","ladderane","lantipeptide","lassopeptide","linaridin","melanin","microcin","microviridin","nrps","nucleoside","oligosaccharide","other","otherks","phenazine","phosphonate","resorcinol","siderophore","t1pks","t2pks","t3pks","terpene","thiopeptide","transatpks"
"sim_meta_tgs-1",2.24988,0,18.11892,102.472526,1.57616,0,7.94909,8.98673,1.73114,0,6.30321,5.46667,3.58374,0,0,0,99.976718,0,0,27.93055,5.41605,0,0,5.07763,23.893725,13.865209,0,19.3246,109.2896598,0,0
"sim_meta_tgs-10",2.67885,0,12.291545,63.9289591,1.58044,0,9.552187,22.006448,0,4.87845,2.44947,0.289295,0,0,4.62444,0.978755,53.955272,0,0,12.823041,3.78882,0,0,0,3.80832,10.31542,0,16.062773,72.641562,0,1.03161
"sim_meta_tgs-100",0,0,25.189329,39.719593,3.06674,0,5.454628,21.1892138,0,4.29694,0.317536,7.73207,0,0,0,0,59.71808528,0,0,40.900366,8.78898,0,2.38237,0,15.73435,8.392987,0,15.927339,115.119657,5.64405,0
"sim_meta_tgs-101",0,0,27.423203,75.452221,1.07129,5.39821,21.004097,22.347758,5.98049,0,32.34849,3.72639,1.8969,4.23193,0,2.27029,87.124925,0,3.66857,57.713384,17.91346,0,6.20316,6.28071,36.556424,43.602052,5.84752,16.985759,121.75329,0,7.63973
"sim_meta_tgs-102",0,0,11.4119083,59.668669,4.1546,1.55741,31.190333,11.30326,5.13902,4.0125,13.288274,5.387467,2.23819,0,0,0,79.3334036,2.66269,2.62036,30.417316,8.33122,0,1.35312,22.46217,13.271484,37.228595,12.67486,15.94122,114.0923556,8.67089,1.26384
"sim_meta_tgs-103",0,0,25.923593,92.433456,0,0,11.11308,31.07792,5.35271,0,9.3342,6.33184,0,0,13.38101,5.3593,78.555514,0,0,35.811312,17.359004,0,7.27017,5.8951,23.066995,42.879958,0,17.712266,103.956822,0,5.38753
"sim_meta_tgs-104",2.39103,0,26.478589,66.568624,5.37211,0,2.717007,45.705339,0,4.7464,17.744488,2.098559,0,0,9.40167,0,86.781327,0,0,20.559184,5.859273,0,12.623083,2.70318,22.0604,2.650446,0,11.833013,58.478104,0,0
"sim_meta_tgs-105",0,0,36.247638,90.42021,2.94566,0,8.71413,1.47887,19.82549,8.35441,0,1.1008,0,0,0,0,70.469187,0,0,43.08513,24.85166,0,1.09797,0,13.7470291,19.136426,0,5.3226,110.390932,0,0
"sim_meta_tgs-106",0,0,45.32576,127.879683,0,0,11.26104,17.6764863,0,0,6.99981,28.230436,0,0,0,0,76.38838,0,0,29.8513,14.77141,0,0.953078,0,33.683238,12.77294,6.63467,11.93329,91.942655,8.82513,0
"sim_meta_tgs-107",0,0,37.625724,66.0856489,1.97243,0,2.62487,22.514053,0,3.66027,11.130639,0,0,0,4.6108,0,46.38038596,0,0,9.064029,6.24901,0,3.02285,9.438817,34.2219,8.627638,0,12.21524,78.2307063,0,0
"sim_meta_tgs-108",0,0,41.12087,63.189609,3.41011,0,6.23845,40.434261,0,0,2.63249,11.5645,4.42627,0,0,0,110.749229,0,0,48.771571,4.029337,0,8.23362,3.03938,21.521124,0.722247,0,17.72876,84.33401,6.49179,1.82273
"sim_meta_tgs-109",0,0,47.06269,91.176627,0,0,14.098952,9.25022,0,2.20794,5.95549,17.73706,0,0,0,0,76.74549,3.45887,0,13.48619,9.4046,0,6.86565,5.81973,17.83421,19.583218,4.27633,30.009906,104.815881,5.93705,0
"sim_meta_tgs-11",1.20344,0,38.52957,81.07137,0,4.25187,3.73785,46.56718,0,0,2.89507,0,0,0,0,0,32.507375,0,0,26.34779,16.54219,0,2.36675,5.243115,41.58323,6.21626,0,11.206418,103.45006,2.67294,4.02532
"sim_meta_tgs-110",2.70219,1.89284,26.438901,48.591755,0,0,17.743329,15.165852,1.10453,0,21.082997,3.582388,0,3.24197,0,0,45.188375,0,1.09995,37.039526,18.069972,0,1.43887,8.11810702,20.603508,18.057073,1.853952,23.337779,111.21733,1.79116,0
"sim_meta_tgs-111",0,0,21.789146,90.3989958,0,0,29.211777,16.989572,8.745398,10.017324,37.330135,8.179991,0,4.53139,6.88466,5.68722,103.809587,6.71988,4.55155,63.977421,23.964935,2.9493,31.538286,10.701537,13.665694,67.944746,7.761505,35.734443,123.741919,3.22968,5.56623
"sim_meta_tgs-112",0,0,24.186417,62.517357,4.26906,1.79939,12.69795,11.76199,1.95031,1.9154,5.493425,10.4991,4.34065,0,0,3.31835,66.07641,0,0,34.64217,9.918656,0,1.43246,3.02558,26.628313,32.816408,4.26991,27.23486,127.561401,11.7746,1.74701
"sim_meta_tgs-113",0,0,45.643247,100.4009292,0,0,14.010764,25.581891,4.28252,4.21647,22.42302,8.885106,0,0,7.13484,0,57.75050012,1.84821,1.84406,37.407811,4.80551,0,3.007826,0.015047,4.043608,18.072937,5.92054,16.860955,112.97459,0,0
"sim_meta_tgs-114",2.26256,0,23.176185,43.532644,3.84756,0,5.737227,12.940602,0,0,12.137901,0.629262,0,0,0,0,40.934842,1.16329,0,16.949382,0,0,6.032856,6.921226,16.26371,6.830446,3.807409,24.839799,108.199224,1.52918,0
"sim_meta_tgs-115",0,0,26.697352,69.837936,0,1.682355,31.1518573,18.840865,4.906755,2.235708,32.376716,6.588495,0,4.80592,7.23872,1.619227,75.988198,0,4.14997,55.835665,5.900172,0,4.58372,1.97625,14.994729,40.12546,7.72676,13.612014,106.861002,0,0.566432
"sim_meta_tgs-116",0,0,41.317845,76.944502,0,0,7.377544,40.452271,1.596075,4.7629,19.708839,6.38662,0,1.27113,7.98809,3.61196,101.373324,0,1.31474,28.714781,11.767831,3.69201,6.05536,11.87859,20.40019,22.60084,2.057762,19.814684,97.664105,4.31362,3.18601
"sim_meta_tgs-117",0,0,30.660747,58.220402,2.16733,0,5.345303,23.861269,0,0,7.104001,5.629451,0,0,0,0.511364,69.425099,0,0,24.427147,7.57166,0,5.21506,0,24.583935,7.066067,1.91986,22.580615,89.5449595,0.811817,0
"sim_meta_tgs-118",0,0,24.43712,89.33994,0,3.37956,5.51563,29.14647,3.50205,3.67628,3.00014,12.08943,0,0,0,6.99552,60.74631,0,0,25.65798,11.12748,0,5.31048,9.81778,25.11265,0,0,23.01979,78.7226,0,0
"sim_meta_tgs-119",0,0,24.87087,116.93079,0,0,0,16.59052,8.21298,6.02562,7.7454,2.270352,5.57816,0,0,8.24827,94.360293,0,0,37.202399,18.053606,0,10.06254,8.51004,13.8643,60.24268,1.68195,20.46746,85.848242,0,7.69135
"sim_meta_tgs-12",0,0,94.05408,53.48915,0,0,5.365371,40.65206,0,0,4.39847,0,0,0,11.54594,0,43.95384,0,0,7.59289,2.02884,0,6.67067,22.68609,27.11201,3.77078,0,3.222762,78.689685,0,0
"sim_meta_tgs-120",0,0,16.037754,95.659813,0,0,3.825162,38.172271,0,7.81953,10.161547,1.56095,0,0,0,0,50.077986,0,0,20.279641,3.60831,0,0,1.94029,28.197535,2.228055,0,21.79992,113.425512,2.72487,0
"sim_meta_tgs-121",0,0,25.572715,42.430742,0,0,10.66262,29.24967,0,0,9.600589,0,0,0,16.86413,0,46.006485,0,0,21.255564,0.841836,0,4.1949,8.37445,13.914499,7.868895,0,10.21822,79.81037,1.82686,0
"sim_meta_tgs-122",0,0,22.77336971,74.84795418,5.47542,0,13.996234,7.196546,1.86335,0,35.863061,8.43223,4.07082,2.60902,0,0.684714,63.8059306,0,2.03364,42.8250708,2.916715,0,2.119417,5.99640053,8.26160665,24.525959,5.02546,22.87869129,71.94230918,0,0
"sim_meta_tgs-123",0,2.49431,19.67781,37.109112,4.80261,0,6.91112,43.86351,0,0,9.54033,4.6117,0,2.70623,16.2568,0,54.010601,0,0,30.97918,3.492326,0,12.14026,3.37244,24.2507796,9.73595,0,11.06648,104.545876,4.38375,0
"sim_meta_tgs-124",0,0,32.915412,64.533768,3.80819,0,46.92752,26.953597,5.62782,2.28251,43.37128,5.47965,0,6.48491,0,0,163.29442,0,5.54625,46.089,18.46463,0,3.78443,1.9504,12.293947,67.77397,13.83835,9.12248,116.700573,9.06926,0
"sim_meta_tgs-125",0,0,22.356353,48.4297276,1.10575,0.895327,14.349949,17.26095408,0.984317,2.34822,4.01924,0.696242,0,0,0,0,47.5786189,0,0,35.189669,14.065103,0,3.18755,2.64252,19.033521,6.044791,0,12.036602,107.8392245,0,0
"sim_meta_tgs-126",0,0,32.33039,64.746961,5.91155,0,29.961635,31.723306,4.77217,0,27.098463,3.774726,3.16765,2.74983,0,0,100.706985,0,2.16729,51.69488,13.447889,0,6.66692,4.74843,28.564659,28.465777,3.87652,13.439086,119.779629,0,0
"sim_meta_tgs-127",0,0,38.40489,113.73497,0,0,6.46832,22.45842,17.31505,3.58916,15.40894,3.1525,0,0,3.52638,0,71.088532,3.11698,3.24016,47.40774,8.1464,0,9.27681,6.47134,16.4622336,21.1365,12.69142,24.39802,89.96034,0,2.32442
"sim_meta_tgs-128",0,0,14.69541011,62.393359,2.89629,0,23.219989,18.921415,2.6375,0.835772,39.061856,9.023531,0,2.75575,0,0,92.4795895,2.13778,2.49299,45.819165,12.407489,0,6.76876,0,22.784275,29.00567,4.13063,25.619078,101.920519,0,0
"sim_meta_tgs-129",0,0,32.89533,113.505635,0,0,3.36233,19.77012,0,0,4.612046,7.26702,0,0,13.09703,0,36.622346,0,0,66.961581,7.88161,0,2.17882,0,23.32141,0,0,2.50141,85.899193,2.87935,0
"sim_meta_tgs-13",0,0,49.459391,62.075695,0,2.94277,6.653221,47.158866,0,3.89215,2.315334,2.594789,0,0,0,0,59.88995942,0,0,35.468685,7.484307,0,1.17944,0.75921,17.5220598,4.717061,0.410516,15.97978,87.4266899,0.01496574,2.89723
"sim_meta_tgs-130",0,0,30.810185,62.473073,2.34995,0,16.397335,17.8574264,1.669403,0,18.350182,8.49247,0,0.835226,1.219365,0,65.3116082,0,0.815738,32.015407,6.880675,0,11.52591,9.98795,17.953143,18.088015,1.489943,16.762853,76.130133,0,0
"sim_meta_tgs-131",0,0,39.77283,82.75998,0,0,0,13.31897,9.89889,5.88141,29.2183,5.38088,0,0,0,0,71.851089,5.25748,5.13108,36.20101,4.67648,0,3.23446,9.90611,13.80915,22.53407,15.25175,10.50168,114.05339,0,0
"sim_meta_tgs-132",2.50217,0,44.823029,56.42316,0,2.29075,14.0219171,17.739644,0,1.59798,6.900314,5.252737,0,0,0,1.62175,68.527824,0,0,31.663899,10.924904,1.54256,3.430257,3.02483,26.099598,0.49396,0.553794,17.953063,88.853423,5.59911,4.297102
"sim_meta_tgs-133",0,0,36.677802,54.069348,3.39034,6.88026,6.86392,33.105413,0,4.23229,4.88824,1.51032,0,0,0,0,98.317384,0,0,51.87014,14.482287,0,1.94698,0,29.8505192,3.239848,0,6.44161,96.69333,0,5.87769
"sim_meta_tgs-134",0,0,21.54467,66.861967,15.19082,0,13.35471,33.47293,7.04259,0,10.07285,3.39079,2.33565,0,0,0,119.249422,6.47449,0,49.61255,23.81301,2.08535,22.25541,4.45219,19.48244,26.22019,0,23.350669,141.694753,0,0
"sim_meta_tgs-135",0,0,38.5855,103.581351,0,0,11.857909,24.231382,0,5.33357,14.51945,0,0,0,0,0,50.0745,0,0,17.73547,2.98806,0,0,10.35377,9.14900482,5.38483,0,23.81377,73.056513,0,0
"sim_meta_tgs-136",0,0,41.949643,56.559295,1.53689,0,0,21.14307,11.56001,5.16378,27.97479,5.71418,0,0,0,0,67.19753186,9.47993,5.73941,51.5063,4.58578,0,9.08028,0,18.290789,22.90185,17.23667,33.5979,108.3679533,0,0
"sim_meta_tgs-137",0,0,29.70182,100.080519,0,0,8.790132,28.687829,0,1.74453,13.0714,1.181324,1.35666,0,0,1.88444,43.95621484,0,0,39.093852,13.00805,1.8416,3.86718,4.827253,22.070692,6.125811,0,24.149748,103.87346086,1.84169,1.76565
"sim_meta_tgs-138",0,1.91442,16.09360216,71.856989,0,2.49781,1.96451,13.2930489,0,0,3.738152,2.77627,0,1.67987,0,0,29.80528432,0,0,16.996012,4.596035,0,0,1.106717,15.337366,5.99323,0,17.43031596,65.279893,1.7269,2.46336
"sim_meta_tgs-139",0,0,44.725419,77.376155,8.80546,1.63349,3.575466,23.797039,5.89803,7.341372,5.881387,9.97745,0,0,11.22016,1.00273,64.894412,0,0,20.509778,9.345357,0.962503,0.955693,4.459922,23.445968,20.152492,2.46339,5.142631,81.902824,5.892011,4.057211
"sim_meta_tgs-14",0,0,21.370591,70.307833,3.79418,0,8.817845,31.429279,0,0,14.74283,14.03031,0,0,0,0,87.253777,0,0,19.071594,12.99956,0,7.66459,9.56624,47.16515,11.78191,3.5949,10.909289,81.708909,2.47907,0
"sim_meta_tgs-140",0,0,31.226306,101.698433,3.64163,0,10.82688,27.69207648,0,1.187311,10.990503,8.507518,2.73117,0,0,0,60.2382512,3.29685,0,27.604222,7.540718,0,9.535329,9.49128,23.279007,11.034489,1.20776,19.307202,86.190919,2.51357,0
"sim_meta_tgs-141",0.600451,0,34.7679204,55.449156,5.20458,0,7.10602,11.024107,0,2.59233,4.862486,0,0,0,0,0,54.71854942,0,0,25.601649,10.9784,0,4.93651,4.11733,13.894804,0.773876,0,11.91881,81.22687183,0,0
"sim_meta_tgs-142",0,0,47.335221,97.1981298,5.69266,1.08415,11.371102,19.1358366,6.941926,3.53499,25.03332,1.780653,0,1.09064,4.48762,0,73.617549,0,0.787985,37.687255,22.956756,0,2.29065,7.57939,15.490543,16.282914,2.506878,41.191485,101.5968636,0,0
"sim_meta_tgs-143",0,0,33.6519575,76.0217885,3.62964,1.6725,17.167444,24.897835,1.6504,6.5122,7.58771,7.91085,0,0,0,3.18317,76.59489952,0,0,23.533051,6.53013,0,2.617035,0,18.350528,33.043029,4.536077,11.125031,84.90909302,8.1441,0
"sim_meta_tgs-144",0,0,28.0682,56.29865,0,0,0,14.51377,0,9.20292,13.14473,1.26765,13.3918,0,0,0,61.81954,0,0,50.30071,3.16328,0,0,0,55.26161,8.87243,0,21.62274,109.09423,0,1.6277
"sim_meta_tgs-145",0,0,17.466164,39.19829872,4.49548,0,10.170828,41.184951,0,6.21844,13.140763,3.40104,1.36894,0,0,0,66.367429,0,0,31.138675,7.528927,0,5.451057,3.10617,45.122068,5.982849,0,26.556567,81.8795406,0,0
"sim_meta_tgs-146",0,0,50.21567412,34.693909,0,3.9343,2.741239,31.721307,0,0,0,10.94757,0,0,0,0,69.151728,0,0,22.66584,4.446437,0,7.7326,8.48119,32.557041,10.78115,0,7.23606679,76.555838,0,3.42128
"sim_meta_tgs-147",0,0,36.5645413,95.5714943,0,0,7.3968,18.242506,1.94012,0,7.781241,0.584799,0,0,0,1.92165,117.579466,0,0,43.790778,8.77385,0,4.032268,2.2531818,34.989779,23.06261,1.14151,11.117758,87.708036,1.82256,2.04426
"sim_meta_tgs-148",0,0,48.42045,58.59725,0,0,5.31736,39.34075,0,14.03639,9.82222,41.22288,0,0,0,0,64.95798,0,0,6.294116,3.36303,0,0,5.52891,30.96415,16.00507,0,16.94935,76.86381,0,0
"sim_meta_tgs-149",0.632745,0,25.806534,71.5610264,3.01222,0,14.943024,34.296259,1.15041,2.45082,14.08916,14.705726,0,1.36662,0,0,38.855023,0,0.997559,30.179194,2.961269,0,7.768791,5.503867,24.211987,15.313744,1.738734,11.746296,120.7832006,0,0
"sim_meta_tgs-15",0,0,32.206795,100.622441,0,0,8.918246,26.678676,0,4.13273,9.27935,0,0,0,0,0,70.2970744,0,0,28.531323,0.803923,0,2.87731,11.84061,19.606294,3.940938,0,16.675945,64.002231,0,0
"sim_meta_tgs-150",0,0,40.72901,68.366736,0,0,0,28.006161,0,0,0.267408,1.907134,0,0,0,0,96.354689,0,0,39.148729,4.68911,0,7.64988,4.28633,6.391307,10.377807,0,11.59723,81.039432,0,0
"sim_meta_tgs-16",0,0,29.89091,69.4905697,0,2.57911,5.50321,19.408,2.18841,3.95034,12.203948,8.664851,1.34633,0,8.46443,0,52.908923,0,0,21.783295,0,0,5.16492,2.9635,16.860077,9.399063,0,12.037685,75.585847,0.577292,0
"sim_meta_tgs-17",0,0,43.13035,66.80686,2.80134,0,6.94411,22.58319,0,2.25255,12.30917,0,0,0,0,2.52907,47.12876,0,0,41.96148,16.96246,2.34666,4.73644,6.24641,50.45742,2.14548,0,7.601,101.74049,2.33678,2.25505
"sim_meta_tgs-18",2.37683,0,16.853847,55.832369,2.0725,0,13.209673,18.886906,0,3.84348,3.067633,4.468281,0,0,0,0,66.558229,0,0,31.677822,4.156438,0,5.308338,6.16879,30.87412,36.526946,1.79692,20.562269,82.262263,9.95419,0.677778
"sim_meta_tgs-19",0,0,19.33382,84.76093,3.42695,0,8.73113,20.88778,0,0,0,2.71854,0,0,12.59039,0,43.63237,0,0,37.16291,23.33199,0,0,16.87619,23.38816,21.610933,3.36927,23.508841,135.26099,7.27639,0
"sim_meta_tgs-2",0,0,16.721674,40.505129,0,0,6.250485,14.3955059,0,0,1.0312,2.15759,0,0,0,0,31.5332544,0,0,26.475333,8.84602,0,0,0,34.74379,4.346772,0,26.389094,98.564841,0,0
"sim_meta_tgs-20",0,0,30.346115,70.622592,0,0.900881,23.766446,19.417729,0,0,9.14052,1.879703,0,0,4.092945,0,54.532781,0,0,36.540394,4.50412,0,5.57269,6.192737,13.7910977,19.341729,0.296379,5.213247,116.868676,0,0
"sim_meta_tgs-21",0,0,35.2330533,76.043651,1.84272,0.868864,4.690588,12.194962,9.035898,2.252673,13.576272,8.089326,0,0,15.50466,0,62.6395059,4.09563,3.81406,60.175309,9.54229,0,3.573803,10.8941698,18.792458,25.431779,12.10443,22.924808,131.734648,0,0.662159
"sim_meta_tgs-22",0,6.06867,32.7269636,66.340853,5.335247,0.949723,7.06433,30.054565,3.11451,1.02569,12.71151,10.290778,0,5.81698,0,1.93959,116.2265318,0.552549,0,19.342644,10.57677,0,18.788355,11.72388,38.001514,23.061217,0.889334,17.680585,72.9974689,6.783438,0
"sim_meta_tgs-23",0,0,21.977055,81.555348,3.6754,0.316718,13.629383,11.195454,0.263587,0.351813,15.887305,3.900641,2.4585,0,19.05863,0.680745,123.210349,5.73173,0,50.035536,4.89822,0,13.46603,1.27055,31.445479,18.711599,4.769076,27.333889,80.302903,7.84876,2.24742
"sim_meta_tgs-24",0,0,19.69926,72.224429,0,5.31177,2.12322,15.939522,4.69249,4.17136,5.64092,1.49975,3.98543,0,0,0,49.79965,0,0,22.06523,3.80773,0,2.10831,4.19239,15.43292,0,0,7.867309,92.070931,0,2.23386
"sim_meta_tgs-25",0,0,39.106955,98.57751701,0,0,4.40945,18.044752,0,9.08972,13.60334,1.939083,0,0,3.95007,9.1831,62.382712,5.98935,0,35.878524,30.15646,8.35263,30.63505,8.84629254,17.356889,8.44022,0.489929,37.412317,115.926571,11.86255,8.76284
"sim_meta_tgs-26",0,0,65.16402,51.58854,0,0,5.42016,38.84708,0,0,0,3.41396,0,0,0,0,78.10435,0,0,5.5114,0,0,9.57168,7.23124,15.57035,5.00761,0,7.28394,73.23156,0,0
"sim_meta_tgs-27",0,0,29.234005,85.750555,5.31332,0,8.389494,42.645545,0,1.57658,10.058151,4.096823,0,0,6.735673,0,60.420742,0,0,35.681458,8.4755,0,5.159936,0.292583,32.921594,12.671145,2.409117,15.155796,76.451403,3.783887,0
"sim_meta_tgs-28",0,0,48.086043,79.869625,0,0,31.32289,40.15317,0,0,2.04311,0,0,0,0,0,67.92411,0,0,8.4666,0,0,0,0,23.22352,14.7869,0,18.29769,99.001452,0,0
"sim_meta_tgs-29",0,0,13.75561,82.08666,3.35744,0,12.37123,11.76963,5.40042,0,35.83533,41.79123,0,4.15798,0,0,134.848338,0,2.3479,43.86566,33.00206,0,0,0,36.64298,49.68001,13.55003,12.43939,111.40449,9.68433,0
"sim_meta_tgs-3",0,0,50.43919,128.75044,0,0,5.48981,22.71183,0,0,0,0,9.80032,0,0,0,32.975386,0,0,21.67608,5.31943,0,0,0,34.97859,0,0,17.36324,70.71005,0,0
"sim_meta_tgs-30",0,0,27.80688,123.248784,3.03904,0,8.88167,15.261713,0,4.51895,20.90549,7.21563,0,0,0,0,101.5036,0,0,41.71677,3.118351,0,0,11.52888,15.35478,36.96766,2.49908,5.41895,109.132016,5.32709,0
"sim_meta_tgs-31",1.62383,0,26.206721,86.834905,5.94522,6.85942,4.86901,34.886225,0,0,1.47436,13.267657,1.56223,0,3.84595,0,55.08569,0,0,16.730891,6.918261,0,3.75317,2.77651,19.980258,1.19758,0,4.101426,58.284753,0.731876,5.7946
"sim_meta_tgs-32",0,0,44.045612,73.9929582,3.32228,0,9.5599974,14.0669658,7.71237,0,27.44278,16.97337,0,0,0,0,160.334991,2.03897,2.02174,48.71647,22.06273,0,0,0,28.66596,28.928695,9.4098,12.941506,115.027082,3.29548,0
"sim_meta_tgs-33",0,0,51.006758,118.379756,0,0,3.753242,32.493153,13.01119,2.34512,11.03818,3.690677,0,0,0,3.71045,97.01985228,2.1498,2.30719,37.261884,10.000381,0,9.71162,12.13882,12.423232,43.274231,6.8471,16.186471,111.21516036,1.25968,3.61534
"sim_meta_tgs-34",0,0.659378,27.4655111,51.6383292,3.90199,0,40.100703,28.243947,0,2.46959,25.824905,5.554231,0,0.700928,3.36468,0,113.439503,0,0,29.970462,7.012738,0,1.11799,4.95145,7.406157,39.775495,4.61954,18.090947,123.576074,9.482659,0
"sim_meta_tgs-35",2.37309,0.626553,25.387709,97.10589,0,1.27696,6.871147,28.52401,1.41502,1.32578,13.430075,0.637141,0,0.569297,10.5152,0,69.547083,0,0,23.993966,5.761941,0,1.77655,3.64615,21.385518,9.692322,0,20.554858,103.93075,0.476223,0
"sim_meta_tgs-36",0,0,21.237595,89.679037,1.46865,0,13.58182,34.589359,0,3.7608,8.5638,3.368453,2.18633,0,2.60361,1.15224,63.225364,0,0,30.40202,1.42268,1.72217,1.19208,4.266996,19.018376,11.088678,0,13.97493,79.48469,0,0
"sim_meta_tgs-37",0,0,49.985473,84.21811,0,0,11.957744,30.313278,0,4.15329,6.171447,4.088426,0,0,12.63186,0,94.261663,0,0,29.553535,2.025343,0,2.19004,5.31864,22.434098,18.54148,0,4.815542,97.72771,0,0
"sim_meta_tgs-38",0,0,34.01850348,91.449552,6.61976,0.611216,20.149217,8.19537726,0.760126,0.725432,3.232509,1.884409,0,0,24.96555,1.392184,109.006783,0,0,18.5905,7.114957,0,1.71285,3.371185,13.811339,46.287673,4.99384,12.29057064,146.890352,10.16073,0
"sim_meta_tgs-39",0,0,25.683759,70.547615,3.24767,0,5.544801,33.913629,13.0054,4.3276,16.9991792,13.73377,0,0,0,2.08757,129.6619063,3.66269,3.88502,52.44008,19.66,0,11.0574,2.11936,14.8414277,51.5867343,14.33136,11.945657,149.506913,2.77048,2.06632
"sim_meta_tgs-4",0,0,28.025293,83.847812,0,7.509,15.149878,24.431625,7.09232,5.70017,18.86741,2.962756,0,3.0754,0,0,56.363041,0,2.38539,39.63054,16.603041,0,1.07942,0,11.919048,18.978102,4.04779,3.446326,82.413782,0,0
"sim_meta_tgs-40",0.50794,0,14.108624,71.6084445,0,0,13.975834,17.600041,0,0,9.94527,15.36575,0,0,0,0,66.621706,0,0,36.22172,0.682814,0,0,8.21095,15.03904,18.449777,0,16.566487,117.782179,1.52287,0
"sim_meta_tgs-41",1.95543,0,27.820304,80.443427,13.87782,0,12.27359,21.23606,8.8523,4.09921,6.53201,0,0,0,0,0,169.583547,0,0,40.53959,36.21839,0,3.71498,2.0012,20.038803,17.78809,0,8.01547,120.654337,0,0
"sim_meta_tgs-42",0,0,36.996652,81.969274,4.826364,1.26241,12.202065,14.437911,8.3532,1.81916,23.774648,12.344728,0,0,0,1.7677,122.886586,0.327375,0,42.940406,15.86187,0,6.226205,1.746,18.2332957,35.608265,4.152734,22.172901,99.681831,2.156702,1.60826
"sim_meta_tgs-43",1.93731,0,29.5274527,42.896984,0,0,7.916617,35.788733,0,0,6.473721,2.562113,0,0,0,0,32.2159023,0,0,33.803257,0,0,6.48493,1.75507,14.470268,5.096976,0,9.549448,65.608831,0,0
"sim_meta_tgs-44",5.44596,0,31.2608747,91.7115758,4.6216,0,13.065028,14.128774,12.9698,2.94881,12.571038,7.533408,1.28667,0,19.08576,0,74.5358015,3.5991,3.32714,36.159,9.835945,0,2.536279,1.31996566,11.781414,37.046959,12.61983,14.347135,123.7201508,4.88304,0
"sim_meta_tgs-45",0,0,11.05647769,80.4565493,0,0.476934,4.605893,12.902973,3.232328,3.218729,6.421953,7.933263,0,0,8.8285,3.841993,44.374998,0,0,25.334466,12.345074,0,2.84581,8.866519,22.142735,20.864308,0,17.096222,81.76541,0,2.8232
"sim_meta_tgs-46",0,0,36.807402,62.535532,0,0,19.02337,25.675239,3.01627,3.74588,20.84274,19.64181,0,3.25968,0,0,60.072458,0,2.9906,41.2544,17.28512,0,2.21234,0,21.923713,20.99288,6.087625,3.88562,104.029926,0,0
"sim_meta_tgs-47",1.885877,0,33.909888,84.87878,0.586651,2.77882,8.263385,24.089038,9.02769,1.16153,27.679207,21.194595,1.31593,0,2.82987,0,101.291642,3.30013,3.31704,57.331018,0.138443,2.38148,4.230977,5.427893,11.03715,28.797841,10.13005,10.964081,90.241691,0.428005,1.41236
"sim_meta_tgs-48",0,0,44.00737,86.5508928,0,1.45671,11.106498,33.208918,0,3.66669,0.570231,12.887632,0,0,0,0,83.200768,0,0,49.068761,0,0,0.560986,0.446767,12.8410461,12.737934,0,8.832662,105.463959,0,1.48198
"sim_meta_tgs-49",0,0,18.334353,19.058957,0,5.31797,5.00616,20.794013,0,2.5054,7.74374,1.121644,0,0,45.30915,0,48.656667,0,0,18.927622,15.735761,0,0,2.50818,19.063935,12.95996,0,33.428137,75.817995,0.6812,5.03287
"sim_meta_tgs-5",2.11603,0,33.983514,93.47815,0,3.41777,15.82872,21.181481,0,8.14558,26.87441,8.033,0,0,0,0,88.68477,0,0,49.20061,4.92544,0,0,0,9.5648,22.0356,0,18.62598,94.176827,0,3.58473
"sim_meta_tgs-50",0,0,23.965588,83.979315,0,0.671998,1.395285,30.184168,0,0,8.396891,2.005725,0,0,0,0,64.899587,2.47673,0,23.886901,6.790688,0,9.614112,2.983528,12.136278,2.574364,0,24.38942,69.38584,1.14029,0
"sim_meta_tgs-51",0,0,15.098535,58.618041,0,1.00974,24.0634939,18.990406,6.87508,1.48974,50.18392,16.59964,0,5.17244,0,1.33324,101.998041,0,5.32717,51.786327,11.16168,0,4.6341,1.42453,16.2431446,57.501156,12.45832,22.698853,121.285251,0,2.208376
"sim_meta_tgs-52",0,0,28.843355,94.479837,12.33462,7.265904,9.879811,35.362977,0.766536,6.072627,9.146845,3.191131,0,0,2.45893,6.413621,129.831291,0,0,27.00967,31.12383,5.31938,5.25838,8.92245,9.00199,52.65611,8.64885,24.390275,174.766212,22.52121,10.6038
"sim_meta_tgs-53",0,0,59.37234,69.965478,1.91163,0,5.740853,32.375599,1.78414,2.23934,8.78753,1.08552,0,0,17.08468,1.7092,98.125053,0,0,38.70549,15.152642,0,4.725132,1.86101,30.56327,11.83326,0,13.678433,88.649413,0,1.74124
"sim_meta_tgs-54",0,0,43.3987442,88.3133491,0,4.699114,7.0907497,21.25482604,4.072956,3.904931,2.601557,4.782201,0,0,0,0.943662,55.0305434,0,0,25.629914,15.955085,0,1.31054,4.53702,26.389959,9.022808,0,10.620806,92.345895,0.89135,4.20885
"sim_meta_tgs-55",0,0,30.176919,102.005134,7.21577,2.427131,11.90771,39.111593,0,0,15.699306,6.61507,1.4132,0,11.26018,0.30136,83.251926,0,0,39.860428,11.10958,0,3.19262,6.82958,28.33,2.375573,0,10.18596,88.536243,0,2.76245
"sim_meta_tgs-56",0,0,26.960106,105.136606,1.466941,0,7.770362,22.34252,7.55464,2.96355,20.312467,4.643335,0,0,0,2.66977,80.934788,4.117787,3.79425,45.887783,8.60248,2.7254,7.376593,12.63593,31.088984,22.372534,12.185778,21.543124,103.83966327,4.918367,2.68839
"sim_meta_tgs-57",0,0,30.789917,30.955414,10.6249,3.47018,1.763916,18.822266,0,0,13.78066,11.11296,0,0,0,0,51.531345,1.30164,0,41.512508,17.88611,0,1.51895,0,19.345397,11.054913,1.77471,29.44546,127.566317,1.44271,3.31176
"sim_meta_tgs-58",0,0,28.746009,59.61045101,3.71343,0.745233,17.06387,22.358947,0.719279,4.95714,12.662559,1.653717,0,0,0,1.676049,24.199212,0,0,23.834047,5.384609,0,1.40455,11.1190174,24.98144,5.378801,1.40069,13.881788,76.485853,0,0
"sim_meta_tgs-59",0,0,34.05936,47.83411,0,0,9.52164,47.05882,0,19.0524,13.76117,0,0,0,11.4924,0,69.132062,0,0,16.83377,0,0,0,7.81397,23.08692,8.12908,0,7.82485,144.314155,0,0
"sim_meta_tgs-6",0,0,40.907409,65.1577506,3.590782,1.77261,13.377498,18.802508,3.04418,0,6.896642,0.833424,0,0,0,0,60.247894,0.714272,0,34.108313,7.455092,0,0.728608,3.3861,14.699278,27.51153,0.710704,22.296177,98.204846,0.863855,0
"sim_meta_tgs-60",0,0,31.243753,59.0073748,3.14027,1.90535,6.550381,33.438404,2.06279,0,5.872815,1.342286,0,0,3.58177,0,41.487513,1.80455,0,39.206853,4.958589,0,8.514479,5.74762,15.668762,2.293423,0.635304,10.550811,81.81454,0.660493,0
"sim_meta_tgs-61",0,0,26.66801,67.438626,1.90181,0,9.27601,29.01008,0,0,14.88332,0.9966,0,0,0,0,63.02172,0,0,42.63121,7.851822,0,4.7145,2.5231,15.028006,17.18655,1.92086,18.92531,92.602504,3.49918,0
"sim_meta_tgs-62",3.038772,0,37.57787276,59.13118526,3.20958,0.851609,5.522659,30.396553,0,0,10.269815,3.24678,0,0,12.13735,0,46.28205234,0,0,32.76834455,9.73088,0,4.62573,6.2349518,26.59124278,12.848943,0,8.196951,46.1346377,1.62023,1.08718
"sim_meta_tgs-63",0,0,34.242031,41.5162775,4.09568,0.466817,20.102793,43.341077,3.50954,5.89498,28.16626,12.232634,0,3.65395,14.18899,0,109.521002,0,3.63667,34.28903,5.15223,0,4.07343,8.1735,22.9599796,29.964185,6.1032,9.731143,123.400977,0,0
"sim_meta_tgs-64",0,0,12.382778,66.20889,2.18584,8.93754,13.4057,12.87855,10.06306,0,4.01378,0.382274,0,0,0,0,68.15752,0,0,9.97353,8.50477,0,2.88535,0,5.14697,7.4367,0,18.482876,87.766626,0,0
"sim_meta_tgs-65",0,0,50.833203,79.382723,0,0,12.92964,7.710385,0,0,22.02679,2.12631,0,0,0,0,94.436805,0,0,22.31732,2.84558,7.68933,2.58302,17.19782,4.78988,6.995189,0,26.08218,77.50864,0,0
"sim_meta_tgs-66",0.543431,1.64875,33.235834,93.246493,0,0,3.463147,28.780192,0,3.32258,6.26489,6.028808,0,1.66769,5.90193,3.03677,102.573891,0,0,25.619892,11.625035,1.33136,1.46033,3.19896,28.230093,7.025799,0,13.37043,74.98043927,3.14588,1.31257
"sim_meta_tgs-67",0,0,13.454233,55.13373,1.25466,2.508069,3.677249,20.01952229,1.8281,1.53131,6.33724,18.120038,0,0,0,0,60.509357,0,0,28.132599,16.247248,0,2.251316,4.96915,30.277456,16.793556,4.15536,11.446592,106.624924,4.12652,1.91848
"sim_meta_tgs-68",0,0,36.0899272,112.3196832,4.585914,0,9.3732342,14.8515363,11.644113,10.51802,10.038333,1.369606,1.5515,0,0,6.17403,108.342595,0,0,33.86882426,26.595221,2.74163,7.62708,8.347853,18.1881146,28.21837,0,20.68946,99.6128737,3.37623,5.65814
"sim_meta_tgs-69",0,2.99093,30.544671,76.598746,3.16528,6.95329,18.100768,20.663728,0,0,5.25661,2.91009,0,2.97886,9.03756,0,84.076602,0,0,33.84328,9.85932,0,3.652051,4.45655,27.51865,17.42221,0,18.394658,88.957308,2.94046,6.48413
"sim_meta_tgs-7",0,0,27.51148386,83.2324214,0,0,2.949847,10.646453,4.82103,2.84415,14.95346,13.299365,0,0,5.94938,0,90.425616,6.42701,2.3992,35.251478,1.221086,0,8.64727,2.36902,13.635066,10.414952,6.7828,21.68559,67.5405227,0.575107,0
"sim_meta_tgs-70",2.36622,0,61.19876,59.578152,0,0,0,35.08537,0,0,0.8637207,0,0,0,0,0,53.45246743,0,0,8.139637,5.72657,0,8.049273,10.74689,45.904414,0,0,16.07236,78.792245,0,0
"sim_meta_tgs-71",0,0,35.65729,92.547007,0,0,2.911511,40.247605,2.38784,0,4.67964,16.748902,0,0,0,0,70.26106,0,0,23.19643,7.064316,0,6.61502,3.41257,8.860074,12.002067,0,24.01092,54.35762,0,0
"sim_meta_tgs-72",1.3531,0,27.7654614,63.400441,9.07812,0,10.874026,26.47427949,1.47455,2.03469,19.284877,3.26666,3.04747,0,0,1.54926,74.516085,1.87472,0,45.071863,2.63201,0,6.75183,7.12682,31.180526,22.685689,3.21718,21.565607,114.9200887,3.70256,1.28192
"sim_meta_tgs-73",0,0,17.148045,71.165917,1.8012,4.64335,10.225502,30.893159,4.363032,0,0.852121,10.01309,0,0,0,0,54.894773,0,0,6.8953795,0,0,0,13.05356,26.342138,6.083778,0,4.199879,70.17264078,0,0
"sim_meta_tgs-74",0,0,31.016129,60.2597396,0,3.02444,5.019661,50.177573,1.04562,0,2.05723,11.642995,3.88928,0,5.90446,0,63.462967,0,0,23.003413,2.342004,0,7.16873,9.14691,16.776821,1.902327,0,8.719482,86.755176,0.725357,1.91553
"sim_meta_tgs-75",0,0,40.72868,61.158937,0,0,13.799777,29.286308,0,0,4.68697,2.794621,0,0,0,0,69.087594,0,0,7.39258,2.978441,0,7.63981,0,7.49847,14.898168,8.20242,31.873338,78.172775,3.88861,0
"sim_meta_tgs-76",0,0,48.145942,58.778244,0,0,13.046094,32.708788,0,3.63839,5.240877,1.965936,0,0,4.61601,0,49.798069,2.8069,0,38.948232,3.814733,0,6.677508,4.8901,27.74763,12.990039,0.882801,18.559491,89.777392,0,0
"sim_meta_tgs-77",0,0,21.792879,67.022663,4.87998,0,4.524014,13.657547,0,0,32.044472,13.647828,0,0,0,0,105.933616,2.39047,0,24.58177,10.993292,7.72295,10.26889,17.14743,26.80413,6.73065,3.07628,28.94689,97.010645,3.1357,0
"sim_meta_tgs-78",0.772772,0,42.819619,79.547813,2.210712,0,16.356531,34.918677,0,3.1464,7.079605,2.156916,0,0,0,1.03396,48.687873,0.624988,0,23.078769,0,0,3.607726,6.261171,14.882557,10.418992,0.723628,10.28444,94.948088,0.737271,0
"sim_meta_tgs-79",0,0,32.149785,79.6838027,1.79481,0,6.757919,26.654549,0,7.75379,15.234013,0.158178,2.58214,0,4.033,4.77022,41.870567,0,0,39.68671,17.740054,3.67485,5.65277,8.930471,11.86153535,7.842526,2.12064,19.584445,106.072001,3.92906,4.01055
"sim_meta_tgs-8",0,0,62.058572,76.214695,1.567487,0,18.695193,21.937347,0,0,37.607486,1.46807,0,0,0,0,90.481138,0.405166,0,20.207273,7.9911,0,10.623849,2.47739,22.77134,14.698659,0.647237,4.866224,90.565731,0.581297,0
"sim_meta_tgs-80",5.478589,0,49.072514,129.961351,0,0,11.31569,13.879679,0,2.29825,0.775483,5.09829,0,0,6.92912,0.592068,31.106987,0,0,15.037114,0,0,0,0,41.295118,0.952524,0.48583,15.225427,56.604922,0,0
"sim_meta_tgs-81",0,0,18.565404,83.729116,0,1.19848,19.516,41.92183,2.08687,0,3.76252,0.865187,0,0,0,0,73.633144,0,0,17.916775,0.831735,0,19.3276,4.16235,50.942473,14.887443,0,12.5248,111.11258,4.32332,0
"sim_meta_tgs-82",0,0,29.56687,87.13571,0,0,24.2441,3.87291,14.11539,7.91808,37.69228,9.53715,0,0,0,0,68.25634,4.23486,4.33865,60.824,12.42655,0,2.01909,4.64094,11.02751,25.66067,12.55587,27.17903,113.089326,0,0
"sim_meta_tgs-83",0,0,46.01516,39.878627,10.1858,0,3.811489,55.7679,2.30931,0,11.81591,1.73539,0,0,0,0,127.674546,0,0,0,0,0,21.19972,0,10.2124,7.45401,0,27.71564,96.11067,0,0
"sim_meta_tgs-84",0,0,26.271285,82.550174,3.22784,0,5.907155,19.956356,0,0,18.528347,12.25009,0,0,0,0,94.906783,0,0,27.65974,13.109914,3.50325,4.53052,3.77774,49.063664,7.816372,2.35507,8.44752,64.875053,4.07709,0
"sim_meta_tgs-85",0,0,21.961101,81.14699,2.53073,1.33851,5.26524,33.78332,4.49971,2.92456,27.56756,6.6687,0,0,4.905656,2.83055,109.210888,0,0,34.817785,4.108411,0,5.42694,6.22086,17.21637,16.653206,0,12.23151,92.838939,2.24327,0
"sim_meta_tgs-86",0,0,49.373504,89.048344,0,0.716625,12.387129,33.642567,6.47253,1.96462,14.868774,0.542089,1.59816,0.558467,29.38658,1.98552,92.502965,0,0.521652,24.139154,9.360694,3.448,11.21318,9.5991,22.252272,25.194827,0.752549,12.418351,92.979805,0,2.949431
"sim_meta_tgs-87",0,0,45.20969,78.481671,9.36462,0,0,31.33715,0,0,0,0,0,0,24.44934,0,69.03985,0,0,15.8268,5.21452,0,12.45801,4.67718,5.58688,0,0,7.13219,57.598438,0,0
"sim_meta_tgs-88",0,0,40.639287,59.323193,0,1.16504,17.028488,37.802212,3.81239,0,4.328388,2.32896,9.88484,0,0,3.9679,101.866031,0,0,33.350079,8.72509,0,13.36831,8.14102,14.03459,31.108482,0.837688,8.276966,105.767222,0,5.13223
"sim_meta_tgs-89",0,0,9.87266,93.98102,0,0,6.16892,32.01303,0,0,0.991175,0,5.94542,0,0,0,61.76966,0,0,52.04901,0,0,0,0,33.70012,12.19051,0,15.93709,104.64903,0,0
"sim_meta_tgs-9",0,0,27.3215779,77.6598127,0,0,0,35.3084,0,0,3.2065,7.34991,0,0,16.52316,0,24.55998,0,0,21.06353,1.11852,0,8.62326,0,31.330024,12.57239,0,7.70529,87.68154,0,1.26596
"sim_meta_tgs-90",0,0,35.655134,79.327316,7.62687,0,11.00502,34.042111,0.83308,0.905185,9.014895,15.583302,0,0,0,0,63.016988,0,0,13.552996,4.2104,0,10.31849,4.681893,21.280701,3.19867,0,15.206754,90.227231,0,0
"sim_meta_tgs-91",0.885907,2.74831,63.3978217,97.94166,1.681203,0,4.2449,21.069341,0,0,37.272484,2.51247,0,2.4535,3.62773,0,88.5674707,0.432963,0,24.245277,2.51861,0,2.385259,0.0141344,21.776202,11.683919,0.589891,8.767034,48.3032688,3.282191,0
"sim_meta_tgs-92",0,0,8.567908,95.601488,11.86552,0,16.3929,19.64806,0,0,16.85386,7.49986,0,0,9.02703,0,121.882237,0,0,51.87201,7.8148,0,6.64444,6.17711,37.07879,72.11606,6.76057,22.694803,102.009069,12.68979,0
"sim_meta_tgs-93",0,0,27.637816,52.028442,0,0,11.27388,10.947937,0,3.10583,21.34277,6.604968,0,0,0,0,69.8245481,0,0,31.706016,8.40382,0,7.5702,0,15.139103,33.382076,0,6.73992,74.84440268,0,0
"sim_meta_tgs-94",0,0,38.2595836,78.3137938,0,3.80774,11.347475,27.07046658,3.739543,1.49577,9.225241,0.512952,0,0.8295,3.13514,0,65.5753454,0,0.478942,39.013621,12.587656,0,1.173374,8.267781,22.813616,15.234596,0.77864,10.818056,104.8014438,0,3.362225
"sim_meta_tgs-95",0,0,19.058468,89.65556,0,8.01853,5.60587,7.79969,8.05477,1.73697,4.50142,3.53359,17.9668,0,0,3.10073,60.476655,0,0,23.38044,5.16632,0,0,2.25833,31.845584,5.81209,0,12.788125,96.774126,5.85301,0
"sim_meta_tgs-96",2.98778,0,56.86327,67.42375,0,2.14935,1.180309,34.453059,7.99401,7.72049,4.69105,7.170553,0,0,0,0,72.063891,0,0,6.569603,12.979279,0,4.98455,7.65058,19.388145,10.06341,0,12.050476,73.116005,0,2.22481
"sim_meta_tgs-97",0,0,19.902567,93.722153,13.8967,0,0.440404,2.922775,2.80886,5.53355,3.13998,3.06055,0,0,0,3.14767,57.37055,0,0,7.11915,7.272307,0,8.612474,19.34897,4.83648,20.772495,0,5.655567,59.772077,0,2.96436
"sim_meta_tgs-98",0.975256,1.03934,30.699828,80.190267,2.70543,3.4313,6.987569,16.618005,7.60408,0.624778,15.260238,7.528839,0,1.20574,0,1.07135,97.621969,3.24659,3.25541,57.172323,15.876155,0,0,3.2812,18.741749,36.95828,12.76827,20.01098,128.575396,6.5306,2.70515
"sim_meta_tgs-99",2.91823,2.61961,24.471301,80.391055,1.875263,0,20.714814,12.486678,6.16707,0,36.02284695,8.207407,2.31521,6.69482,0,0,96.3517899,2.416083,4.93582,46.820865,3.334717,0,2.551989,1.80445,12.63898,41.532217,11.121793,27.558176,95.937865,4.713052,2.21413
