"","PUFA","amglyccycl","arylpolyene","bacteriocin","butyrolactone","cyanobactin","ectoine","furan","fused","hserlactone","indole","ladderane","lantipeptide","lassopeptide","microcin","microviridin","nrps","oligosaccharide","other","otherks","phosphonate","resorcinol","sactipeptide","siderophore","t1pks","t2pks","t3pks","terpene","thiopeptide","transatpks"
"sim_meta_oms-1",0,4.16431,24.1238424,142.199326,4.02582,0,25.03422,0,4.06001,3.84875,4.20514,7.22535,40.41522,2.82107,0,0,71.615706,0,28.58348,8.34066,0,0,0,29.755341,31.6789,3.96458,40.698989,137.01689875,4.21363,0
"sim_meta_oms-10",10.788735,2.38018,44.153251,205.593131,7.4800343,7.41185,16.853955,0,0,17.177916,1.27071,0,16.9680057,0,0,0,42.7091167,0,47.147376,11.62404,0,0,0,17.611753,9.432595,2.70626,17.997666,122.3835455,0,3.30277
"sim_meta_oms-100",5.771991,0,51.78779,78.6954893,0.150005,2.300476,11.634559,0,0,13.949,1.27418,1.26777,1.200713,3.561224,12.5196,1.889236,21.6472159,0,34.796623,14.703163,8.119258,2.017645,6.07582,3.618008,12.1961365,0,10.932803,84.861864,0,0
"sim_meta_oms-101",0.549876,0,16.982271,183.033898,0,0,11.812872,0,0,28.514959,0,0,12.50259,2.18719,0,0,50.25761,0,6.501831,7.983372,5.20804,0,0,22.6443,9.623833,0,29.608903,122.649601,0,6.25423
"sim_meta_oms-102",6.144906,1.5004,55.651528,185.140108,0.254444,5.468897,24.8300756,0,0,8.624657,0,0.383274,10.07726,0,0,0,30.736913,0,10.540012,12.54486,2.11503,1.809671,0,21.209753,1.404032,3.110775,14.270408,85.3751675,0,3.453473
"sim_meta_oms-103",1.501639,8.06935,2.468321,131.9792986,8.16543,43.6426,18.3337156,0,7.83999,36.190777,7.58658,8.04494,27.28786,3.53506,0,0,118.7370899,6.63808,21.319831,55.217934,1.960532,3.87751,0,13.519605,62.255125,8.18325,20.5183,116.14106,7.97171,0
"sim_meta_oms-104",0.414009,1.46426,24.600304,208.265732,0,13.64912,13.416611,0,0,29.643592,0,0,10.7315,8.139831,0,0,22.298193,0,13.94113,41.321319,4.47246,0,0,50.100767,5.54127,2.62915,26.848625,96.626751,0,2.48512
"sim_meta_oms-105",2.450687,0,13.66544,49.883219,0,0,23.338117,0,0,7.907772,0,12.4376,38.1802,12.094627,0,0,41.84252,0,14.75907,0,1.60986,0,0,13.81928,12.975668,0,0,109.746133,0,0
"sim_meta_oms-106",6.23326,2.96991,26.9469,117.42542,7.04769,5.48529,12.518495,0,3.14555,22.676005,2.85777,3.33343,19.78474,24.85758,0,0,65.352874,2.66884,41.59716,8.75691,2.55419,4.422875,0,13.31571,47.741486,3.23486,15.707686,88.6770804,3.45816,0
"sim_meta_oms-107",6.861608,9.81671,21.177861,93.6941065,17.3873,0,22.503081,0,5.84959,18.9617352,8.50765,10.11303,45.56916,0,0,0,73.473717,0,23.239188,13.71961,0,3.37573,0,31.654507,46.3144906,15.06628,27.97489,93.369324,5.4253,0
"sim_meta_oms-108",0,0,17.4152483,83.509349,5.71773,0,22.55871057,0,0,21.11403,0,0,9.32916,6.016081,0,0,48.308354,0,40.20528,6.69259,2.00654,2.362484,0,11.132788,17.815154,4.22816,26.65936,117.657946,0,0.456413
"sim_meta_oms-109",1.86946,1.8861,15.09212,81.553573,0,0,36.993242,0,0,25.69129,2.10453,0,5.440247,60.896819,0,0,37.09181,0,1.30821,0,0,7.90422,0,12.26065,22.36084,4.34764,3.284938,72.912913,0,0
"sim_meta_oms-11",8.61571,3.86455,27.671004,180.552748,4.45031,2.072135,18.312756,0,4.59518,22.90626,5.51807,5.42021,17.93766,9.97218,0,3.13653,35.080639,3.35104,26.112599,25.27851,10.3527,7.529328,0,10.01509,30.867705,4.17648,35.567558,131.229842,3.92893,0
"sim_meta_oms-110",3.87667662,0,37.08942757,149.48705591,0,0,14.581002,0,0,16.465521,0,0,3.56584,28.733961,0,0,47.128734,0,10.923603,9.7202,1.998208,1.191219,5.43077,17.52111008,14.917514,0.303187,12.974701,92.274464,0,0
"sim_meta_oms-111",5.9017,1.58204,10.401677,92.030464,1.30295,0.637102,20.032595,1.35475,1.47907,21.3471217,0,0,7.00971,2.970844,0,0,33.822417,0,34.847703,0,6.221348,0.531101,0,16.73581,8.1981566,2.82879,10.587115,120.725843,0,4.71999
"sim_meta_oms-112",0.0071733,5.22847,14.090813756,138.2165739,5.43927,1.272301,14.140378,0,4.75878,10.311835,0,0,8.344591,9.630226,53.5238,0,45.662321,0,15.548735,3.11184,4.03231,0.427839,0,18.767084,16.28985,9.92589,12.356096,85.722545,0,8.10665
"sim_meta_oms-113",2.941825,7.4671,18.2210595,78.2146979,7.8321,2.71614,2.243098,0,7.88137,23.0051423,7.77737,13.42362,39.01252,5.22586,0,0,67.696940241,0,19.0630081,12.40814,0.99563099,2.3446,0,40.43940411,37.432663,7.4752,23.361521,93.154616,7.11708,5.00214
"sim_meta_oms-114",0,0,17.3270729,218.0128445,1.484883,0,9.371315,0,0,8.3443774,0,0,23.00586,0.501966,0,0,22.22195952,0,33.569043,0,9.61305,1.206103,0,7.649552,1.253053,0.25702,13.851511,122.865293,0,9.47646
"sim_meta_oms-115",8.567379,0,40.0919219,112.1866439,0,7.864664,20.539595,0,0,30.080345,0,0,1.86664,0.671767,0,0,9.076473,0,24.5681538,12.455437,1.523194,0,0,11.493153,9.10167,0,16.1240674,120.4129165,0,0.155361
"sim_meta_oms-116",7.20395,2.123078,30.891162,136.5762669,1.2583012,0.158542,19.1999599,1.18784,1.81538,30.7807202,0,0,46.6224547,6.797386,17.0504,0,139.966977,0,40.1674683,19.036249,2.023311,6.9332038,0,17.882666,44.1459803,4.160961,18.16333,108.5523445,0,4.40039
"sim_meta_oms-117",0,0,26.866832,130.7446796,0.5052339,0,28.5178204,0,0,21.144754,0,6.48515,39.0801623,1.28304,0,0,64.176772,0,29.194412,7.2547,2.124417,0.510005,0,30.0700561,18.487392,0,17.5132608,121.5769357,0,5.309387
"sim_meta_oms-118",0,0,33.63553,229.245419,9.27929,0,7.96301,0,0,14.93303,0,0,1.16227,4.99181,0,0,31.204987,0,9.41816,8.33864,0,0,0,21.87735,8.234319,0,20.253938,137.732086,0,0
"sim_meta_oms-119",0,0,30.93021,61.79092,2.81964,0,23.435561,0,0,12.433721,0,0,3.66058,39.71179,46.5272,0,27.176314,0,2.76371,0,0,14.7703,0,6.349576,17.962783,0,35.84084,66.047558,0,0.371386
"sim_meta_oms-12",7.89736,0,53.091768,87.664726,0,0,10.673765,0,0,4.535557,0,0,0,1.20351,0,0,73.3041,0,36.70647,9.15973,3.45133,0,0,17.96395,0.191148,0,0,66.28386,0,3.58207
"sim_meta_oms-120",13.453172,1.69216,41.668875,136.5183486,1.68177,0,15.33924,0,0,6.9901033,0,0,14.51228,0,0,0,36.992509,0,20.311892,13.79068,0.714182,5.430077,0,8.172035,1.175586,2.97181,13.050173,122.240723,0,11.6819
"sim_meta_oms-121",0.00358665,0,18.05604312,170.10143351,3.22999,0.40029,32.543954,0,0,28.689807,0,0,4.87352,12.05697,0,0,58.988231,0,15.996935,20.58987,27.604398,0.139714,0,22.725079,11.618358,0,8.49495,57.23121,0,0
"sim_meta_oms-122",9.14782402,2.26102,23.1336993,132.9836683,6.237623,1.667739,22.044643,0,2.04391,6.4392485,0.868484,0.904373,6.264389,13.877567,0,1.773642,43.16509962,0,7.931441,3.70943,0.505984,3.50695,6.55793,13.5028756,5.6596257,4.52042,9.371993,77.2288498,0,2.36214
"sim_meta_oms-123",0.73141,0,24.427273,162.780389,0,5.89199,27.490387,0,0,44.432895,0,0.547019,24.604115,8.89321,0,0,89.386565,0,41.372902,8.52701,4.46912,0,0,11.515331,31.712567,0,16.499955,99.931533,0,0
"sim_meta_oms-124",9.88025,1.0232,20.305382,58.338574,1.0636,0,25.623501,0.795425,0.830327,17.943645,0,0.656482,2.170219,0,0,0,28.730685,0,16.810484,7.37818,7.79956,1.41888,0,37.18147,10.844807,1.948725,16.734008,89.292024,0,0
"sim_meta_oms-125",0.19748704,0,31.65393717,121.7083142,0,15.38941,27.2534523,0,0,15.9736835,0,4.50444,15.010606,0.550566,0,0,36.53319,0,13.1913435,27.232412,5.092955,4.300129,0,17.139173,17.107058,1.196957,12.1761993,100.3751828,0,3.72706
"sim_meta_oms-126",1.38311,6.07991,21.955655,103.440242,8.0298948,0,15.720174,0,3.40101,58.070386,3.25697,6.38344,24.58968,0,18.8262,0,43.346151,0,24.198497,8.94121,2.109226,7.183705,0,23.6978771,23.307801,9.83927,20.79423,111.046576,3.55256,0
"sim_meta_oms-127",5.0226723,0,25.220639,56.797848,0,0,14.258012,0,0,16.612983,0,0.207622,2.871958,0,0,0,6.867448,0,34.890357,22.40067,0.704323,4.24425,0,26.6363,2.488577,0,20.538106,86.032071,0,0
"sim_meta_oms-128",0.31707,8.97974,30.166387,137.6499038,11.749382,0.952476,16.386284,0,6.58881,7.5583521,3.46293,1.13047,32.07261,5.009363,0,2.09078,88.235166,0,25.306679,8.11763,2.237752,8.24141,0,20.7744749,31.517303,18.02707,35.9467214,125.6585963,0,10.01222
"sim_meta_oms-129",0.790021,0,25.686035,67.848623,0,0,11.309297,0,0,9.166186,0,0,2.74219,1.74898,0,0,32.805309,0,29.364551,22.005492,0.934985,0,0,6.153279,21.532127,0,8.541026,164.483705,0,0
"sim_meta_oms-13",3.08624,1.51202,34.253839,156.022005,1.86707,0,22.89909,0,0,19.76896,1.08135,1.97918,20.702629,5.5439,0,0,56.086576,0,51.050824,6.43256,0,0.315157,0,26.265311,20.621525,2.65153,30.55079,118.4039473,0,0
"sim_meta_oms-130",0.4565786,1.60065,28.368668,147.2535266,1.875124,0.285649,24.716036,0,1.88266,37.5779136,1.65332,3.09117,24.33447,7.343101,0,0,53.3774881,0,34.036642,10.376595,9.998881,0.3948658,3.29978,13.559857,22.953598,1.74421,7.73354,151.1141086,1.5411,2.7823
"sim_meta_oms-131",0,4.05801,31.574557,59.772375,6.376616,0.371128,24.125943,0,0,12.39856,3.66246,0,29.79325,21.445449,0,0,38.40121,0,13.74768,2.7179,0,7.374831,0,13.658813,27.18835,8.81649,7.75603,131.227813,0,0
"sim_meta_oms-132",0.658063,0.390986,70.062295,74.1569755,0.348572,4.80967,12.05791,0.381749,0.487331,5.551142,0,0,1.141822,10.794834,0,0,31.248026,0,20.085078,22.130971,3.084804,0.715354,0,17.489415,13.2862667,0.847998,6.486697,65.8304453,0,0
"sim_meta_oms-133",1.13816,0,43.431217,178.042828,0.2622735,4.99342,17.536434,0,0,11.878617,0,0,2.38664,5.13768,13.8005,0,22.468751,0,7.453529,30.4881,0,6.553649,0,12.05601,18.017713,4.01213,26.698422,132.88808,0,0.818916
"sim_meta_oms-134",0,0,27.96066,100.2537992,0.505469,12.16134,26.640612,0,0,26.814691,0,0,0.680228,10.603203,0,0,19.1172685,0,4.68193,13.37061,0,0.329459,0,14.009427,8.84057,0,17.55096,124.1023376,0,0
"sim_meta_oms-135",4.77595,5.67652,16.192632,107.053499,5.34483,0,13.471545,0,4.96909,10.652473,5.41686,10.02771,28.59621,5.513343,0,0,68.392299,0,24.080372,30.00819,6.96137,0.879062,0,18.64398,32.024974,5.963871,34.891184,97.648309,5.282,0
"sim_meta_oms-136",4.99581,0,16.871233,93.86401,0,1.16406,11.642723,0,0,25.09595,1.61853,1.44644,4.86543,9.111114,0,2.53852,29.195097,0,13.162765,15.22205,2.09419,1.78483,0,13.13163,14.890016,7.287812,10.201134,95.065367,0,0
"sim_meta_oms-137",10.59927,0,32.801213,192.3497007,1.7789429,0.464635,7.546727,0,0,19.104451,0,0,20.09968,0,0,0,51.7871527,0,18.1658792,7.286635,0,6.03578,0,17.440115,12.4019735,0.183843,14.260736,80.0587688,0,1.81978
"sim_meta_oms-138",0,0,37.99596,81.8415692,0.14963,0.647709,28.9850921,0,0,12.545155,0,0,0,9.298727,0,0,42.487673,0,16.555593,9.21779,0.900757,0.18717,0,29.715266,8.179589,0,12.604383,73.90667273,0,0.312377
"sim_meta_oms-139",2.515956,8.79031,41.188399,133.9424569,12.106758,7.63736,10.561401,0,6.00518,9.8942046,7.1567,10.95448,42.137076,0,14.956,0,56.379726,0,24.306805,25.03931,3.70927,1.76179,0,28.528535,34.29989,16.9106,29.514451,104.10051918,6.27086,3.186
"sim_meta_oms-14",0.532693,2.03335,27.596098,79.655504,2.24336,12.64359,37.75644,2.27514,1.94463,23.335979,1.13805,1.22442,15.80732,2.70034,0,2.61559,32.86883,0,26.513625,14.17873,0.514327,0.763674,0,13.101004,29.561694,4.17208,8.686299,106.898009,0,0
"sim_meta_oms-140",3.20973,2.81096,19.514277,123.1370335,2.5579,0,13.452236,0,6.99622,19.6444791,1.13934,2.15712,5.1888581,7.10475,0,0,43.87044122,1.16375,23.55241567,6.870551,3.519455,3.0121083,0,16.3703724,17.30486069,5.87074,18.332433,79.6918603,1.48593,1.766159
"sim_meta_oms-141",3.230218,0,23.9722408,156.5582249,0,0.120404,16.871047,0,0,26.1946827,0,0,3.723983,0.777234,19.0208,0,26.3983102,0,19.665661,9.20679,0.196688,1.39151,0,2.2260323,5.283225,0,14.70915,69.65301494,0,0
"sim_meta_oms-142",0.294525,4.291975,30.074222,236.2244981,7.9777529,2.76617,10.71641,1.34934,3.19514,34.8731413,2.924638,0.571526,17.0198382,4.353224,0,1.211551,55.4119698,0,21.026339,6.969129,0.01089,4.196531,2.56919,49.4633761,18.820873,11.826666,18.20919,99.3889601,0,0
"sim_meta_oms-143",5.37584302,0,27.65456618,76.309131,0.0935185,4.289317,20.4919538,0,0,15.9606,0,0.255953,13.27056,11.851282,0,0,48.6276549,0,36.188761,5.943424,0.331328,6.768178,0,18.628254,16.119537,0.132594,3.019203,88.21141818,0,4.2708
"sim_meta_oms-144",3.77797,0,39.18791,241.120895,14.5137,0,20.240046,0,0,18.454494,0,0,0,3.89237,0,0,51.594763,0,11.09245,10.1811,9.18819,0,14.3809,31.32144,4.009656,0,0,96.358442,0,0
"sim_meta_oms-145",3.02035,4.501187,21.702159,162.5410163,7.252146,0.335866,28.453013,0.85354,8.06013,11.386341,2.06011,3.660231,24.860672,2.806933,0,0,73.657175,1.55719,14.583399,10.378534,1.996475,1.26106,0,21.764865,25.684198,12.636638,16.401512,73.50239396,3.19516,0
"sim_meta_oms-146",2.1899,0,50.24531,106.728046,0,0.690183,5.992602,0,0,2.36266,0,0,3.0462,13.82577,0,0,24.400285,0,9.549704,26.27259,1.41753,0,0,18.758309,16.713043,0,17.198854,106.449155,0,0
"sim_meta_oms-147",0.424503,2.073279,24.627223,68.7764452,3.17812,5.22559,17.7187258,0,2.49608,11.6319751,1.870831,4.059098,25.844699,2.487678,0,0,54.171985,1.27366,6.700549,24.224024,3.194117,0,0,35.2153603,19.93781,4.708709,15.651884,99.3370953,2.99406,0
"sim_meta_oms-148",7.28834,2.50735,25.866559,211.116353,2.14344,0,12.88485,2.02425,2.20783,5.87523,0,0,24.864774,7.30983,0,0,58.25836,0,35.47004,0,2.32223,4.376429,0,9.29663,27.640617,4.61042,15.679405,128.869012,0,0
"sim_meta_oms-149",1.58635,2.33094,16.556549,82.326875,6.88641,0.465747,21.1916197,0,2.54385,5.638363,2.67681,2.673887,11.144638,10.10005,0,0,32.957627,2.10744,30.762029,29.61948,0.963504,1.229616,0,26.626254,31.7921,2.61621,29.72104,127.1662696,2.53945,2.439338
"sim_meta_oms-15",4.475336,1.68767,22.404309,146.037517,11.3268,5.865577,29.024321,0,1.76591,14.011215,0,1.63356,8.3423,5.124212,0,0,33.04517,0,17.826108,4.2299,4.19796,1.42994,0,8.717844,8.914848,3.32126,2.806322,91.960512,0,4.79785
"sim_meta_oms-150",1.41635,2.40492,27.133129,63.417807,2.896545,0,18.647414,2.58269,2.18788,10.52612,0,0,4.10028,16.5423,0,0,32.32034,0,8.77358,0,0,0.690103,0,9.065007,8.27109,4.33855,26.963935,94.848006,0,1.07358
"sim_meta_oms-16",0.68152,4.77569,19.553846,97.6807009,2.59631,2.693436,20.261751,0,3.86557,17.2130588,3.560219,6.997099,35.6498468,3.038009,0,1.606283,52.84831443,0,40.9227818,12.716475,1.26246,3.15802,0,13.373751,28.24831276,9.474812,20.8636918,103.5723046,3.47731,5.22775
"sim_meta_oms-17",0,0,29.19758,118.629476,0,0,23.944359,0,0,35.894487,0,0,0,5.67731,0,0,12.385973,0,10.370405,22.41338,0.373986,0,0,27.44618,11.969122,0,16.053049,73.604069,0,0
"sim_meta_oms-18",1.898098,3.69169,17.407826,217.360442,10.34121,0,7.8954538,0,0,18.85308559,3.72256,0,15.77983,5.12725,12.4832,0,60.358824,0,19.918271,1.67635,0.00334225,3.1789375,0,8.4520249,12.1356577,7.69403,9.007747,157.9044214,0,0.288919
"sim_meta_oms-19",0,4.01285,18.797145,99.291485,0,11.42612,13.32555,0,0,23.594672,6.61523,2.87992,17.54575,8.04971,0,4.69211,23.41479,0,22.8463,2.57458,0,4.36765,0,8.840459,11.48131,8.42645,22.97151,126.895483,0,0
"sim_meta_oms-2",0.220418,0.909954,17.757338,180.923201,0,0,12.866738,0,0,12.409736,0,4.55587,26.805654,22.7827,0,0,40.127277,0,56.370107,6.45053,0,0,4.27936,5.2108,48.380412,2.047813,25.361865,102.128774,0,0.792405
"sim_meta_oms-20",3.28213,4.46369,44.832343,114.6016915,10.53403,0,25.565404,0,0,21.517557,3.75884,0,18.22493,4.85546,0,0,75.919247,0,25.213089,26.904104,8.164204,2.64287,5.21415,23.08119,21.872805,9.655549,16.7567158,89.0275186,0,0.325494
"sim_meta_oms-21",0.806836,1.663081,41.689043,183.782018,3.19601,4.566285,9.577832,0,2.035331,23.51133,1.769447,2.676664,12.844009,9.86661,0,0,55.933162,1.69166,8.4547318,19.583328,6.00207,7.5007731,0,25.898315,16.528797,1.664216,10.6596365,98.33388729,2.82126,0
"sim_meta_oms-22",0,13.8448,7.105113,111.931483,11.6753,12.61189,13.502905,0,13.4076,4.414519,14.40782,12.9096,41.58268,0,0,0,102.689676,10.3021,25.996466,19.714552,0.308845,12.973577,0,25.426401,71.581606,18.87593,30.380191,152.816272,12.4434,0
"sim_meta_oms-23",2.85392,3.23938,20.026511,139.4419191,4.3246211,11.146841,7.9326547,0,0,11.572011,3.02835,0,15.00461,0,0,0,66.780583,0,29.2104909,21.59406,3.389468,2.460861,0,8.3113104,21.574347,6.69293,21.19756,129.4682596,0,0
"sim_meta_oms-24",4.590556,0,19.24074,97.233621,0,0,12.15993,0,0,3.395821,0,0,6.92748,10.52131,0,0,24.00004,0,46.76814,2.81415,0.849755,0.627694,0,7.34599,21.79202,3.29958,19.47649,66.765329,0,0
"sim_meta_oms-25",1.5017,0,31.144716,95.4472038,2.90004,6.39246,22.2288879,0,0,22.830314,0,0,0.27247,28.432079,24.3734,0,47.003997,0,3.727171,17.25005,0.533681,0,0,14.1319926,14.503785,0.280724,8.830588,78.837358,0,0
"sim_meta_oms-26",4.2668,0,33.27286,50.64157,0,0,16.866751,0,0,24.69807,0,0,2.24118,0,0,0,4.07679,0,15.17646,0,15.0457,0,0,23.723354,10.901618,0,21.9167,70.776015,0,0
"sim_meta_oms-27",0.71696014,2.50685,28.36040913,120.7557673,6.1336623,0.316088,15.733733,0,3.55729,19.893993,3.006323,5.237547,22.285553,5.386526,0,0.93014,52.2862428,1.65332,20.9942985,16.34669051,3.062209,0,0,12.7589125,25.98032,2.5910538,11.417579,142.1255775,3.86522,1.76373
"sim_meta_oms-28",0.615968,8.36075,34.38478,182.34602,8.07145,0,0.473022,0,8.09454,8.8411,8.10776,14.44989,41.24723,0,0,0,46.551958,0,18.75665,15.12887,0.776674,0.496133,0,18.835666,35.27385,8.25786,54.737837,157.260635,7.89704,0
"sim_meta_oms-29",20.24212,19.39528,36.434,78.129959,24.76529,0,4.10109,0,8.94063,4.366013,18.1232,9.21474,60.81758,2.30405,0,0,149.315166,6.77464,40.79783,7.87465,2.03448,0.864221,0,31.7553,76.73929,33.42747,27.66075,93.501814,8.56439,0
"sim_meta_oms-3",2.8215636,6.98365,30.23745433,194.597365,9.480785,0,10.206755,0,0,5.814705,6.29372,0,37.148715,14.15719,0,0,62.239423,0,9.688134,13.7450291,0,0,0,47.099135,25.906656,14.27525,15.870132,53.402712,0,0
"sim_meta_oms-30",0,8.10025,16.85555,60.300853,7.03258,0,21.11914,0,7.39032,8.056924,0,0,20.40512,0,0,0,42.85811,0,6.82732,3.83773,1.853065,0.260411,0,15.007571,24.567465,15.36465,16.53557,66.37726,0,10.59735
"sim_meta_oms-31",1.75982,0.303896,24.39176,189.941301,0.189492,13.391325,15.179055,0,0,15.033734,0,0,10.194029,6.09535,0,0,38.963178,0,17.210136,17.36976,5.529157,15.283513,2.69537,17.441025,4.944146,0.154013,5.94547,108.7875217,0,3.61564
"sim_meta_oms-32",1.00947,0,39.684669,73.267635,0.267799,9.08586,33.334337,0,0,17.012544,0,5.98658,18.129258,0,0,0,44.495301,0,12.2688,15.34028,0,0.520006,0,18.252586,13.87866,0,19.334831,77.392442,0,0
"sim_meta_oms-33",4.657756,3.51089,49.926016,72.1174848,3.35405,0,37.469228,0,3.00139,20.402382,0,1.51512,21.522203,3.07955,0,0,30.879251,0,26.423409,7.50658,0,0,0,12.1430491,19.2713026,6.75017,12.055859,99.272463,0,3.9181
"sim_meta_oms-34",0.796823,5.24213,21.78392,104.886435,1.42321,8.39489,14.752095,1.04171,3.67821,20.509065,3.39472,3.23394,27.728004,17.89205,0,6.47302,59.306396,0,18.555795,15.27817,0,0.298683,0,6.108758,25.5021456,9.86512,13.046372,102.2267862,0,0.369397
"sim_meta_oms-35",1.998822,3.44467,15.02163,133.860438,3.84102,3.505607,22.059076,0.916667,2.64962,9.89071,2.478876,0.774532,28.706404,3.707503,13.7623,1.40284,59.355773,0,23.0477635,7.533452,0,0.468669,0,16.101223,26.641736,11.517915,31.991365,107.16323931,0,0
"sim_meta_oms-36",7.3497152,3.09538,44.088376,85.0777563,0,0,18.227294,0,0,26.362982,0,1.37035,19.95314,8.498014,13.2652,0,55.789518,0,41.874945,6.78263,0.744388,0,0,15.420784,19.35582,5.67051,10.906,100.082758,0,0
"sim_meta_oms-37",4.996319,2.631498,19.631155,178.90146725,2.058156,0,28.7314834,0,2.11098,15.17263,0,0,16.820735,0,0,0,74.939866,0,6.905253,13.950762,4.660739,0.436772,0,49.806375,20.744442,5.046315,15.817833,107.229387,0,4.71205
"sim_meta_oms-38",1.4944,3.23433,22.408887,89.31714,4.56163,2.711824,21.97355,0,0,8.29394,5.356,2.16224,20.18013,4.42898,0,4.42771,51.272289,0,13.96781,4.14006,2.3256,7.2367,0,12.118627,13.098072,6.70223,37.42144,145.7829202,0,0
"sim_meta_oms-39",3.329902,10.5333,48.8517494,86.839593,10.8784,0,16.260409,0,10.8743,60.188096,10.1746,14.32649,48.32744,0.78053,0,0,86.500489,9.12943,46.964224,15.84045,3.301285,3.11168,0,28.1762939,58.350086,10.850649,30.27603,100.97667,10.5901,0
"sim_meta_oms-4",5.37046,0,19.367188,63.6893575,0,0,39.654966,0,0,50.584185,0,0,3.17093,0,0,0,26.167838,0,18.842037,5.87412,2.57566,12.27718,2.03055,3.641712,3.658521,0,16.92688,89.826229,0,8.04557
"sim_meta_oms-40",12.18535,1.1106,61.808894,116.3034755,5.49112,4.061067,23.0635866,0,1.13798,22.350464,0,0,2.70486,1.88914,0,0,56.8649324,0,12.130427,17.9342,5.82085,2.94409,0,17.486623,7.228297,2.36655,13.062544,102.4075511,0,1.29858
"sim_meta_oms-41",0,11.76524,48.640663,41.778613,8.47641,0,7.706857,0,10.2187,5.055745,0,0,20.880176,0,0,0,48.931732,0,45.083949,13.03893,9.14651,0,0,22.394359,25.990096,24.09815,24.759261,92.404896,0,9.02237
"sim_meta_oms-42",4.43732,2.14404,42.8792596,179.6170025,2.10129,1.859918,11.667381,0,1.96314,13.3550989,1.12036,4.23343,38.85769,6.432594,0,2.000572,107.6218972,0,22.0623381,6.59046,0.237533,9.322104,0,20.0640617,37.3128376,4.1606588,14.7527235,90.5576737,0,3.18351
"sim_meta_oms-43",9.635643,1.67591,52.941399,209.6938498,1.95305,4.88786,18.476226,0,0,10.0698598,1.33164,0,27.31678,9.32029,0,0,75.244585,0,41.808566,20.52956,2.40035,0,0,17.570854,30.715794,6.04534,32.1005,110.815633,0,0
"sim_meta_oms-44",5.5916248,0,33.5791492,121.5799637,0,0,22.8586423,0,0,22.016519,0,0,3.2491,4.12113,0,0,26.4843906,0,19.287392,18.65677,11.888946,2.54187,4.04639,24.2904943,14.4239084,0,11.9985143,125.9110688,0,0.180808
"sim_meta_oms-45",3.70332,2.74696,27.8124526,289.5330619,6.6046,6.526944,8.061737,0,3.01634,31.493934,0,0.827367,13.32194,12.49174,0,0,50.683067,0,27.544622,20.95344,4.721663,4.222707,0,9.756262,19.022552,5.97781,33.3748344,121.8570815,0,7.21783
"sim_meta_oms-46",0.757487,0,59.730217,152.433055,0,18.2555,14.60439,0,0,7.587412,0,0,0,3.85957,0,0,17.491162,0,3.650996,35.35517,3.139496,0,14.187,37.465489,1.964074,0,12.104668,74.169556,0,0
"sim_meta_oms-47",2.63725,1.279548,34.593719,132.5506364,3.1474916,2.451181,20.069099,0.826059,0.947151,21.544685,0.40523,0.448896,2.8018984,4.366496,12.8568,0.819384,35.7744611,0,20.495569,28.957077,10.616378,3.342275,0,14.6478573,9.270725,1.698327,18.413182,108.0048178,0,0
"sim_meta_oms-48",0,0,47.720726,234.314849,0,0,38.505875,0,0,18.635527,0,0,7.34407,0,0,0,36.656137,0,13.46255,6.940612,4.33982,1.45793,0,27.3041917,7.403483,0,14.27284,144.31055264,0,0
"sim_meta_oms-49",2.946809,0,14.446715,302.0098417,0,11.32782,22.133252,0,0,15.7427455,0,0,17.46379,1.810941,0,0,69.729558,0,12.111131,19.03162,4.7137,5.8205,0,6.475751,7.130356,0,30.085018,139.924832,0,0
"sim_meta_oms-5",0,4.56272,39.9887081,105.9092373,4.45935,0,6.947302,0,4.12024,33.214781,0,0,13.06003,8.07041,0,0,41.695425,0,11.35747,5.5222,6.8559,13.260983,0,19.44184,12.375184,9.16796,17.585155,99.048228,0,5.752471
"sim_meta_oms-50",9.845316,0,47.974662,207.282811,0,0,19.1528968,0,0,20.0585952,0,0.139435,5.76139,2.381917,0,0,11.188218,0,8.931569,4.65228,2.12421,1.541401,0,13.9047834,7.151876,0,18.491682,118.354193,0,0
"sim_meta_oms-51",11.39206,3.283801,41.342292,131.379056,2.926479,4.67986,18.389763,0,2.48886,25.721698,4.42631,6.33844,15.687183,28.58027,0,3.63212,41.969659,0,15.999764,9.41416,4.539108,10.275404,0,13.294919,18.71942,2.46525,14.723411,80.1932956,2.574,3.19355
"sim_meta_oms-52",7.91879,1.87655,29.07042,180.040859,1.941905,0,13.712986,1.87884,1.85632,17.81319,0,0,7.590077,0,0,0,27.359726,0,28.054543,21.85943,0,0,0,20.01792,9.22732,3.57867,22.51799,85.3050544,0,0
"sim_meta_oms-53",0.863527,0,19.855093,104.8649486,0,1.64929,24.0352932,0,0,23.125013,1.78346,1.6507058,9.37244,4.898,0,3.39376,31.55375,0,15.119982,23.26351,1.544252,1.332269,0,14.2194659,11.360935,0,20.54676,142.3971373,0,4.00705
"sim_meta_oms-54",0.174645,0,24.4318111,128.3250316,5.20342,5.85433,29.5595964,0,0,5.540692,0,4.90979,17.92879675,0,17.5349,0,29.030859,0,18.20730324,7.75451,1.561991,2.631219,0,12.2305184,10.09221492,0,4.876647,96.6138336,0,0
"sim_meta_oms-55",0.547035,4.88854,26.4180665,116.1464976,2.46021,0,34.76819,1.01018,2.65409,12.966437,0,0,18.82229,2.835622,0,0,55.762434,0,40.34031,13.645559,0,1.60265,0,8.181991,27.17192,7.28353,12.472186,97.47395,0,7.37172
"sim_meta_oms-56",3.05162,3.17348,17.147174,89.422535,3.33105,0,18.935342,0,2.91866,25.805037,3.10806,6.22505,22.79812,4.89985,0,0,43.376857,2.612,22.911328,10.21328,0,0,0,25.172276,23.152271,3.22957,24.031799,106.936707,2.89918,0
"sim_meta_oms-57",3.681938,0,21.699177,270.816109,0,0,10.748092,0,0,14.900538,0,0,6.12535,3.69577,0,0,20.341487,0,42.113486,13.9796,2.710156,2.55311,0,29.337359,24.422297,0,18.48994,102.744265,0,0
"sim_meta_oms-58",6.780291,4.39647,46.287029,98.3254703,5.97867,1.15595,18.67364,0,0,8.271098,3.93679,0,17.03578,1.25728,0,0,60.950697,0,21.820526,0,0,1.101731,0,15.799555,16.106644,8.5313,25.67266,126.252078,0,0
"sim_meta_oms-59",0,0,32.05831,44.00971,0,0,15.719233,0,0,16.524442,0,0,0,0,37.6823,0,16.428696,0,0.450376,11.81517,8.37859,0,0,15.03627,6.77822,0.418156,6.289996,97.941856,0,0
"sim_meta_oms-6",4.66009,0,53.559769,220.415932,5.53479,0,12.3316708,0,0,8.081489,0,1.95207,8.963121,0.152279,0,0,30.99576602,0,7.576438,8.310829,0,2.6589,0,25.502619,8.453472,0,17.237872,125.4710381,0,0
"sim_meta_oms-60",9.399267,3.02986,34.716608,146.1187561,0,0.333001,28.42004,0,0,29.744875,2.47361,0.316397,10.259326,4.946427,26.6206,0,39.674573,0,28.402538,3.493514,2.865346,6.245586,2.62581,10.514171,25.65037,14.04614,17.707324,118.3184859,0,0
"sim_meta_oms-61",5.474718,0,34.915235,114.025305,0,5.936,28.850383,0,0,7.458563,0,5.85547,24.88179,0,0,0,29.59818,0,24.66236,13.87292,0,0,0,22.75269,16.487154,0,5.701271,78.742044,0,0
"sim_meta_oms-62",0.602575,1.7222,19.104396,85.4047027,13.1217195,0.178955,23.2688646,0.862027,1.50741,5.249205,0.581585,0,5.30545,10.2874708,0,0,48.03498,0,9.630291,18.47931,2.541928,5.0265829,0,10.3723958,13.757044,3.946299,13.543122,146.1001796,0,0
"sim_meta_oms-63",4.137058,3.52232,23.7237625,83.4624713,3.12994,0.229649,22.067524,0,3.14067,10.921667,0,0,4.17934,4.52542,0,0,45.816575,0,28.724263,11.176478,1.62954,6.995997,0,12.736956,16.523605,6.14338,20.994916,96.4144084,0,3.578034
"sim_meta_oms-64",0,0,42.991428,78.877398,0,0,28.66741,0,0,34.07253,0,0,0,16.76536,0,0,78.42064,0,13.10134,4.87684,0,0,0,18.93766,0,0,11.093341,63.048597,0,0
"sim_meta_oms-65",0,2.81821,14.37922,93.9424,3.59546,0,27.12394,0,0,9.771064,2.53272,0,14.07089,7.88718,0,0,54.96355,0,25.741546,5.80579,2.81582,3.58952,0,19.67427,22.42278,5.64442,24.796927,145.751539,0,0
"sim_meta_oms-66",0,0,27.810624,163.893806,0,3.088054,19.976593,0,0,11.3625476,0,0.274831,8.98419,2.772607,0,0,24.592231,0,17.625099,17.3588,0.597226,1.011103,1.88321,38.792555,9.2575941,0,20.111268,107.9487899,0,6.18745
"sim_meta_oms-67",0.0708474,2.91265,25.128706,123.6248316,5.37908,8.7302,15.937261,0,2.78585,11.72033,2.57448,2.61539,10.372062,17.60189,8.95696,0,57.798912,2.10476,12.324292,24.2377,1.149796,3.782605,0,15.1880485,20.557829,2.70879,24.070324,144.558409,2.62855,0
"sim_meta_oms-68",7.20986051,0,20.47810499,102.428793,1.76969,0.178324,25.095332,0,0,16.631221,0.199966,0.231029,17.563584,12.523373,0,0.48878,60.580731,0,29.80159,13.89499002,0.227186,7.553745,2.68761,23.065028,16.677481,0,19.278867,72.864966,0,0.277752
"sim_meta_oms-69",2.3693204,7.370316,29.1243312,111.0394638,14.153512,0.320833,11.893005,0,5.40239,24.292727,6.199882,10.109,34.475886,4.409975,28.5006,0,66.354975,0,45.975712,5.187444,4.20097,11.912644,0,19.3478287,45.657615,8.71633,19.875918,101.160962,5.52972,3.80473
"sim_meta_oms-7",2.74458,0,43.440674,151.723279,0.0374074,0.429093,9.2547369,0,0,42.5111115,0,2.01175,10.188295,7.594008,11.6095,0,35.1015646,0,26.412747,18.48112,2.655567,4.040049,0,22.6516644,13.563765,0,23.404851,113.7513377,0,0.114807
"sim_meta_oms-70",1.17607,6.57133,41.472932,98.073997,7.99248,0,26.399188,0,3.97526,28.61807,6.38688,3.852,22.36424,15.3154,0,0,99.0407,2.66212,20.59221,18.45442,0,0,0,38.548606,34.645135,10.47404,25.886121,80.836324,3.38546,0
"sim_meta_oms-71",3.00537,3.83436,8.6441573,76.1284762,3.15257,0,8.660566,0,3.32003,31.719355,0,0,3.60191,1.64549,0,0,24.2956,0,26.311415,14.5426,0.17233,0,0,16.148663,14.788099,7.01454,15.670302,101.3996714,0,3.78321
"sim_meta_oms-72",1.47422,0,32.0883187,90.2860594,3.380134,12.268866,29.483645,0,0,15.2986589,0,0.113958,0.0916785,6.552338,0,0,76.4774243,0,17.6484093,14.075661,1.75154,7.038964,0,10.6110364,9.457476,0,3.6841249,82.78205008,0,0
"sim_meta_oms-73",8.47594,0,24.29149,194.172656,0,0.345909,11.104714,0,0,46.040602,0,0,2.6291798,5.260552,0,0,34.713045,0,25.525684,3.13447,2.05914,8.598233,0,24.403186,5.985582,0,13.097151,92.963669,0,0
"sim_meta_oms-74",2.54776,2.420075,32.17577,162.5537979,7.08906,9.940401,14.871769,0,1.69224,4.9734165,1.58068,5.74241,18.805177,1.250434,0,0,47.186961,0,27.7053884,17.55851,2.749813,0.722246,0,20.868839,19.315404,3.654298,21.729936,96.8092203,1.54897,2.85121
"sim_meta_oms-75",2.901001,11.09356,64.428538,99.931081,15.47613,2.21049,10.821455,0,6.39902,1.58294,11.32059,14.02206,55.86651,6.220296,0,4.38312,64.33785,0,20.99645,32.591636,5.69794,2.02882,0,13.7734,54.803974,13.95555,21.72183,104.145971,6.34611,0
"sim_meta_oms-76",5.309486,4.98139,25.4291415,170.980676,13.92883,11.326234,12.4359371,0,0,14.1486543,4.50127,3.42187,37.00661,3.755405,0,0,74.7661015,0,16.069904,13.30214,6.644455,2.58175,0,25.234871,22.675524,9.5973,13.1658352,122.8897667,0,3.540638
"sim_meta_oms-77",0.80519,0,11.095303,83.8136052,0.297685,0,17.51528,0,0,15.24511,0,0,29.91423,10.059212,0,0,70.813354,0,30.20503,4.2753,0,2.02424,0,16.458116,22.981481,0,19.694298,56.830405,0,0.222898
"sim_meta_oms-78",0.00895755,0.496197,28.09716773,155.1123403,2.16886,10.64563,13.7532035,0,0,24.0762242,0.463312,0.114874,20.531369,11.88762,0,0,42.667835,0,28.080429,20.50006351,0.446917,0.196536,0,19.0842849,17.725872,1.248566,14.151584,81.409734,0,0
"sim_meta_oms-79",3.021814,2.07668,36.699524,195.0201132,2.87591,0.0534776,16.4401076,0,0,11.654195,2.11194,6.18766,47.15424,15.405929,0,0,76.156776,0,39.0906894,4.245259,0,0.356296,0,35.9337263,32.25892,4.545,18.949613,111.6701205,0,3.85136
"sim_meta_oms-8",8.643057,0,32.261454,103.1855205,2.57754,0,15.262497,0,0,13.460159,0,0,22.422766,10.627517,0,0,46.267163,0,44.39744,2.600412,3.14914,7.17366,0,13.947387,27.79226,0,16.161578,77.7182988,0,0
"sim_meta_oms-80",0,0,18.015608,91.869033,0,0,34.095077,0,0,47.247967,0,0,2.0821,18.8904,0,0,44.080619,0,10.124575,25.08378,1.19109,0,0,33.542857,12.74161,0,8.543567,104.654922,0,0
"sim_meta_oms-81",0,2.19842,40.71591,80.124717,0,0,23.95094,0,0,1.03067,0,0,3.92664,5.9888,21.8026,0,28.720134,0,8.434733,23.23573,1.96488,0.139783,0,33.49507,0.430166,4.803896,13.99491,64.591614,0,0.370696
"sim_meta_oms-82",0,0,47.649569,65.8634278,0,0,5.716313,0,0,17.889943,0,0,6.51111,0,0,0,15.273867,0,15.481194,18.0913,13.62002,0.330216,0,15.05951,10.399242,0,16.248907,116.118252,0,0
"sim_meta_oms-83",0,0,63.253073,75.133621,0,0,11.408566,0,0,10.614409,0,0,4.73162,0,0,0,60.682862,0,20.929991,38.2949,12.4121,0.412726,0,22.723649,23.10344,0,28.62866,87.914878,0,4.7562
"sim_meta_oms-84",3.67014,0,39.160987,147.7654224,3.66921,0,17.0665149,0,0,15.690957,0,1.74152,7.4736261,0,16.0343,0,30.0967206,0,16.747332,6.36288,2.2717252,0,0,11.500447,6.768175,0,10.338784,89.0300543,0,2.22267
"sim_meta_oms-85",9.1146,7.59952,41.32718,96.2272928,8.562,16.577538,11.525801,2.12375,9.30697,16.249646,2.05071,2.48486,22.77474,2.465898,11.2315,0,81.571496,1.44725,33.185526,16.293408,3.29546,0.0982681,0,35.237325,34.767343,13.29404,29.96782,88.885804,1.82611,11.98562
"sim_meta_oms-86",8.5814164,1.81112,63.7755828,100.6620272,1.95876,1.79587,18.6267473,0,1.64181,13.067494,3.30353,7.183172,16.03031,9.976559,0,3.49977,60.147265,0,40.587296,19.475207,6.7788427,6.594659,0,21.8900294,18.992025,1.69096,10.539424,55.3713972,1.6417,0
"sim_meta_oms-87",2.14656,5.95883,16.442583,95.368448,1.46528,0,22.282973,1.31078,4.21852,14.88815,0,0,14.48386,0,0,0,68.98918,0,11.94476,8.53706,7.98779,7.381337,7.26675,26.31691,12.356856,11.33908,43.931081,114.118493,0,0
"sim_meta_oms-88",0.414998,0,33.674453,88.91085,4.00189,18.58851,22.822619,0,0,29.466011,0,2.206114,8.135707,0.688427,0,0,25.207979,0,25.177132,18.130885,0,0,5.92311,20.084975,3.944406,0,15.827991,69.115013,0,0
"sim_meta_oms-89",0,2.59243,43.08192,72.498681,6.41846,0,17.655923,2.57662,2.40445,21.855165,0,14.579,49.34498,3.16949,0,0,56.666837,0,30.97513,20.68698,2.93221,0,0,26.99277,21.657174,4.76156,7.36477,121.534377,0,0
"sim_meta_oms-9",10.899812,0,35.035143,90.658727,0,0,31.046032,0,0,20.557734,0,0,0,6.1133,0,0,11.299246,0,33.553924,19.95578,0,6.089714,0,18.80246,9.383136,0,18.563103,65.031028,0,0.668597
"sim_meta_oms-90",0,1.03391,14.76498156,90.25749722,0.946266,0,24.082284,0,0,27.178035,0,0,5.49427,0,0,0,29.019253,0,17.93715,3.45192,4.72215,4.13829,0,11.74002,19.097159,2.71423,18.059062,88.864491,0,0.404416
"sim_meta_oms-91",2.698959,0,25.4691162,114.884224,3.423294,0.492393,17.818547,0,0,11.901957,0,0,16.27454,10.87426,15.4276,0,41.652324,0,23.66156,6.18218,19.4731,1.810528,0,8.320251,15.60503,0,3.5757642,146.639507,0,0
"sim_meta_oms-92",0,8.95021,4.305174,91.744311,12.60043,8.95243,33.971116,0,8.70666,21.620784,0,0,8.54531,5.9479,0,0,72.054482,0,11.49645,18.97734,3.93981,0,0,63.485556,32.830705,17.547101,8.956397,76.774076,0,8.91375
"sim_meta_oms-93",4.49797,9.84062,26.89617,98.540745,16.52095,6.28617,14.275461,0,8.65467,14.959576,3.99779,1.55805,22.91645,11.01968,0,2.9768,99.99993,0,16.0445,14.67635,3.41313,3.92973,0,29.08341,28.5122,22.21112,19.66209,86.011367,0,6.92375
"sim_meta_oms-94",2.06455,2.44607,30.115431,118.2213824,3.400807,7.73461,15.524965,0.770207,3.34605,17.167972,1.38821,4.43166,20.2081117,1.42579,0,0,75.847389,1.01906,18.18936,17.978304,0.241085,3.848231,0,22.484652,18.1843302,3.766,10.731681,89.7990344,1.26932,4.655
"sim_meta_oms-95",12.322559,2.60542,27.3278751,177.2613525,2.53016,0.373326,22.427457,0,2.51235,37.047972,0,0.319353,3.283656,0,0,0,71.197127,0,13.1934412,19.362,5.16047,8.78806,0,35.087183,11.46766,4.88761,6.698131,73.972177,0,2.43223
"sim_meta_oms-96",1.25178,0.667738,23.213368,124.343118,0,0,23.1477665,0,0,18.570587,0.7694,0,4.735032,0,0,0,33.5150954,0,18.564962,4.82799,2.005651,4.112933,0,17.719504,3.722542,1.854033,9.082827,103.229005,0,0.331324
"sim_meta_oms-97",9.25342,24.95684,19.089124,259.275723,30.4688,0,3.211283,0,20.8411,19.477705,24.43698,21.8211,68.14729,0,0,0,159.375581,17.2044,50.699983,28.15078,0,0.463855,0,28.94202,107.25604,33.67151,25.58548,150.181373,20.2451,0
"sim_meta_oms-98",0.520907,2.06255,57.985724,59.487535,0,0.16402,16.831873,0,0,17.482767,1.86514,0,4.95038,13.68739,0,0,45.219302,0,14.270228,16.59741,1.935444,0,0,13.900471,19.974699,4.25758,23.1671214,89.72293411,0,0.440893
"sim_meta_oms-99",1.135185,3.95454,44.951953,111.9275496,8.113153,10.67645,8.0216803,0,2.21938,29.883011,3.33004,2.1046,14.681721,7.06767,0,0,80.9661725,1.487,25.862313,21.87875,0,5.79706,0,20.7434677,24.2570129,8.393218,20.894178,102.3038074,1.97025,2.73134
