sample	amglyccycl	arylpolyene	bacteriocin	butyrolactone	ectoine	hserlactone	indole	ladderane	lantipeptide	lassopeptide	melanin	microcin	nrps	oligosaccharide	other	otherks	phenazine	phosphonate	resorcinol	sactipeptide	siderophore	t1pks	t2pks	t3pks	terpene	thiopeptide	transatpks
sim_meta-1	2.83951	2.0876984	22.4223697	0	0	0	0	26.18774	91.5351142	14.5269	0	0	206.9406532	0	44.218305	0	0	2.55289	0.0923675	0	12.696063	69.8038346	0	2.75083	49.7466366	0	77.8001
sim_meta-10	0	38.429174	36.5313802	0	0.778185	8.033798	3.51615	0	4.592948	0	0	0	20.680414895	0	18.5550672	0	0.841621	0	4.2896	7.64469	19.297409	7.886814295	3.63589	4.19925	13.619733	0	0
sim_meta-100	0	3.359613	36.509903	0.341925	12.4098	0.35631	0	8.95821	9.231708	0	0	0	39.732038	0	17.541998	0	0	0	0	0	7.09378	1.1902126	0	0	29.386621	0	0
sim_meta-101	3.8938	21.619906	13.67037	0	0	1.2493341	0	3.51816	15.037086	0.263317	0	0	60.10790965	0	14.82391795	0	0.57926	3.27758	1.301551	0	18.13787348	0	0	3.89433	11.600809	0	14.27444
sim_meta-102	0	4.886012	31.89448	0.366515	0	4.281048	0	1.99699	9.787492	0.376398	0	23.1766629	22.3262739	0	2.280954	0	0	0	3.337675	0	3.290261	0.127277	0	0	14.8405689	0	0
sim_meta-103	0	3.383614	16.046135	0	0	0.610334	0	0	0	0	0	0	3.14518253	0	1.39013	0	0	0	0.466772	0	1.22220253	0.310189	0	0	0.451863	0	0
sim_meta-104	0	26.94874	44.015047	0.365659	0	3.548092	0	3.612413	0.90604	0.1290282	0	0	29.94749783	0	5.112831	0	0.4203988	0	8.782608	0	1.2289476	9.2027043	0	3.21297	76.271039	0	0
sim_meta-105	0	0	38.7748069	0	0	16.167178	0	0	20.8216	9.0145	0	0	20.4005123	0	44.0957994	0	0	0	0	0	6.411262	0	0	0	9.950063	0	0
sim_meta-106	2.86521	0.875764	50.521799	0	12.3402	10.842858	8.51232	2.79345	8.51232	0	0	0	18.7649208	0	51.158396	0	0	2.19003	39.8096	0	45.964666	19.06856	8.8777	12.37021	44.183908	0	11.06717
sim_meta-107	0	1.462715	36.4433476	0.784623	0	3.350028	0	0.866901	0.0358848	32.7601	0	102.699	19.1278957	0	21.776272	0	0	0	0	0	1.8420383	18.312917	0	3.37232	41.892988	0	0
sim_meta-108	0	6.65006	1.5877441	0	0	0	0	1.03769	1.913902	0.141154	0	0	23.096728	0	15.36416	0	0	0	0	0	0.2313634	0	0	0	24.66917083	0	0
sim_meta-109	0	62.1115729	8.587125	0	0	0	0	0	60.9282	10.9585	0	36.3921	10.134529	0	5.90327	0	0	0	17.2272	0	8.3789933	3.10204	0	0	0.202408	0	0
sim_meta-11	0	0.23736614	43.4447496	0	0	5.0255451	3.90559	2.05359	11.602491	0	0	0	39.6623572	0	16.8180924	0	0	0	5.303617	0	6.427357	10.0934816	4.25654	4.69739	43.1776	0	0
sim_meta-110	0	42.92373718	7.30802432	0	1.08905	1.7467295	0	0	20.4959751	0	0	40.9354	24.3569847	0	19.2828634	0	1.33467	0	10.3105	8.10804	2.6278316	23.201578	0	0	15.4339196	0	0
sim_meta-111	0	5.015699	38.9434233	0.558325	0	0.2222173	0	0	24.191227	0.440973	0	0	16.7916899	0	43.3084628	0	0.78494	0	0.320496	7.84048	9.287948	8.4138655	0	10.1297	21.71615	0	0
sim_meta-112	0	26.653928	36.850359	0	0	9.325558	0	0	23.1249	0	0	0	17.5611234	0	1.853422	0	0.743417	0	7.008315	0	0.96244106	1.018737	0	0.169745	0.39458	0	0
sim_meta-113	0	6.4733305	19.4754036	0	0	0.163527	0	3.43375	13.370976	0	0	0	5.4675367	0	7.168778	0	0	0	0	0	6.015668	0.1353544	0	0	3.0404598	0	0
sim_meta-114	0	19.691711	2.950337	0	6.63242	0.1800779	0	0.674944	7.223855	0.249095	0	43.3349	5.3240528	0	11.1170129	0	0	0	7.24685	0	1.60163	17.742414	0	0	9.390513	0	0
sim_meta-115	0	0.6225066	18.0724952	0	0	0	0	0	56.617269	0	0	0	49.94423336	0	19.9230497	0	0	0	0	0	3.0515832	0.05754106	0	0	12.73558	0.149026	0
sim_meta-116	0	9.5341744	82.8313462	0	12.9659	0.228175	0	0.57004	8.9965	12.7128	0	130.71	2.92681505	0	1.9270993	0	0	0	0.0990599	0	13.9371422	0.34639549	0	0	57.0079611	0	0
sim_meta-117	2.72256	23.2709844	14.2060073	0	6.81727	0	0	3.594237	5.987806	1.6806454	0	32.8122	24.5694822	0	26.1721925	0	0	2.4398	14.702377	0	14.1900961	2.4949111	0	2.8147	15.3516786	0	11.01539
sim_meta-118	0	24.57591	64.899695	0	9.42568	0	0	0	0.297574	0.0622739	0	25.4649	31.7732	0	26.31004	0	0	0	0	0	0.364527	31.5654	0	0	21.21791	0	0
sim_meta-119	0	0	39.168324	0	0	4.826537	3.29788	0	3.925412	41.8144	0	0	5.377418	0	12.146022	0	0	0	4.29418	0	6.3668	8.00412	3.53178	3.73321	44.459528	0	0
sim_meta-12	0	0.202204	68.569932	0	2.09399	0	0	0	17.63969	13.31683	0	0	9.359102	1.67647	22.27995	0	0	0	0	0	15.7151602	9.6101351	1.36391	0	53.416399	0	0
sim_meta-120	0	38.665671	61.535651	0	0	0.806602	0	0	10.812586	42.354	0	62.0687	25.76974462	0	21.15396	0	0	0	10.49694	0	25.3544067	0.25362552	0	0	51.975486	0	0
sim_meta-121	0	15.402141	39.6396241	0	0	0.403998	0	0	0.187096	0.29949	0	0	5.06095936	0	21.588916	0	0	0	17.541897	13.9829	18.0191627	26.54759186	0	0.0255074	31.7874059	0	0
sim_meta-122	2.99907	21.3431489	75.4179921	1.15251	14.8751	4.727602	3.1	2.98715	3.432265	15.6667	0	0	41.87756964	0	24.7190618	4.37491	0.1748288	2.85596	4.61255	0	30.1875172	17.79851238	3.3932	7.055232	62.2127831	0	11.89842
sim_meta-123	0	2.008967	5.5580433	0	0	2.207144	0	0	1.087582	0.719787	0	0	8.4258223	0	7.53103	0	2.879172	0	0.205553	0	7.0387906	0.1971718	0	2.77561	9.84155	0	0
sim_meta-124	0	2.96928	2.585177	0	0	1.246105	0	0	1.20411	29.4857	0	0	6.120285	0	1.020053	0	1.4219762	0	32.631018	0	31.023372	0.777547	0	0	31.092669	0	0
sim_meta-125	0	2.341312	39.465916	0	11.7607	0.180367	0	1.416192	1.5638361	0	0	0	11.05318756	0	22.784162	0	0	0	5.00404	0	6.806399	10.06143887	0	0	44.5725287	0	0
sim_meta-126	0	2.1753205	48.121638	4.41104	3.016631	13.37861	0	1.65509	34.916118	22.2903	2.09807	0	29.3801062	2.12876	4.816015	4.05483	0.721711	0	0.104525	0	8.897499	2.4474163	4.21495	4.40798	36.394341	0	0
sim_meta-127	0	2.524554	2.118619	0.262191	0	0.252014	0	0	65.904093	0	0	106.894	14.71909632	0	2.281474	0	0.504972	0	0	0	0.742409	0.11274569	0	0	0.767564	0	0
sim_meta-128	2.02008	6.0616924	43.993097	0.0964214	0	6.5383398	5.09168	2.1099746	36.7739759	0.3463086	0	153.9013	13.9991926	0	35.4427283	0	0	1.70376	6.0614	9.61482	5.7976014	27.3332234	5.39092	7.68249	20.6102611	0	8.17132
sim_meta-129	0	32.94818	17.0463479	3.41387	2.23624	0.49072	0	0	22.387232	3.73742	1.50499	0	1.53539	1.45972	19.329178	3.02985	0.601408	0	0.549393	0	4.775952	20.58078	3.0183	2.87322	19.35319	0	0
sim_meta-13	0	56.1139262	39.0869068	0	0	0	0	2.08237	36.283669	0.478297	0	0	11.5550361	0	30.3311263	0	0	0	17.589621	0	3.9521343	10.622932	0	0	24.4994895	0	0
sim_meta-130	0	25.9880601	2.4298746	0.982439	1.66747	2.847636	0	0	1.3304221	5.78146	0	0	7.354634589	0	6.170762	0	1.46535	0	1.053955	0	4.53975446	2.63106827	0	1.20542	9.6769284	0	0
sim_meta-131	0	17.885454	34.379625	0	0	0.786277	0	0	61.5195	0	0	0	48.3205714	0	47.315537	23.6601	0.86777	0	0	0	0.2194787	37.4730764	0	0	24.3059	0	0
sim_meta-132	1.28595	21.401302	41.6427977	0	0	0.1868877	0	12.75353	66.3350196	6.21189	0	76.0292	92.0635272	0	12.6416653	0	0.1313819	1.20853	0.905784	0	14.41216006	23.476088	0	3.00347	16.532677	0	30.61934
sim_meta-133	0	50.952577	48.2096651	0	0	0	0	6.6531	33.663054	0	0	77.3701	53.1096002	0	9.4007867	0	0	0	26.49933	0	13.4227007	17.4363387	0	1.7075	5.305052	0	0
sim_meta-134	0	15.6472748	10.979312	6.34831	2.44219	0	0	0	2.868598	0	2.74879	0	4.6695885	2.54395	5.87786	5.26243	0	0	15.5883	0	8.465247	2.479816	4.95424	5.77257	14.056727	0	0
sim_meta-135	0	5.631397	33.6433641	0	14.6132	0	0	0	19.8339	14.8589	0	72.4474	19.5498877	0	21.1429302	9.35103	0	0	0	0	15.705169	9.3864842	0	0	45.725155	0	0
sim_meta-136	0	15.496667	34.081992	0	0	0.184688	0	0	15.581	0	0	0	30.91605474	0	25.662025	0	0	0	0	0	1.0336729	39.17358694	0	5.48388	21.08225	0	0
sim_meta-137	0	25.5628077	57.09491	0	0	2.83248	1.84263	0.460368	2.968942	0.1353996	0	13.188188	24.69305028	0	20.31216127	0	0	0	2.915826	2.52262	2.26993308	14.5275242	2.2901	8.36028	28.6741382	0	0
sim_meta-138	1.46805	22.557573	64.103844	0	1.0643	0	0	3.05438	59.049635	1.30827	0	0.051888	83.2644472	0.908137	16.1339473	0.512053	0	1.30276	0	0	13.7857418	22.2824208	0.781816	8.65681	26.3670133	0	5.40947
sim_meta-139	0	62.861143	19.24501021	0	0	0.0241117	0	1.99309	0.274239	8.80659	0	24.5919	58.88875684	0	6.52270675	4.71593	0.409537	0	8.350663	0	19.0489711	8.008311	0	0	30.4448314	0	0
sim_meta-14	0	25.834451	37.221809	0	0	0	0	0	11.105087	0.109776	0	0	32.7651617	0	3.9411993	0	0	0	0	0	3.540371	13.7401927	0	0	1.8251549	0	0
sim_meta-140	0	22.777563	26.8158538	1.280627	5.66291	7.981901	0	0	26.321838	5.87998	0.345858	75.6602	10.23022687	0.64393	18.5812659	1.092921	0	0	0	0	2.1470588	0.76422373	1.181307	12.574638	38.8524038	0	0
sim_meta-141	0	15.062852	29.9032037	0	7.9451	0	0	0.802312	28.10976	7.93053	0	0	40.24062912	0	15.798789	0	0	0	0	0	9.54837959	18.5853475	0	0.0382612	62.4435657	0	0
sim_meta-142	1.8249	13.4422485	50.20663562	1.711255	0.704085	11.0405039	0	1.80084	65.539392	0	1.01636	18.4732	24.32299957	0.719854	24.3454694	1.53378	0	1.3922	10.8661	0	3.40551788	1.0944592	1.546755	3.4192543	18.3735136	0	6.66679
sim_meta-143	0	27.200396	65.3488667	0	0	0.1875779	0	10.51484	48.413761	15.9636898	0	65.554	48.08257724	0	11.4591162	0.348969	0	0	1.375206	0	3.9193581	19.188568	0	4.5996	6.55616612	0	0
sim_meta-144	0	26.96976	36.58321	0	0	0	0	0	26.115136	24.1423	0	0	32.0994199	0	11.37603	0	0	0	0	0	0	17.9052	0	0	3.04696	0	0
sim_meta-145	0	30.231946	39.4218117	0	0	0.168079	0	0	0.176247	17.01945	0	81.7053	1.3874855	0	17.452598	0	0	0	20.1385	0	1.3071749	7.9560226	0	0	23.3899154	0	0
sim_meta-146	2.44322	1.984799	35.7859468	0	0	0.305352	0	2.3309	0.325392	0	0	0	14.95030677	0	15.759	0	0	2.02398	0.947867	0	0.6437673	0.0396077	0	2.44293	17.262624	0	9.32142
sim_meta-147	0	24.208008	22.705777	0	0	0	0	3.26811	42.86172	0	0	60.8901	16.23479654	0	0	0.392535	0	0	0	0	18.3862132	1.6568711	0	0	2.073566	0	0
sim_meta-148	3.39065	38.618149	7.3609888	0	11.0024	0.474562	0	3.20088	27.6737	0	0	0	19.6172838	0	15.0566498	0	0	2.76939	11.71319	0	0.24371023	0.0714778	0	3.24858	15.244743	0	12.48041
sim_meta-149	0	28.8433071	51.0069767	0	0	0.422558	0	1.24613	98.283037	5.4485	0	0	17.00164516	0	7.461626	0	0	0	8.255355	0	0.35416396	1.458538	0	0	22.44580933	0	0
sim_meta-15	0	28.874757	35.66124	2.888858	1.525173	3.42877	0	0.805343	1.0793	0	1.24998	0	40.50657253	1.08451	11.480122	2.63085	0.420712	0	7.044552	0	10.0484409	7.1311883	2.13307	4.838619	25.6996777	0	0
sim_meta-150	0	4.83394	36.258474	0	0	0.66272	0	0	0	0.568326	0	0	34.44576	0	2.150048	0	1.019461	0	0	0	0.513459	0	0	0	1.383212	0	0
sim_meta-16	0	34.838968	19.6650973	0	0	0	0	2.2122547	2.473924	0.150321	0	0	9.84073786	0	9.127649	0	0	0	15.0887	0	15.2997061	0.0655655	0	0.0637686	5.9184051	0	0
sim_meta-17	5.49539	1.429956	70.20243	0	0	0	0	8.01852	0.845008	0	0	0	33.167637	0	3.8736	0	0	4.79061	0	0	3.9709312	15.276	0	5.81431	6.216103	0	22.76727
sim_meta-18	0	8.306603	16.1835367	3.85597	1.54954	0	0	0	37.210011	13.044902	1.69514	18.9366	48.3527901	1.60948	17.6085561	3.1853	0	0	0.521592	0	13.150286	7.674771	3.28765	3.56438	24.856472	1.40666	0
sim_meta-19	0	15.417818	55.226166	0.40052	0	0.564338	0	9.23663	11.58916	0	0	0	3.990881	0	1.385665	0	0	0	14.550952	0	0	0.556385	0	0	3.016338	0	0
sim_meta-2	0	3.51501098	2.269152	0	0	1.689681	0	0	28.3501	0	0	39.4059	16.605389	0	2.527247	0	1.106058	0	0	0	3.772799	6.46239	0	0	0	0	0
sim_meta-20	0	6.3300112	57.8524014	0.464058	0	2.20368	0	7.21584	20.5524314	0.0775239	0	0	70.76104817	0	29.434033	0	0	0	0.308385	0	0.9189356	26.25069	0	8.19221	86.1259202	0	24.20901
sim_meta-21	0	9.532982	47.6449806	0	0	0	0	2.29808	20.401034	0	0	50.2178	30.6318117	0	19.563058	0	0	0	0	0	6.3920421	12.20105	0	8.60479	28.8261125	0	0
sim_meta-22	0	8.35837	51.5532047	0	17.89949	0.1402991	0	2.32325	12.39228	20.5215	0	0	6.5389157	0	10.8268703	0	0.1638996	0	0	0	9.7591388	1.3009	0	0	43.10194053	0.433606	0
sim_meta-23	0	41.3552472	26.4609286	0	5.82116	0.291323	0	5.2144352	12.6116586	13.64408	0	0	9.14136767	0	29.7727207	0	0.337773	0	16.855769	0	7.1008121	1.11807696	0	0	15.58756	0	0
sim_meta-24	0	3.49193	70.8651295	0	0	0	0	0	18.870175	0.91923	0	87.868776	8.667763	0	3.8284362	0	0	0	1.40327	0	0.0495488	0.342575	0	0	27.90391	0	0
sim_meta-25	4.00665	0.74967	30.4348976	0	0	1.23311	0	4.14473	8.48111	0	0	0	66.9132664	0	37.026317	0	0	3.52826	0	0	0.2775196	2.7504122	0	33.03068	51.788653	0	16.69667
sim_meta-26	0	0.800984	58.5397189	0	0	3.165824	2.32255	2.71327	2.32255	0	0	0	22.0705505	0	9.138254	0	0.33165	0	2.73095	0	5.08075	13.08123	2.37407	2.41292	8.204785	0	0
sim_meta-27	0	54.4817845	27.3132035	0	0	0.0794698	0	9.401029	60.734371	12.505084	0	18.625	71.0199372	0	15.1792044	0	0	0	14.552932	0	4.56579939	23.4465005	0	0	16.3364323	0.603334	28.55048
sim_meta-28	0	1.37356	14.440059	0	1.55598	1.62593	0	0	0	0	0	0	3.088821	0	1.370042	0	1.48913	0	0	0	16.212003	0	0	0	3.288436	0	0
sim_meta-29	0	31.33256	36.370419	0	0.446516	0	0	0	1.337544	0.479311	0	0	47.06890486	0.433424	30.290023	0	0	0	0	0	42.401064	17.642252	0.364781	0	12.534275	0	0
sim_meta-3	8.44254	26.029174	40.468906	0	0	6.16349	4.89576	8.83599	4.89576	0	0	0	75.79381417	0	24.13458	0	0	7.61579	26.86189	0	52.245844	11.993153	5.14491	14.68694	26.21884	0	34.2765
sim_meta-30	0	7.127116	33.66005	0	0	0	0	0	2.85198	0	0	0	2.9940368	0	0.755147	0	0	0	0	0	0.6755444	0.0748072	0	0	1.603035	0	0
sim_meta-31	0	9.136197	16.2207897	0	0	2.855039	1.53282	0	4.932352	0.507029	0	30.905	11.6289756	0	10.233799	0	1.504447	0	1.97457	13.6685	8.9522862	3.7608665	1.80588	7.5511471	18.9385	0	0
sim_meta-32	0	1.735819	49.28206099	0	0	0.391212	0	2.87366	3.571611	0	0	0	7.0152388	0	2.47989	0	0	0	0.237011	8.9224	1.0310374	0.3114004	0	0	14.0964	0	0
sim_meta-33	0	39.39897	17.230385	0	0	4.61778	3.84031	1.4489	14.2329027	0.084536	0	0	9.4341061	0	13.857382	0	0	0	4.48157	0	4.9595532	8.7720394	4.0564	4.40288	13.199102	0	0
sim_meta-34	0	1.6907194	16.4151111	0	0	5.0795176	3.53356	0	58.583296	0.360202	0	79.2196	13.7943258	0	41.853033	0.802372	0.214754	0	4.50269	0	4.909756	33.252106	3.89464	4.31504	23.467262	0	0
sim_meta-35	0	9.4530806	43.929048	0	4.73075	6.43993	0	0	65.2370636	0.10192	0	88.839	28.61651277	0	28.960547	0	0	0	0.0456013	0	0.732719	6.2543584	0	3.26635	38.7955225	0.199873	0
sim_meta-36	0	3.582622	33.5381662	0	0	0.072814	0	0	30.933872	0	0	0	3.33299407	0	33.3656589	0	0	0	0.387409	0	0.6629134	8.96235587	0	23.0437643	66.0994813	0	0
sim_meta-37	0	41.5568724	50.9345061	0	0	0.101879	0	0.184319	1.0494568	0.281815	0	0	1.832721	0	3.0445301	0	0	0	12.66354	0	3.98674	0.2611536	0	0	0.3974469	0.554975	0
sim_meta-38	0	2.457272	45.3098624	1.55369	0	3.14699	2.71807	0	2.71807	0.608517	0	0	20.55382291	0	36.318973	0	0	0	3.34928	0	5.4882771	6.22810111	2.76002	3.02438	29.291959	0	0
sim_meta-39	0	15.435191	38.702245	0	0	0	0	3.45877	3.690908	0	0	86.8166	13.8947433	0	10.151206	0	0	0	8.91976	0	1.278268	4.948974	0	6.82001	14.600011	0	0
sim_meta-4	0	9.3120084	19.8792512	0	0	0	0	6.50816	1.275292	0	0	96.6281	47.17088055	0	19.03895927	0	0	0	0	30.1785	8.23972169	9.6312885	0	0	47.8589579	0	0
sim_meta-40	0	9.8030867	18.18676292	0	0.51449	2.43597551	0	14.2617	44.8040705	0.11012	0	0	129.55453826	0	40.51759185	0	0.454336	0	4.112968	0	4.3801406	38.4847137	0	11.44109	27.0407471	0	40.9617
sim_meta-41	0	2.32588	111.0444816	0	0	0	0	0	24.46859	0	0	0	3.3291769	0	2.161003	0	0	0	0	0	1.188947	0.0680822	0	0	46.763528	0.750031	0
sim_meta-42	0	11.5096318	21.3795992	0	11.4794	2.8034406	0	8.13622	30.6706647	0	0	0.0626765	66.49725971	0	36.312219	0	0	0	0.736764	0	6.6491973	25.5474245	0	2.64154	15.5773413	0	25.26699
sim_meta-43	0	24.8377496	23.0525743	0	0	0.302526	0	13.2063	13.2931088	3.496299	0	47.087	28.04824	0	8.181419	0	0	0	0	0	28.103394	0	0	0	4.44259	0	0
sim_meta-44	0	3.0484845	6.2253309	0	0	0	0	0	115.895669	2.88705	0	0	22.34413557	0	5.336205	0	0	0	6.497872	0	6.7255911	0.35714357	0	0	1.2065502	0	0
sim_meta-45	0	6.5168871	18.1146264	0	0	0.4861303	0	0	15.458393	0.334594	0	47.4403	34.8239573	0	26.1473173	0	0.746936	0	1.062746	0	3.2304569	0.0687508	0	0	45.2181996	0	0
sim_meta-46	0	10.418773	9.46771	0	0	0	0	8.51168	30.35858	0	0	0	17.789155	0	57.554569	15.1083	0	0	0	0	1.250536	20.281657	0	0	18.660604	0	0
sim_meta-47	0	43.7275771	24.3558674	0	0	7.38741317	1.51438	0	30.004833	0	0	51.4873	27.7133773	0	16.2997417	0	0.2206947	0	16.442872	0	2.0766446	3.6282838	1.60666	1.70448	19.000703	0	0
sim_meta-48	0	1.2834733	23.984553	0	0	0.524247	0	11.0029	42.0097199	0.320001	0	0	81.2397263	0	33.675694	0	0	0	0.148177	0	0.33176	28.236189	0	8.90418	41.607302	0	33.57631
sim_meta-49	0	0.3758837	76.4629913	0	0	5.671791	4.14665	8.5461685	52.92186	54.357799	0	0	35.75473434	0	21.44107	0	0	0	5.00812	0	6.2659685	9.5823092	4.05823	4.5976006	70.8165266	0	0
sim_meta-5	0	0.922081	52.2460569	0	0	0	0	0	3.86435	0	0	0	43.5892028	0	1.080746	0	0	0	0	0	1.1779666	1.0075167	0	0	4.44656	2.65071	0
sim_meta-50	0	10.6712919	35.262869	1.597472	10.246945	0.303067	0	9.41151	10.999932	10.311031	0.581661	45.6705	43.32825475	0.757769	48.7334769	1.412126	0.2810694	0	0.322324	0	20.17457	0.9856969	1.408918	1.334513	61.029583	0	0
sim_meta-51	0	10.3202875	9.3242252	1.974057	2.272079	1.3623089	0	0.159649	6.480186	0.0912118	1.17207	44.0207	6.85125237	1.08595	22.04399	2.1223	1.1924364	0	0	0	8.60013439	2.31011947	2.06263	2.05878	11.2545952	1.50871	0
sim_meta-52	0	1.241051	89.55152	0	3.96005	7.53923	3.01859	0	3.384165	0	0	0	0.9192235	0	34.05224	0	3.16714	0	3.89786	12.4982	6.89511948	7.580851	3.37977	3.69327	59.55673	0	0
sim_meta-53	0	39.052351	64.29011	0	0	0.182217	0	7.14489	2.184876	24.165437	0	24.8851	36.019979	0	1.98859	0	0	0	8.552123	0	3.053017	14.916635	0	0	23.067713	0	0
sim_meta-54	0	46.44270001	34.3740005	0	0	0	0	1.04281	17.986658	8.2234883	0	12.1713	17.77410407	0	4.664867	0	0	0	14.179	0	2.5798756	2.4129794	0	0	42.4249568	0	0
sim_meta-55	0	0.8546382	33.10604	0.536437	0	10.932195	2.10575	0	35.80205	0	0	0	12.4639443	0	8.270491	0	0	0	2.767402	0	3.4617646	12.579963	2.2053	2.67481	25.70173752	0	0
sim_meta-56	0	12.6429658	33.663057	0	14.6915	0.478597	0	0	17.975356	0	0	43.5622	34.7133963	0	29.265788	0	0.843279	0	6.07996	6.40181	1.02427358	0.975369	0	8.47357	44.2789773	0	0
sim_meta-57	0	8.401032	14.12579	0	26.88	2.175768	0	0	0.715501	3.01788	0	0	24.212344	0	33.9055	0	0	0	2.100306	0	14.405982	9.12776	0	0	33.557003	0	0
sim_meta-58	0	12.0907527	11.4771983	0	0	8.62773	0	0.619778	84.8430249	0	0	0.103776	87.368898	0	41.68592	0	0	0	0	0	9.7542116	17.3769314	0	8.33942	8.7903921	0	0
sim_meta-59	11.4964	121.1822	22.6625956	0	0	0.2795787	0	11.3446	0	0	0	0	75.55752468	0	8.658789	0	0.3331511	9.28418	26.1084	0	10.607683	0.402215	0	11.3895	11.657816	0	44.02742
sim_meta-6	0	4.173752	40.5344745	0.671975	0.594427	0.827317	0	2.99056	8.014093	0.418657	0	46.5707	17.05617139	0.439424	8.4623207	0	0.6657354	0	0.832887	0	7.9096753	5.47755366	0.297142	0	33.8636486	0	0
sim_meta-60	0	16.334218	33.3370364	0.83121	0.428613	0.474444	0	0	20.603774	0	0	17.6929	18.40304973	0	13.8572721	0.260361	0.545664	0	0	0	1.6350532	11.52258077	0	0	21.220498	0	0
sim_meta-61	0	6.379472	86.2604659	0	0	4.7033659	3.40973	3.456	3.6153807	0.1739727	0	59.0916	16.99191801	0	20.2059038	3.57403	0	0	4.603007	5.6256	7.3138728	14.28684181	3.63934	3.75165	15.1609803	0	0
sim_meta-62	1.3527	34.17084	40.4819939	0	1.78367	2.5871923	0	6.97824	62.98686	0	0	0.0097611	63.238723613	0	29.4881503	0	2.0279759	0.993545	8.9932	0	2.7496763	29.2783278	0	1.30686	10.58355	0	23.91519
sim_meta-63	0.789559	30.4703349	31.04449387	0	0.573954	0.2559655	0	1.696981	86.2532099	0.932233	0	0	22.32938919	0.560304	21.4280488	0	0.27667	0.754133	0.0632654	0	16.7911225	4.0505214	0.451936	0.923693	8.6869743	0	3.590606
sim_meta-64	0	9.97186	8.077087	0	0	0	0	0	95.473913	0.0919928	0	0	22.2605941	0	74.55651	8.099	0	0	0	0	7.7563372	8.099	0	0	19.92501	0	0
sim_meta-65	0	19.2461318	20.2078549	0	0	0	0	0	1.726995	0.169927	0	0.25944	4.3469837	0	29.851493	9.35374	0	0	18.8051	0	0.293873	9.6043897	0	0	9.25844	0	0
sim_meta-66	0	10.610314	39.4690491	0.215651	2.53197	8.12972	0	0.223368	1.233032	4.85913	0	0	31.85817633	0	6.468181	0	0	0	0	0	5.77198054	0.30533816	0	0	9.551528	0	0
sim_meta-67	0	17.7265261	52.3757552	0	5.71259	2.435863	0	0	48.5727192	0.391762	0	0	44.07131364	0	12.3732749	0	0	0	0	0	9.175555	13.19395844	0	1.8016	9.1878547	0	0
sim_meta-68	0	21.9826421	18.42381658	0.4635129	0.392503	0	0	3.9625	36.523737	0.6958366	0	16.6702	27.89873735	0.457844	3.9604658	0	0	0	17.93633	0	27.6451198	4.939239	0.335705	1.44206	19.1191076	0	0
sim_meta-69	0	17.7221222	47.4439492	3.16526	11.76208	4.98224	3.70802	0	12.020722	12.492623	1.17911	0	22.878561	1.41849	37.582066	2.68094	0	0	4.54231	0	8.5070689	15.2372452	6.55228	14.42095	48.732439	0	0
sim_meta-7	0	5.8012295	70.0112987	0	0	4.5699417	0	1.85052	30.028357	0	0	15.7284	28.5384566	0	10.5734682	0	0	0	0.0920189	0	1.742604	4.5482957	0	0.0215614	35.9470422	0	0
sim_meta-70	0	10.713815	81.6832043	0	0	0	0	0	36.011608	0.613162	0	0	7.044186	0	7.346126	0	0	0	0	0	0.362598	0.763686	0	0	20.971588	0	0
sim_meta-71	0	4.178067	19.2445657	2.40609	18.926	0	0	0	2.883785	11.5651	0	35.5654	8.0024802	0	44.17225	11.5413	0	0	0	0	2.9871334	12.6305952	0	0	61.950002	0	0
sim_meta-72	0	11.690091	23.8357006	0.76615	0	0.4076785	0	1.53411	54.015145	0	0	65.3099	18.496214881	0	24.51764625	0	0.358073	0	0	7.47428	8.12671272	2.9608332	0	1.77605	18.39970364	0	0
sim_meta-73	1.85706	0.9992137	9.6343017	0	0	0.269817	0	1.92448	72.1767	2.44369	0	0	35.9470287	0	19.058775	0	0	1.4277	0	0	1.284568	4.7235683	0	1.8258	15.586392	0	7.06104
sim_meta-74	0	20.380034	36.2959015	0.256907	1.14691	16.54444	0	1.79137	0.0665021	0	0	90.13	34.38769156	0	1.36007958	0	1.11878	0	0	0	18.26792358	2.0150166	0	2.53347	10.52689055	1.04208	0
sim_meta-75	0	34.186894	25.40971	0	0	0	0	4.64516	1.538	0	0	0	17.1940008	0	10.24692	0	0	0	0	0	0.26730231	4.59124	0	0	24.006027	0.696694	0
sim_meta-76	0	3.460684	15.6952115	3.23368	1.28304	0.2654993	0	2.611586	56.888719	0	1.68601	0	39.22786859	1.68939	41.4988062	12.8591	0.1457691	0	0.567364	0	5.635231	11.1749926	3.17667	3.219	18.193481	0	0
sim_meta-77	0	0.13093318	10.4203753	0	0	0	0	29.40769	43.49101	0	0	0	200.2922796	0	26.105629	0	0	0	0	0	0.2967108	71.0299755	0	0	45.582314	1.41753	76.9581
sim_meta-78	1.47023	0.992604	32.3461918	0.500638	10.649	0.1599052	0	7.74809	36.878104	11.231742	0	81.5014	15.15273424	0	44.1568992	0	0.145759	1.56066	0	0	12.0968208	0.15048337	0	1.6557242	52.8643503	0	6.31463
sim_meta-79	0	10.8509997	57.0421453	1.176805	5.792276	7.63366596	5.37181	1.0952245	6.2168431	5.50192	0.84543	58.3935	30.4606227	0.694366	22.5527296	1.399251	0.422457	0	6.75578	0	19.660722	15.235836	6.867411	7.341966	45.6851756	0	0
sim_meta-8	0	4.8589857	10.2518361	0	0	0	0	16.43342	28.648477	3.86191	0	0	86.81288599	0	25.351623	0.304919	0	0	0	0	1.5204774	30.51894064	0	8.3464	13.4896184	0.992928	35.69978
sim_meta-80	0	1.628836	62.0194225	0	0.494367	0.891834	0	2.29975	2.50334	0.0747245	0	55.7828	16.4459532	0	12.42644	9.95062	1.25937	0	0.27073	0	1.346499	13.5406248	0	1.9198168	17.76663757	0	0
sim_meta-81	0	15.023502	46.026727	6.36246	2.8222	0.768708	0	0	2.62958	0	2.18415	0	59.7542749	2.43315	31.381267	5.17432	0.736851	0	0	0	10.259028	33.69412	4.95907	5.55489	24.2663	0	0
sim_meta-82	0	0.498021	17.438715	0	0	0	0	0	23.7852	15.0837	0	0	30.0866498	0	16.296844	0	0	0	11.8032	0	13.01850442	0.9746496	0	0	12.475788	0	0
sim_meta-83	0	13.15008	40.27582	0	0	0	0	0	0	0	0	0	31.192924	0	26.93258	0	0	0	0	0	13.84642	1.48774	0	0	4.95274	0	0
sim_meta-84	0	12.5687127	17.4449809	0.408098	3.57733	0.413704	0	0	0	3.52362	0	0.051888	7.78333921	0	15.758801	0	0.1253216	0	0.131635	0	5.5447298	1.0465916	0	7.2754374	27.1628759	0	0
sim_meta-85	0	41.08576	26.8676877	1.664638	0.660067	3.2947953	1.60794	0	2.545401	0.257399	0.867022	0	7.420555822	0.763173	29.7994621	1.400637	0	0	12.38947	0	14.1444028	8.112613912	3.265062	4.745843	16.6500463	0	0
sim_meta-86	0	34.734489	12.5398293	0.824959	0	3.0728054	0	0	38.94113	0	0	39.6857	33.0988381	0	9.645598	0	0	0	7.16702	7.91346	4.8488385	8.612325	0	2.88588	3.026408	0.430959	0
sim_meta-87	0	5.191399	34.108804	0	0	8.339406	6.3052	0	59.438447	0.237546	0	0	6.054672	0	21.27363	0	0	0	8.434627	0	7.892396	16.262469	6.72664	7.54183	22.067557	0	0
sim_meta-88	0	8.116607	51.1862631	0	19.81733	1.7996769	0	3.92692	46.1652675	16.32829	0	0	11.8920112	0	36.762994	0	2.042698	0	0	0	1.652404	3.14575	0	0.0151845	38.3704043	0	0
sim_meta-89	0	5.912356	43.516908	0	0	3.068084	1.60102	19.55863	39.80655	72.9145	0	0	140.9574848	0	44.946602	0	0.392839	0	2.0226	0	2.7042098	53.8983235	1.69495	2.04744	52.602935	0	49.4049
sim_meta-9	0	0.0739926	35.6977611	0	0	9.7349262	0	0	11.286182	0	0	0	63.902709	0	14.5691856	0.400447	0	0	0	0	0.013473	19.374867	0	9.12769	22.79276	0.635455	0
sim_meta-90	0	1.8945125	72.4723169	2.7303	0	0.6369265	0	23.32422	30.04262	18.83055	0	0	128.27808331	0	24.1930906	0	0.3222887	0	0	0	1.85478379	47.9540292	0	0	28.94664372	0	44.7519
sim_meta-91	0	6.541427	7.4845518	0	0	3.534846	0	1.363777	0.614678	0	0	62.7111	7.503475	0	3.20761	0.453052	0	0	0	0	1.5788725	29.1221609	0	3.0264	6.632863	0	0
sim_meta-92	0	10.28955	3.542356	0	1.98107	0	0	0	12.875117	2.06549	0	0	20.72336	1.6061	12.460056	0	0	0	0	0	11.073915	10.461206	1.37197	0	20.27168	0	0
sim_meta-93	0	78.745953	15.8037925	0	0	0.0980297	0	0	33.9319611	0.0776883	0	53.3917	11.88597317	0	40.4070731	10.5026	0.1770192	0	19.065592	0	2.217378	11.0084048	0	0	18.809947	0	0
sim_meta-94	0	30.7573531	21.0571013	0	0.704247	1.0465125	0	0	37.325747	0	0	24.2678	19.74467024	0	11.4953894	0.462208	0.494176	0	7.182441	7.01996	9.8864729	4.784508	0	6.72447	46.558903	0.723046	0
sim_meta-95	0	25.593379	9.276487	0	0	0	0	0	47.69024	0	0	45.1054	10.1488798	0	29.405547	24.0053	0	0	18.6744	0	1.017546	24.0053	0	0	28.045756	0	0
sim_meta-96	0	3.031388	45.4522688	0	0	0	0	9.79663	20.337232	10.7626	0	0	124.3365259	0	11.821314	0	0	0	0.717578	0	2.253277	25.36267	0	0	14.049652	0	31.02871
sim_meta-97	0	2.800508	6.529856	0	0	5.67846	0	0.18009	0.339759	0	0	0	14.7187333	0	28.376259	0	0	0	0	14.3029	0.73645	11.795081	0	6.06375	13.149342	0	0
sim_meta-98	0	11.428117	26.059508	1.620724	1.340702	5.335899	0	0.958626	3.2185638	27.929568	0.651288	0	70.35765064	1.194708	5.385896	1.015701	0	0	0.213578	0	12.1722407	9.579007	1.634472	1.028933	39.718695	0	0
sim_meta-99	0.438179	20.61076	26.832277	0.484167	0.698894	0.176672	0	1.3652909	61.699865	0.573075	0	20.5908	31.9154263	0.562912	2.998679	0	0	0.420807	11.2976837	0	21.1454113	8.3546224	0.499331	0.568399	53.290294	0	2.090861
