sample	A.OX	AfsA	AMP.binding	ATd	Autoind_synth	bacilysin	Bacteriocin_II	Bacteriocin_IIc	Bacteriocin_IId	BLS	bt1fas	CAS	Chal_sti_synt_C	Chal_sti_synt_N	Condensation	cyanobactin_synth	cycdipepsynth	dmat	DUF1205	DUF692	ectoine_synt	fabH	fom1	Glyco_transf_28	Glycos_transf_1	Glycos_transf_2	goadsporin_like	hglD	hglE	indsynth	IucA_IucC	L_biotic_typeA	Lactococcin_972	LANC_like	Lant_dehyd_C	Lant_dehyd_N	Linocin_M18	LipV	Lycopene_cycl	MGT	micJ25	mvd_mst	NAD_binding_4	NapT7	novH	PF00067	PF00106	PF02441	PF04820	PF13561	PF13575	phosphonates	phytoene_synt	phzB	PKS_AT	PKS_KS	PP.binding	salQ	skfc	spcDK_like_cou	spcDK_like_glyc	strK_like1	strK_like2	subtilosin	t2clf	t2fas	t2ks	t2ks2	tabtoxin	terpene_cyclase	Terpene_synth_C	TIGR03601	TIGR03602	TIGR03603	TIGR03604	TIGR03605	TIGR03651	TIGR03678	TIGR03693	TIGR03731	TIGR03793	TIGR03798	TIGR03882	TIGR03975	TIGR04363	ToyB	TunD	YcaO
sim_meta-1	177	8	12674	43	23	0	0	0	1	0	0	0	24	29	1723	0	0	0	0	253	23	847	0	171	2087	2115	1	39	75	45	119	0	0	119	210	42	14	0	58	235	23	0	1294	2	0	1002	2916	339	960	1653	23	0	139	3	1083	1207	739	15	0	2	1	0	0	0	19	1316	19	15	1	73	28	0	0	0	0	0	0	0	0	2	11	9	7	24	4	1	0	187
sim_meta-10	228	6	12144	12	18	0	0	0	2	0	0	0	45	46	1025	32	2	0	1	118	44	786	5	203	2587	2388	0	0	0	0	59	1	0	17	105	37	20	0	99	100	10	0	1379	2	0	801	3110	306	842	1745	3	8	144	0	893	665	511	14	0	7	3	0	0	6	50	1423	49	0	0	31	10	0	0	0	3	0	0	0	3	2	0	9	13	24	0	0	0	152
sim_meta-100	385	1	15027	12	14	0	0	0	0	0	0	0	20	30	3614	0	5	0	1	174	19	806	0	198	2333	2168	0	17	28	0	19	0	0	2	60	24	39	0	38	195	21	0	1399	0	0	654	2894	229	383	1604	0	0	188	0	1059	1401	1024	0	0	0	0	0	0	0	0	1188	6	0	5	16	111	0	0	10	0	0	0	0	0	0	14	14	6	63	0	0	0	177
sim_meta-101	200	2	12375	0	26	0	0	0	1	0	16	0	18	9	1095	0	0	1	0	121	41	703	0	199	2242	2378	0	31	48	0	55	1	0	33	17	7	16	0	89	74	31	0	1432	0	0	485	3065	329	490	1742	0	0	145	0	596	172	465	3	0	0	1	0	0	4	0	1305	2	0	4	23	0	0	0	0	2	0	0	0	2	1	31	23	7	0	0	0	0	173
sim_meta-102	390	2	13269	80	30	0	0	0	0	9	6	23	56	83	2675	32	0	0	0	125	26	891	0	190	2960	2860	0	25	48	0	28	0	0	24	45	8	15	2	132	139	8	0	1376	5	0	958	3452	251	721	1754	53	0	221	0	1055	1666	931	1	0	0	0	0	0	0	33	1574	48	15	1	34	41	0	0	0	0	0	0	0	0	0	0	1	4	2	0	0	0	127
sim_meta-103	238	5	10568	1	12	0	0	0	0	0	8	0	36	44	1571	23	0	0	0	133	26	914	4	183	2231	2079	0	44	94	0	8	0	0	5	15	2	15	0	68	152	8	0	1451	3	0	529	3195	295	483	1870	0	0	133	0	736	612	559	0	0	3	0	0	0	2	0	1224	2	0	2	9	0	0	0	0	0	0	0	0	0	0	0	2	11	0	0	0	0	138
sim_meta-104	200	4	14895	0	40	0	0	0	0	0	12	0	19	17	1984	2	0	0	0	147	44	833	2	210	2195	2097	0	42	65	0	54	0	0	29	52	9	27	0	137	117	7	0	1401	3	0	943	3515	298	665	1905	0	13	195	11	1223	1184	761	1	0	2	2	1	0	0	0	1365	3	0	1	27	29	0	0	0	0	0	0	0	0	0	0	15	0	13	0	2	2	180
sim_meta-105	211	0	10115	15	47	0	0	0	0	0	0	0	56	61	1199	0	0	0	0	193	4	1026	0	231	2028	2561	0	74	111	0	38	1	0	27	0	0	0	0	164	26	16	0	1262	0	0	666	3154	274	745	2125	3	18	235	0	642	788	602	0	0	2	2	0	0	3	0	1489	3	0	0	17	0	0	0	0	3	0	0	0	3	0	0	29	0	3	0	1	0	183
sim_meta-106	180	0	10089	0	50	0	0	0	0	0	0	0	21	14	528	0	0	0	0	257	30	968	0	188	2349	2238	0	43	68	0	59	0	0	16	1	2	29	0	104	54	9	0	1255	1	0	694	3514	250	1868	2026	6	0	165	0	622	203	391	0	0	0	0	0	0	0	0	1257	2	0	0	15	0	0	0	9	0	1	0	0	0	0	0	6	0	0	0	0	0	108
sim_meta-107	287	5	13878	108	29	31	1	8	0	4	5	10	30	32	1531	0	0	0	0	213	41	899	1	178	2333	2579	0	11	6	0	114	0	1	10	16	1	14	1	104	132	22	0	1344	2	0	1083	3844	348	1303	2057	7	0	233	5	980	946	628	2	0	3	5	0	0	14	18	1319	20	28	0	13	17	0	0	16	0	0	5	0	0	1	0	7	1	2	0	0	0	74
sim_meta-108	170	5	11505	0	25	0	0	0	0	0	11	0	58	48	1442	0	0	0	0	156	40	805	0	193	2709	2815	0	29	56	0	93	0	0	32	15	1	27	0	181	67	22	0	1463	1	0	695	2675	330	554	1823	0	11	281	0	667	344	537	0	0	0	3	0	0	0	0	1337	4	0	0	48	16	0	0	0	0	0	0	0	0	1	0	39	0	14	0	0	2	127
sim_meta-109	213	0	11891	0	62	0	0	0	0	0	0	0	6	5	681	10	0	0	0	246	53	744	0	198	2170	1980	0	79	63	0	75	0	0	11	2	1	24	0	28	15	12	0	1225	0	0	404	3073	308	771	2062	15	1	172	0	677	300	470	0	0	0	0	0	0	4	0	1071	0	3	4	6	0	0	0	0	0	0	2	2	0	0	2	11	1	0	0	3	1	151
sim_meta-11	178	7	9026	3	10	0	0	0	0	0	0	0	20	35	882	66	0	0	2	199	4	950	0	205	2408	2624	0	80	85	37	144	0	0	49	121	25	10	0	147	203	9	0	1327	6	0	765	2400	293	898	1492	26	44	163	0	917	676	553	11	0	0	0	0	0	3	13	1125	18	0	0	31	8	1	0	17	6	3	2	0	5	0	0	3	19	0	0	0	0	176
sim_meta-110	316	5	13867	13	16	0	0	5	0	0	18	0	18	31	1543	2	0	0	0	213	37	906	0	231	2209	1987	0	73	64	0	122	4	0	37	104	20	25	0	98	135	17	0	1357	4	0	894	3387	334	997	1877	61	3	182	0	1023	878	686	35	0	0	0	0	0	3	39	1576	52	0	1	10	13	0	0	21	2	0	0	0	3	4	0	7	1	38	0	0	0	236
sim_meta-111	182	0	11565	112	17	15	0	2	0	0	4	0	31	48	2388	0	0	0	0	239	41	993	0	203	2494	2358	0	92	103	20	136	0	0	28	22	3	6	0	105	142	17	0	1478	0	0	652	2933	248	967	1838	7	46	153	0	957	1206	873	0	0	1	0	0	0	9	0	1606	1	11	0	23	18	0	0	4	0	0	0	0	0	1	0	12	0	13	0	0	0	162
sim_meta-112	129	0	10814	17	22	0	0	0	0	0	3	0	22	34	910	11	0	0	0	219	50	732	0	201	2363	2270	0	41	45	10	68	0	0	10	2	1	14	0	120	34	9	3	1364	1	0	717	3218	310	930	1792	4	11	164	0	715	705	505	1	0	1	0	0	0	0	0	1612	1	0	2	14	0	0	0	0	2	0	0	2	4	0	0	30	3	0	0	0	0	253
sim_meta-113	581	0	15132	82	26	0	0	0	0	0	0	0	29	57	3110	0	0	0	0	199	22	909	0	175	2456	2197	0	23	60	0	31	1	2	64	96	19	47	0	118	97	1	0	1561	0	0	920	3699	270	546	1937	78	20	172	2	1395	1841	1102	0	0	2	0	0	0	0	0	1289	2	22	1	38	50	0	0	0	0	0	0	0	0	0	2	16	0	7	0	0	0	174
sim_meta-114	414	2	16138	54	41	0	0	0	0	0	26	0	13	21	3384	0	0	0	0	187	59	951	0	197	2870	2458	3	27	60	20	112	0	0	53	48	12	34	0	100	143	9	0	1550	5	0	691	3958	267	803	2069	59	0	168	2	1075	1331	1042	9	0	3	2	0	0	0	0	1493	6	0	0	13	52	0	0	0	0	0	0	0	0	0	5	9	2	29	0	2	0	176
sim_meta-115	241	2	11507	3	14	0	1	1	0	1	1	5	33	39	1152	24	0	0	0	141	28	877	0	181	2953	2875	0	37	63	0	81	0	1	12	29	2	23	0	118	114	22	0	1476	5	0	804	2971	263	535	1833	0	0	205	1	867	632	546	1	0	4	2	0	0	0	16	1454	26	0	0	44	33	0	0	5	9	0	0	0	10	0	0	3	6	31	0	0	3	157
sim_meta-116	298	3	12587	80	41	4	0	0	0	0	2	0	25	42	2049	0	0	0	1	171	22	875	0	216	2396	2163	0	67	83	0	45	0	0	37	37	10	39	0	56	189	13	0	1373	0	0	584	3030	319	836	1903	6	17	170	5	657	645	710	0	0	1	2	0	0	8	0	1341	2	18	2	34	12	0	0	8	3	2	0	0	6	1	1	8	10	30	0	0	0	133
sim_meta-117	259	2	11534	11	15	0	0	1	1	0	7	0	30	36	1254	0	0	0	0	110	31	896	0	196	2458	2315	0	9	56	0	49	3	1	70	55	16	36	0	63	120	13	0	1470	4	0	421	3011	282	461	1815	80	19	131	0	748	591	524	7	5	1	0	0	0	5	0	1327	4	0	2	44	16	1	0	9	4	0	2	0	2	2	2	5	0	23	0	0	1	100
sim_meta-118	270	4	14678	3	79	0	0	0	0	0	0	0	38	64	2767	0	0	0	0	315	20	736	0	195	2530	2233	0	17	34	0	86	0	0	0	54	24	36	0	143	167	12	0	1391	0	0	636	3316	242	1983	1811	0	3	238	0	1005	1062	817	0	0	2	0	0	0	0	0	1390	11	0	0	33	95	0	0	0	0	0	0	0	0	0	0	28	0	56	0	1	0	161
sim_meta-119	373	0	15516	78	13	0	0	0	0	0	12	0	21	38	2117	0	0	0	0	228	62	765	0	189	2424	1915	0	66	142	0	84	0	1	37	53	22	7	0	85	69	7	0	1250	0	0	784	4176	333	435	1920	64	0	104	0	1195	1389	762	0	0	2	0	0	0	0	0	1504	2	33	0	33	33	0	0	0	0	0	0	0	0	0	0	2	0	4	0	1	1	200
sim_meta-12	209	0	11626	0	62	0	0	0	0	0	0	0	45	50	1733	0	0	0	0	263	38	995	0	212	2465	2192	0	29	52	0	27	0	0	3	0	0	56	0	66	91	23	0	1505	0	0	377	3642	317	479	2275	0	9	124	111	694	251	583	0	0	2	2	0	0	0	0	1687	2	0	9	21	0	0	0	0	0	0	0	0	0	0	0	0	0	0	0	1	0	135
sim_meta-120	168	0	9856	0	44	0	0	0	0	0	1	0	32	27	653	8	0	0	0	154	18	907	0	192	2298	2564	0	32	91	11	54	0	0	19	22	3	31	0	78	106	9	4	1329	0	0	512	2970	335	714	2032	1	8	129	4	813	452	496	0	0	2	1	0	0	0	0	1514	2	0	2	6	15	0	0	0	0	0	1	0	0	0	8	11	5	4	0	2	1	141
sim_meta-121	373	0	15909	57	43	0	0	0	0	0	3	0	37	41	3508	0	0	0	0	199	21	910	0	141	2231	1973	0	56	87	30	64	0	0	52	86	12	26	0	56	189	31	0	1304	1	0	1024	3306	238	667	1869	3	17	253	4	1339	1838	1072	0	0	1	1	0	0	1	0	1289	3	0	0	41	65	2	0	0	0	0	1	0	1	0	2	5	0	47	0	0	0	141
sim_meta-122	439	6	14672	185	16	0	0	5	0	0	9	0	35	35	3618	0	0	0	0	156	29	852	0	233	2712	2374	0	11	32	0	61	3	0	117	156	31	23	0	110	184	24	0	1366	6	0	680	3489	345	1022	1968	50	5	181	14	1043	1314	1050	20	0	1	0	0	0	3	19	1401	16	36	4	21	15	0	1	9	0	0	0	0	0	2	9	12	0	12	0	1	0	94
sim_meta-123	352	0	14850	58	44	0	0	0	0	0	7	0	8	19	2815	0	0	0	0	207	40	813	0	183	2092	2110	0	39	51	23	78	0	0	12	58	11	56	0	60	152	9	0	1348	0	0	575	3448	251	536	1655	15	0	157	0	1098	1558	950	0	0	0	0	0	0	0	0	1628	2	5	1	31	72	0	0	0	0	0	0	0	0	0	0	1	0	44	0	2	0	273
sim_meta-124	419	1	16311	260	40	0	0	0	0	0	34	0	24	49	4065	0	0	0	0	129	22	959	0	235	3099	2853	0	7	15	0	45	0	0	158	118	24	31	0	120	228	13	0	1346	9	0	743	3322	376	718	1896	0	0	164	0	909	970	928	15	0	0	3	0	0	2	0	1312	2	43	4	2	0	1	0	0	7	0	0	0	7	7	11	4	0	13	0	0	2	87
sim_meta-125	215	2	12213	94	33	20	0	2	0	0	10	0	68	68	2117	12	1	0	0	135	25	822	0	196	2388	2451	0	54	94	13	64	1	0	22	30	7	32	0	113	142	28	0	1290	1	0	812	3305	301	573	2079	22	16	187	0	864	923	801	0	0	0	1	0	0	11	0	1477	0	17	0	28	7	1	0	35	2	0	0	0	3	2	0	20	0	12	0	0	1	196
sim_meta-126	169	0	10204	1	41	0	2	0	0	0	1	0	27	33	858	28	0	0	0	153	44	813	0	159	2454	2584	0	18	34	0	85	0	0	2	0	0	31	0	92	65	30	0	1445	0	0	682	3348	285	1004	2105	0	0	160	20	645	259	441	0	0	0	1	0	0	0	0	1532	6	0	4	17	0	0	0	0	0	0	0	0	0	0	3	4	14	20	0	1	1	143
sim_meta-127	228	6	12016	6	20	0	0	0	0	0	3	0	26	26	1088	0	0	0	0	127	22	820	0	197	2166	1937	0	49	94	0	84	0	0	4	111	23	23	0	72	72	31	0	1436	3	0	652	3454	284	560	1907	0	8	223	0	905	645	581	19	0	1	1	0	0	1	31	1461	46	0	1	23	0	0	0	0	0	0	2	0	0	0	0	15	0	37	0	0	0	168
sim_meta-128	277	2	10677	55	17	10	0	0	0	0	1	0	32	70	1127	2	0	0	0	183	34	890	0	185	2327	2500	0	29	53	7	88	0	0	43	13	4	23	0	102	138	14	0	1461	0	0	606	3040	279	646	2014	53	15	219	3	684	554	552	0	0	3	3	0	0	18	0	1456	3	10	0	35	8	1	0	0	6	0	0	0	19	0	0	11	0	8	0	0	1	43
sim_meta-129	161	3	9177	5	53	0	0	0	0	0	4	0	36	38	249	62	0	0	2	147	11	830	0	196	2901	2923	0	40	69	0	70	0	0	1	0	0	5	0	90	65	4	0	1340	1	0	655	2869	248	1751	1546	4	0	184	0	637	249	307	0	0	0	2	0	0	0	0	1353	4	0	0	33	9	0	0	0	0	0	0	0	0	0	0	5	20	0	0	0	1	79
sim_meta-13	443	4	12028	90	36	0	0	0	2	4	21	6	54	70	1836	0	0	0	0	180	30	909	4	220	2427	2392	0	32	63	0	76	0	0	67	77	15	21	0	54	113	13	0	1506	2	0	645	3143	293	534	1876	64	3	192	0	1140	1583	769	12	0	2	1	0	0	0	4	1648	15	19	0	38	25	0	0	0	0	0	0	0	0	5	0	2	0	1	0	4	2	131
sim_meta-130	212	0	10756	3	22	0	0	0	1	0	8	0	56	59	923	0	0	0	0	155	37	887	4	164	2592	2169	0	30	76	0	30	0	0	39	21	7	4	0	115	78	7	0	1408	0	0	477	2874	309	560	1759	14	19	205	0	590	410	421	6	0	1	6	0	0	1	0	1441	8	0	1	60	7	0	0	0	0	0	0	0	5	3	0	8	0	5	0	0	0	127
sim_meta-131	579	2	15497	34	56	0	0	0	0	0	0	0	32	60	3469	0	0	0	0	230	41	791	5	208	2583	2319	0	5	8	0	111	0	1	179	80	12	16	0	58	114	10	0	1629	0	0	845	3808	262	317	2112	191	36	255	6	1055	1307	1017	0	0	0	1	0	0	0	0	1225	2	0	0	28	36	0	0	0	8	0	2	0	10	1	0	28	0	58	0	1	0	170
sim_meta-132	343	3	11694	35	27	0	0	0	0	0	2	0	25	30	1165	3	0	0	0	248	18	812	0	188	2547	2557	0	58	85	0	69	0	1	37	23	8	11	0	87	86	23	0	1443	0	0	623	3170	336	927	2067	57	15	172	0	860	591	584	0	0	1	2	0	0	2	0	1426	2	14	2	69	13	1	0	0	6	0	2	1	13	3	0	46	12	39	0	3	0	184
sim_meta-133	249	1	13058	157	26	18	2	16	0	11	8	5	33	44	2934	0	0	0	0	170	28	806	0	171	2077	2213	1	39	78	20	68	0	2	71	63	13	22	1	71	191	16	0	1331	1	0	894	3489	299	1168	1832	1	0	155	1	992	1410	910	5	0	1	4	0	0	14	32	1458	39	29	2	41	34	0	1	22	0	0	0	0	0	1	5	1	1	7	0	0	1	147
sim_meta-134	313	5	14562	48	14	0	0	0	0	0	4	0	23	32	2341	1	0	0	0	192	12	759	0	199	2465	2454	0	2	21	24	58	0	0	26	13	7	19	0	129	131	19	0	1509	0	0	853	3145	312	452	2015	31	10	207	0	777	904	674	0	0	2	3	0	0	7	0	1081	4	0	1	21	18	4	0	0	4	0	0	0	14	0	0	35	0	14	0	1	1	86
sim_meta-135	321	0	12454	0	57	0	2	18	0	0	6	0	23	29	1644	0	0	0	0	178	22	946	0	211	2408	2390	0	44	84	0	132	5	3	23	7	3	0	0	140	64	13	0	1451	0	0	527	3211	259	499	1982	20	20	199	0	761	427	661	0	0	1	0	0	0	2	0	1492	5	0	1	32	0	0	0	30	3	0	5	0	4	2	0	23	0	0	0	0	0	198
sim_meta-136	180	0	10715	2	13	0	0	0	0	0	4	0	23	35	724	0	0	0	0	140	30	890	6	256	2330	2519	1	34	37	0	74	0	0	8	14	2	17	0	72	59	29	0	1499	3	0	599	3023	348	711	1770	9	0	188	0	1003	730	569	0	0	4	2	0	0	0	26	1502	44	0	0	31	18	0	0	0	0	0	0	0	0	0	0	13	0	0	0	2	2	290
sim_meta-137	252	0	11551	0	41	0	0	0	0	10	0	16	33	47	789	0	0	0	0	131	56	789	3	175	2317	2455	0	28	45	0	76	0	1	15	3	1	13	2	89	93	10	0	1356	3	0	485	3161	302	532	1814	20	14	191	0	602	291	420	0	0	1	4	0	0	0	24	1468	21	0	0	53	3	0	0	0	4	0	0	0	12	0	0	12	0	0	0	1	0	104
sim_meta-138	308	0	12170	231	42	17	0	3	0	0	7	0	19	48	3142	0	6	0	0	181	30	873	0	220	2379	2543	0	40	41	0	142	3	0	112	91	17	0	0	86	152	39	0	1234	0	0	553	3607	336	1001	2128	21	9	154	20	787	939	868	0	0	0	0	0	0	13	0	1533	3	50	3	14	0	0	2	10	0	0	4	0	0	7	4	14	0	0	0	3	0	155
sim_meta-139	384	0	14904	117	31	0	0	3	0	0	3	0	31	34	3252	0	0	0	0	199	27	830	0	188	2479	2276	1	37	45	58	55	1	0	13	68	7	38	0	100	120	42	0	1320	3	0	693	3266	292	788	1763	12	36	150	0	1191	1892	1026	0	1	0	1	0	0	0	0	1462	0	0	8	48	46	0	1	6	0	0	6	0	0	0	3	19	1	21	0	0	0	123
sim_meta-14	438	1	13432	34	22	0	0	0	3	0	24	0	47	72	2039	0	0	0	0	214	11	892	0	191	2958	2923	2	66	92	0	99	0	0	171	128	29	32	0	172	219	13	0	1463	4	0	688	3011	289	350	1646	151	0	218	7	1396	1585	912	16	0	10	4	0	0	0	30	1380	36	0	2	43	47	0	0	0	0	0	0	0	0	6	0	8	1	53	0	1	1	97
sim_meta-140	204	8	12313	77	22	0	0	3	0	4	9	8	25	42	2027	1	0	0	0	154	32	878	0	210	2430	2550	0	6	20	10	121	0	0	53	123	33	23	1	137	164	36	0	1331	1	0	874	3193	319	437	1733	0	9	206	3	1051	893	696	10	0	2	1	0	0	0	46	1436	37	12	1	34	14	0	0	7	2	0	0	0	6	2	0	9	0	22	0	1	1	109
sim_meta-141	277	0	12742	46	61	12	0	0	0	0	2	0	32	52	1754	0	2	0	0	155	33	829	1	202	2327	2434	0	19	25	0	35	0	0	46	7	2	0	0	103	60	23	0	1392	0	0	884	3401	310	500	2359	0	22	240	23	603	427	572	0	0	1	2	0	0	10	6	1413	3	12	4	29	1	0	0	0	0	0	0	0	0	0	0	14	5	24	0	0	0	135
sim_meta-142	289	15	14114	28	7	0	1	0	1	0	4	0	29	51	2449	13	0	0	1	150	19	745	0	204	2302	2339	2	20	40	54	54	0	1	56	228	39	18	0	86	235	24	1	1498	5	0	902	3270	301	406	1738	23	14	212	0	1294	1473	896	37	0	1	1	0	0	1	38	1225	37	0	3	36	36	0	0	0	0	0	0	4	1	1	16	25	7	29	2	0	1	251
sim_meta-143	198	4	14702	101	10	26	0	0	1	0	9	0	29	37	2443	5	0	0	0	171	36	815	0	193	2697	2564	1	24	62	31	37	2	0	38	87	16	39	0	131	263	23	0	1485	0	0	1045	3570	311	533	2010	30	4	229	1	1071	1239	766	12	0	2	2	0	0	26	12	1121	26	32	1	9	20	1	0	13	14	3	0	1	9	1	2	16	0	8	1	0	0	199
sim_meta-144	488	13	13243	37	10	0	1	0	0	0	20	0	63	85	2759	0	0	0	0	147	30	949	0	217	2863	2374	0	0	27	0	85	0	0	98	181	33	65	0	123	252	12	0	1475	3	0	749	3120	293	315	1741	113	29	252	4	1251	1830	967	46	0	1	0	0	0	11	42	1258	57	0	0	36	38	0	0	0	0	0	0	0	0	0	0	41	0	68	0	0	0	145
sim_meta-145	289	0	13056	78	29	0	0	0	0	0	1	0	27	39	1583	0	0	0	0	103	34	830	0	192	2767	2422	0	9	29	14	25	0	0	67	59	10	16	0	81	86	42	0	1422	0	0	853	3449	295	654	2320	0	16	215	0	640	421	550	2	0	1	0	0	0	0	0	1312	5	19	5	37	9	0	0	0	0	0	1	0	0	4	3	30	7	16	0	1	2	62
sim_meta-146	375	4	12969	56	14	0	0	0	0	0	38	0	30	32	2034	4	0	0	0	157	28	997	0	180	2095	2358	0	95	116	0	99	0	0	51	54	15	16	0	122	220	25	0	1597	5	0	752	3531	274	605	2279	43	46	210	0	1127	1095	830	31	5	2	5	0	0	0	0	1516	3	9	6	17	21	0	0	0	0	0	18	0	0	0	0	8	7	27	0	2	0	210
sim_meta-147	310	0	14013	233	43	12	0	0	1	0	11	0	47	54	3975	6	0	0	1	155	15	884	0	198	2670	3058	1	46	66	14	48	0	0	148	93	16	7	0	114	155	30	2	1366	1	1	863	3416	296	475	2011	13	20	202	0	690	1126	1043	9	0	2	2	0	0	10	5	1480	13	42	6	28	10	0	0	0	8	0	0	3	5	6	4	10	1	10	0	0	0	135
sim_meta-148	139	0	8325	0	26	0	0	0	0	0	0	0	40	52	163	0	0	0	0	98	36	937	15	193	2655	2728	0	53	127	0	105	0	0	0	10	1	10	0	46	177	11	0	1727	2	0	407	2268	357	443	1530	0	0	57	0	684	264	312	0	0	1	4	0	0	0	0	1198	2	0	2	0	2	0	0	0	0	0	0	0	0	0	0	12	0	0	0	0	3	70
sim_meta-149	308	1	12762	13	22	0	0	1	0	0	0	0	31	34	1588	2	0	0	0	194	26	867	0	198	2659	2229	0	36	85	0	50	0	0	44	36	7	9	0	114	102	19	0	1402	0	0	742	3698	334	758	2076	35	22	197	3	807	562	579	0	1	1	0	0	0	0	0	1517	6	0	2	22	34	0	0	0	0	0	3	0	0	0	0	20	0	11	0	1	2	102
sim_meta-15	107	0	9133	2	23	0	0	0	0	0	0	0	22	27	749	8	0	0	0	166	11	913	0	214	2747	2823	0	31	46	12	76	0	0	16	6	4	17	0	77	37	9	2	1503	0	0	719	2765	313	719	1693	8	10	163	0	623	214	442	0	0	2	0	0	0	0	0	1581	2	0	0	24	0	0	0	0	0	0	1	1	0	0	0	8	3	0	0	0	0	96
sim_meta-150	126	0	9990	0	52	0	0	0	0	0	0	0	23	44	1515	0	0	0	0	106	4	720	11	195	2820	2526	0	36	52	0	39	0	0	42	0	0	0	0	61	10	7	0	1544	0	0	648	2231	320	458	1477	9	19	256	0	602	179	550	0	0	2	1	0	0	0	0	1341	4	0	2	76	0	0	0	0	0	0	0	0	0	0	0	8	0	7	0	0	2	156
sim_meta-16	273	1	12113	0	21	0	0	1	0	7	3	3	36	53	1668	1	0	0	0	105	48	808	0	199	2212	2423	0	0	29	0	55	0	0	32	22	0	19	0	39	143	17	0	1418	3	0	755	3300	291	293	1983	14	5	242	16	978	662	631	0	0	1	3	0	0	0	7	1384	20	0	8	47	16	0	0	9	0	0	1	0	0	1	0	8	0	10	0	0	0	106
sim_meta-17	218	5	11698	23	14	0	3	0	0	0	8	0	26	37	1526	85	0	0	3	219	73	613	0	166	2815	2433	0	2	15	13	52	1	0	35	31	5	21	0	44	141	13	0	1386	1	0	978	3240	255	1121	1850	19	12	269	0	646	913	597	0	0	0	0	0	0	1	0	1248	5	0	0	72	0	1	0	0	3	0	0	1	2	0	0	8	17	0	0	0	2	189
sim_meta-18	204	4	10617	8	34	0	0	0	0	0	1	0	26	51	1258	33	1	0	0	146	32	948	0	198	2660	2632	0	52	87	12	91	0	0	29	15	2	22	0	79	115	13	0	1678	0	0	630	2764	279	706	1656	47	23	242	10	816	561	598	0	0	0	0	0	0	0	0	1448	3	1	5	47	3	0	0	0	0	0	0	1	0	0	0	23	11	12	0	2	0	169
sim_meta-19	496	0	17957	185	32	0	0	0	0	0	10	0	23	30	4927	0	0	0	0	214	52	824	0	160	2053	1820	0	23	34	96	108	0	0	4	66	16	27	0	42	185	17	0	1378	0	0	926	4224	236	805	2048	0	0	133	0	1525	2979	1465	4	0	0	2	0	0	0	0	1461	2	0	0	0	78	0	0	0	0	0	1	0	0	0	0	6	0	77	0	0	0	76
sim_meta-2	233	8	12079	263	5	0	0	0	0	0	0	0	53	80	3632	0	0	0	0	146	16	918	0	239	2565	3092	0	22	25	0	83	0	0	165	437	88	7	0	163	239	14	0	1352	5	0	770	3307	369	450	1731	0	0	144	0	1221	2038	1135	37	0	2	3	0	0	0	86	1530	111	49	5	6	0	0	0	0	0	0	0	0	0	8	16	2	0	91	0	0	0	168
sim_meta-20	307	6	14636	16	41	0	0	0	0	0	1	0	32	58	2884	4	0	0	0	179	35	880	0	200	2449	2067	0	39	41	59	91	0	5	55	194	37	33	0	88	281	17	1	1435	7	1	1035	3482	263	588	1862	40	16	203	0	1222	1488	923	21	0	4	1	0	0	0	24	1412	24	8	0	17	44	0	0	0	0	0	1	0	0	0	0	20	2	18	1	1	1	197
sim_meta-21	419	3	13662	14	32	0	0	0	0	0	7	0	23	31	1865	10	0	0	0	238	22	790	0	195	2363	2336	0	12	32	5	108	0	0	71	24	6	54	0	113	136	28	0	1271	2	0	868	3926	280	695	2581	82	2	216	2	796	562	664	15	0	1	0	0	0	1	0	1420	2	0	0	34	18	1	0	0	0	0	0	2	0	0	0	27	6	38	0	1	0	106
sim_meta-22	188	1	9038	0	4	0	1	10	0	0	6	0	38	61	870	2	0	0	0	127	18	889	3	183	2574	2750	1	53	40	0	59	0	2	9	2	0	5	0	130	72	16	0	1534	0	0	454	2400	295	503	1631	3	4	170	0	665	376	510	5	0	5	5	0	0	3	10	1280	18	0	5	37	2	0	0	10	1	0	0	0	3	0	0	23	0	0	0	0	2	99
sim_meta-23	314	0	14962	1	36	0	0	0	0	0	21	0	34	42	1481	1	0	0	0	229	27	751	0	186	2481	2343	0	30	71	21	104	0	0	18	17	3	19	0	85	111	5	0	1284	9	0	697	3526	283	798	1930	12	4	182	0	889	643	596	11	0	4	2	0	0	6	17	1427	29	0	3	50	52	0	0	0	2	0	0	0	6	0	0	1	2	23	0	0	1	222
sim_meta-24	668	0	16514	110	28	0	0	0	0	0	0	0	35	56	4100	0	0	0	1	204	11	807	2	166	2405	2253	1	20	32	0	82	0	0	44	123	31	50	0	75	192	14	0	1473	2	0	727	3411	243	956	1669	80	0	201	0	1544	2188	1302	0	0	0	1	0	0	0	0	1311	3	34	5	11	102	0	0	15	0	1	0	0	0	0	17	29	6	47	0	0	0	213
sim_meta-25	360	4	13214	29	8	0	0	0	0	0	0	0	27	48	1723	33	0	0	1	219	12	969	0	191	3282	2903	0	52	107	9	142	0	0	90	176	39	21	0	215	211	16	0	1603	1	0	767	3175	345	749	1576	126	13	215	6	1329	1358	810	24	0	0	1	0	0	0	41	1715	50	0	0	6	47	0	0	0	0	0	0	0	0	0	0	16	8	62	0	0	1	217
sim_meta-26	178	0	10088	0	5	0	2	12	0	0	0	0	23	19	581	8	0	0	0	209	27	852	3	271	1949	2525	0	0	0	0	8	6	0	36	4	0	10	0	60	88	9	0	1398	1	0	635	3830	265	309	2141	74	0	180	0	554	36	319	0	0	1	1	0	0	0	0	1489	0	4	0	6	0	0	1	49	0	0	0	5	0	3	0	12	2	0	0	0	2	195
sim_meta-27	434	4	15507	100	46	0	2	12	0	0	2	0	24	46	3873	10	0	0	0	258	40	815	0	183	2188	2078	0	57	104	41	112	0	3	72	94	19	32	0	21	174	21	0	1407	4	0	770	3413	298	844	1693	75	32	207	2	1255	2024	1208	10	0	1	0	0	0	0	14	1515	26	0	2	51	56	0	0	16	1	0	4	0	2	0	0	2	2	56	0	0	0	161
sim_meta-28	203	4	10238	0	43	0	0	0	0	0	23	0	15	30	1153	0	0	0	0	195	10	793	0	201	2446	2285	0	16	21	0	227	0	8	17	30	5	0	0	77	137	11	0	1222	2	0	464	2648	338	1312	1539	0	20	134	0	578	128	424	17	0	0	0	0	0	0	0	1414	0	0	1	72	1	0	0	61	0	9	0	0	0	0	0	24	0	0	0	0	1	178
sim_meta-29	185	12	13208	0	17	0	0	0	0	0	0	0	38	57	1719	0	0	0	0	244	12	972	0	251	2539	2374	0	58	74	66	48	2	0	74	297	52	0	0	250	282	15	0	1639	7	0	990	3192	311	1125	1599	43	0	212	20	1264	1188	757	31	0	0	4	0	0	6	28	1432	28	0	5	1	6	0	0	0	7	0	0	0	9	0	0	16	0	0	4	2	1	236
sim_meta-3	252	0	12266	0	5	0	0	0	0	0	0	0	22	17	891	0	0	0	0	145	30	1019	0	170	2634	2936	0	22	48	0	57	0	0	34	45	8	32	0	115	99	4	0	1512	7	0	913	3296	280	542	1762	0	11	234	6	997	863	524	0	0	2	0	0	0	0	0	1386	19	0	1	52	28	0	0	0	0	0	0	0	0	0	0	16	0	18	0	0	1	94
sim_meta-30	99	0	8135	0	21	0	0	0	0	0	0	0	29	38	536	0	5	0	0	130	5	944	0	169	2890	3114	0	53	125	0	100	0	1	19	4	0	0	0	132	121	10	0	1413	2	0	488	2616	263	847	1760	5	29	129	0	648	230	445	0	0	0	0	0	0	0	0	1506	7	0	3	12	14	0	0	0	0	0	0	0	0	0	0	5	0	0	0	0	0	51
sim_meta-31	189	4	11425	12	19	0	1	0	0	0	10	0	21	29	958	6	0	0	0	203	36	893	1	200	2443	2677	0	47	41	54	92	0	0	62	176	41	12	0	115	251	19	0	1483	7	0	925	3049	307	620	1932	45	13	255	0	948	993	545	27	0	1	5	0	0	0	21	1439	21	2	4	39	22	0	0	0	0	0	0	1	0	0	2	7	0	0	3	3	0	171
sim_meta-32	171	0	11116	111	18	16	0	1	0	0	12	0	41	74	1341	0	0	0	0	119	31	850	0	186	2244	2514	0	32	44	26	71	1	0	8	5	0	22	0	92	171	15	0	1441	0	0	715	2853	289	556	1891	3	14	213	0	611	608	532	16	0	2	0	0	0	23	0	1468	4	29	0	36	0	0	0	11	4	1	0	0	10	0	0	15	0	0	0	0	0	114
sim_meta-33	399	0	13414	166	58	12	0	0	0	0	0	0	44	75	2875	0	0	0	0	152	19	944	0	185	2463	2642	0	76	75	0	75	1	0	93	69	11	16	0	79	158	15	0	1516	3	0	895	3449	294	624	2252	32	19	201	0	900	1271	981	0	0	0	1	0	0	13	0	1444	4	32	1	49	21	0	0	0	0	0	1	0	0	2	0	7	8	25	0	0	0	123
sim_meta-34	267	3	12410	9	30	0	1	5	0	0	8	0	32	47	468	8	0	0	0	219	34	785	0	204	2149	2299	0	37	45	0	69	0	0	13	0	0	17	0	141	88	20	0	1338	5	0	747	3453	323	828	1978	10	17	242	0	589	308	355	6	0	2	4	0	0	0	0	1447	7	3	0	37	0	0	0	11	0	0	0	1	0	0	0	24	0	0	0	0	0	139
sim_meta-35	213	2	11298	3	47	0	0	0	1	0	0	0	44	41	1188	1	0	0	0	183	29	814	0	219	2560	2393	0	39	83	8	38	0	0	19	8	2	26	0	70	83	39	0	1360	5	0	628	3252	318	583	1875	4	17	208	0	598	433	454	0	0	4	0	0	0	2	0	1306	10	0	1	49	0	0	0	0	1	0	0	0	2	0	1	14	1	1	0	0	0	110
sim_meta-36	190	0	11105	32	26	11	0	0	0	0	0	0	16	27	1443	0	0	0	0	132	27	799	0	204	2917	2480	0	13	46	0	49	0	0	2	3	0	9	0	83	129	32	0	1462	0	0	562	2660	325	545	1567	2	29	165	25	702	473	582	0	0	2	1	0	0	4	0	1398	7	14	7	33	11	0	0	0	0	0	0	0	0	0	1	17	5	10	0	0	1	91
sim_meta-37	212	8	10232	48	39	15	0	0	0	0	10	0	39	53	943	0	0	0	0	142	25	954	0	193	2748	2658	0	22	60	0	65	0	0	16	5	0	12	0	133	174	18	0	1531	1	0	401	3162	280	608	2012	2	6	270	0	654	511	487	5	0	4	1	0	0	8	0	1270	2	12	0	9	9	0	0	0	0	0	0	0	1	0	0	10	0	0	0	0	0	56
sim_meta-38	182	1	11434	0	18	0	0	0	0	0	0	0	27	39	436	0	0	0	0	149	86	928	4	173	2986	2553	0	30	81	0	43	0	0	7	6	3	23	0	161	36	27	0	1392	0	0	583	3192	315	731	2024	0	6	243	2	689	283	344	0	0	0	0	0	0	0	0	1430	6	0	3	46	6	0	0	0	0	0	0	0	0	0	1	10	0	11	0	1	0	117
sim_meta-39	178	0	10906	118	14	0	1	5	0	0	13	0	28	59	2667	0	0	0	0	40	23	696	0	202	3329	3289	0	0	51	0	55	0	2	75	68	6	6	0	105	125	22	0	1512	4	0	607	3134	264	648	1606	6	0	119	0	769	756	718	6	0	3	2	0	0	2	0	1538	4	11	11	5	33	1	1	14	4	0	1	0	8	3	1	10	0	0	0	0	1	73
sim_meta-4	343	5	13177	13	23	0	0	1	0	0	13	0	34	61	2566	0	0	0	0	183	16	828	0	180	2348	2419	1	22	46	18	95	0	2	98	56	14	30	0	103	113	27	0	1452	0	0	634	3272	275	716	1784	113	15	172	5	939	941	770	9	1	0	0	0	0	0	0	1394	11	0	7	19	31	0	0	0	0	0	8	0	0	0	10	37	5	28	0	0	0	145
sim_meta-40	325	0	11568	72	27	0	0	0	0	16	2	19	31	43	2331	8	0	0	0	229	31	1010	0	181	2236	2003	0	110	108	31	158	0	0	24	21	6	15	3	76	132	13	0	1385	6	0	589	2649	262	680	1466	16	19	159	0	1032	1255	837	0	0	0	0	0	0	5	30	1502	26	2	2	56	25	0	0	0	0	0	2	3	0	0	0	10	0	33	0	0	2	151
sim_meta-41	222	17	12964	13	17	0	0	0	0	0	0	0	21	17	916	45	0	0	0	215	15	786	0	223	2387	2479	0	22	48	0	90	0	0	3	215	35	12	0	65	168	3	0	1383	1	0	1126	3255	377	1038	1578	3	8	165	0	1105	925	601	32	0	1	1	0	0	5	85	1463	80	0	1	44	0	0	0	0	3	0	0	0	4	0	0	0	15	58	0	0	1	195
sim_meta-42	318	4	10902	0	32	0	1	0	0	0	10	0	35	47	1069	0	0	0	0	176	41	821	0	217	2662	2490	0	37	45	0	61	0	3	11	2	0	48	0	139	28	14	0	1371	1	0	537	3365	267	640	2110	10	0	147	3	676	212	530	0	0	2	0	0	0	0	0	1494	6	0	1	3	8	0	0	0	0	0	5	0	0	0	0	11	0	0	0	2	1	114
sim_meta-43	203	1	9353	7	17	0	0	0	0	0	15	0	26	34	1218	11	0	0	0	120	25	915	0	221	2844	2965	0	65	111	12	100	0	5	16	0	0	6	0	187	109	11	3	1314	6	0	615	2745	252	894	1827	4	14	183	0	664	372	517	0	0	1	1	0	0	0	0	1437	6	0	0	28	7	0	0	24	0	3	0	2	0	0	0	13	0	0	0	0	1	108
sim_meta-44	255	5	12003	6	27	0	0	0	0	11	9	9	41	45	1620	0	0	0	0	166	40	912	2	177	2469	2386	0	76	71	0	73	0	0	30	48	7	12	0	129	126	7	0	1457	2	0	712	3032	296	889	1741	24	0	198	1	753	490	577	3	0	4	0	0	0	1	18	1611	43	0	1	54	15	0	0	0	0	0	0	0	0	0	0	16	2	18	0	0	1	165
sim_meta-45	237	4	13315	3	30	0	0	0	0	0	8	0	14	21	2151	1	0	0	0	162	20	853	4	230	2426	2734	0	40	57	0	99	0	0	30	3	1	15	0	107	84	24	0	1286	1	0	685	3147	314	889	2007	10	37	248	0	650	232	654	2	1	1	2	0	0	0	0	1532	9	1	0	81	0	0	0	0	0	0	2	0	0	0	0	18	0	4	0	0	1	109
sim_meta-46	161	0	10900	122	18	0	0	0	0	0	0	0	26	32	2048	2	2	0	0	207	24	930	0	226	2240	2404	0	44	60	0	60	0	0	61	65	12	2	0	188	76	26	0	1242	0	0	583	3375	371	1294	1642	0	0	148	0	669	553	621	0	0	0	0	0	0	0	0	1306	0	17	2	2	0	0	0	0	0	0	0	0	0	5	5	7	0	0	0	2	0	98
sim_meta-47	241	1	11294	4	43	0	0	0	0	0	1	0	30	56	1089	0	0	0	0	167	23	816	0	176	2237	2331	0	55	80	0	69	0	2	21	20	1	22	0	143	51	32	0	1402	0	0	526	2991	326	618	1879	6	18	187	11	628	222	519	0	3	0	1	0	0	0	0	1514	1	0	3	36	1	0	0	0	3	0	3	0	10	1	0	6	0	0	0	1	1	151
sim_meta-48	216	2	14011	66	25	14	0	0	0	5	3	3	28	47	1601	0	0	0	0	190	43	879	5	183	2358	2287	0	42	52	0	50	0	0	35	55	13	18	2	112	134	15	0	1440	2	0	978	3413	254	574	2008	29	0	211	5	1197	1281	697	0	0	4	0	0	0	9	10	1352	10	18	0	13	43	0	0	9	0	0	0	0	0	0	0	6	0	11	0	0	1	150
sim_meta-49	315	8	16223	18	27	0	0	1	0	0	23	0	50	68	2172	0	0	0	0	260	25	948	0	195	2501	2013	0	28	55	0	73	0	1	79	187	53	24	0	205	211	3	0	1360	5	0	1072	4003	348	1156	2088	66	12	189	19	1323	1473	918	35	0	0	1	0	0	0	59	1287	66	0	2	3	25	0	0	0	0	0	0	0	0	0	0	10	0	75	0	0	0	178
sim_meta-5	470	0	19090	60	44	0	0	0	1	0	0	0	36	51	3051	0	0	0	0	247	36	758	0	167	2020	1939	0	56	111	29	65	0	0	50	62	17	30	0	70	90	10	0	1268	3	0	1173	4326	226	693	2291	32	13	188	6	1579	2109	1101	0	1	1	1	0	0	0	0	1392	2	0	2	42	59	0	0	0	0	0	3	0	0	0	6	8	4	41	0	0	0	192
sim_meta-50	395	1	12986	131	20	0	0	0	0	0	1	0	32	50	2533	4	0	0	0	139	31	908	1	219	2675	2817	0	43	51	0	54	0	1	85	92	20	31	0	123	120	10	0	1418	0	0	574	2974	283	486	1635	56	25	235	1	1137	1508	873	0	0	0	2	0	0	0	0	1391	18	31	2	65	39	0	0	0	0	0	0	0	0	4	1	18	0	1	0	0	0	106
sim_meta-51	308	4	12703	36	33	0	0	0	0	1	2	1	26	36	1796	0	0	0	0	173	13	887	0	164	2369	2137	0	62	58	30	122	0	0	22	99	15	24	1	81	169	23	0	1457	3	0	578	3246	287	954	1878	13	0	177	7	1017	1040	721	4	0	1	1	0	0	1	9	1477	21	0	1	28	23	0	0	0	0	0	0	0	0	0	0	22	0	12	0	0	1	128
sim_meta-52	321	0	13495	83	28	0	0	0	0	0	0	0	28	12	2978	0	0	0	0	183	20	723	0	209	2624	2098	0	11	20	102	39	0	0	46	40	9	35	0	35	87	17	0	1463	0	0	474	2694	342	649	1780	46	32	69	21	1010	1911	1023	0	0	1	0	0	0	6	0	1491	2	0	3	50	32	0	0	0	0	0	0	0	0	1	1	2	1	20	0	0	3	108
sim_meta-53	344	1	11139	38	24	0	0	0	0	0	5	0	22	43	2049	10	1	0	0	167	34	837	0	186	2627	2656	0	41	74	0	51	0	0	39	35	6	50	0	76	93	0	0	1526	0	0	524	2698	293	595	1595	39	18	192	0	884	837	772	5	0	1	0	0	0	0	0	1650	4	11	0	48	15	0	0	15	0	2	0	1	0	0	0	6	3	2	0	0	0	158
sim_meta-54	312	1	13369	37	38	0	0	2	1	0	7	0	35	54	1909	3	4	0	0	215	27	709	0	162	2612	2277	0	31	69	0	27	0	0	28	36	15	32	0	148	90	8	0	1373	2	0	774	3573	239	419	2001	32	24	197	0	801	728	719	6	0	1	3	0	0	2	0	1390	6	13	1	47	25	1	0	6	2	0	0	0	3	3	7	34	5	9	0	1	0	141
sim_meta-55	226	0	10869	231	16	49	1	7	0	0	0	0	46	66	1359	32	0	0	2	146	19	891	0	212	2589	3101	0	8	27	0	62	1	0	6	1	0	2	0	129	179	27	0	1350	4	0	927	3275	331	573	2329	7	9	258	0	703	1201	568	0	0	0	1	0	0	48	0	1284	3	41	0	55	0	0	1	21	0	0	0	0	0	0	0	21	11	33	0	1	0	95
sim_meta-56	228	4	11366	0	47	0	0	18	0	0	2	0	18	22	1098	4	0	0	0	174	56	782	1	227	2093	1942	0	38	48	0	45	5	2	17	3	0	19	0	111	33	15	0	1423	0	0	750	2994	326	648	1945	27	4	157	0	596	155	477	0	0	1	1	0	0	0	0	1378	5	0	5	26	0	0	2	42	0	0	1	0	0	1	0	12	1	9	0	3	0	196
sim_meta-57	355	2	15868	2	19	0	0	0	0	9	0	12	24	32	3224	5	0	0	0	203	35	695	0	199	2701	2266	0	64	88	0	87	0	0	39	80	20	42	2	66	235	21	1	1308	1	0	587	3112	254	559	1672	17	30	181	0	1083	1123	1076	0	0	0	0	0	0	0	8	1263	15	2	0	30	110	0	0	0	0	0	2	0	0	0	0	23	2	47	0	0	0	292
sim_meta-58	161	1	10004	0	38	0	0	0	0	5	2	5	21	32	1119	16	0	0	0	112	68	822	0	205	3277	2732	0	32	68	0	81	0	0	27	0	0	19	1	82	106	16	0	1366	1	0	530	2602	320	288	1547	25	25	187	0	613	228	452	0	0	0	1	0	0	0	6	1356	16	6	9	35	17	0	0	0	0	0	0	1	0	0	0	22	5	0	0	1	1	83
sim_meta-59	308	1	11228	0	30	0	0	0	0	0	12	0	0	0	825	0	0	0	0	83	27	803	0	204	2394	2146	0	7	14	0	62	0	0	7	0	0	44	0	94	90	4	0	1129	3	0	649	3230	294	346	2271	0	0	131	0	622	91	400	1	0	3	0	0	0	0	0	1243	0	0	0	12	0	0	0	0	0	0	1	0	0	0	0	14	14	38	0	0	0	181
sim_meta-6	278	0	11941	4	44	0	0	0	0	8	17	12	61	78	1396	5	0	0	0	181	44	950	0	205	2401	2513	0	37	93	0	66	1	0	18	56	5	2	0	107	170	15	0	1434	8	0	828	3137	273	498	1919	9	6	255	0	722	490	524	18	0	2	2	0	0	3	54	1358	38	0	0	32	4	0	0	0	1	0	0	0	1	0	0	8	2	22	0	0	1	112
sim_meta-60	411	0	14303	113	8	0	0	0	0	0	2	0	51	71	4193	17	1	0	0	192	22	887	4	186	2767	2555	0	42	74	76	57	0	1	69	80	21	39	0	138	202	14	3	1654	0	0	714	2915	294	428	1583	91	12	187	1	1525	2630	1314	0	0	0	0	0	0	0	0	1540	5	7	5	27	74	0	0	0	0	0	0	3	0	0	1	44	2	48	0	0	0	163
sim_meta-61	328	0	12156	35	46	0	0	0	0	0	0	0	27	52	1832	0	0	0	0	236	51	792	0	209	2243	2113	0	84	107	0	107	0	0	17	25	7	11	0	90	73	24	0	1442	0	0	708	3101	300	621	1788	30	0	173	0	787	618	726	0	0	1	2	0	0	1	0	1463	7	2	2	16	11	1	0	0	1	0	0	0	6	0	0	9	0	2	0	0	0	130
sim_meta-62	304	0	13793	62	39	0	0	3	2	0	14	0	26	20	2412	4	1	0	0	157	53	786	2	199	2283	2318	0	42	61	17	88	5	0	54	24	11	25	0	88	115	15	0	1370	3	0	818	3583	299	582	2006	35	15	175	0	894	1225	821	3	0	0	0	0	0	2	0	1430	3	6	4	56	20	0	1	18	4	0	0	2	8	3	0	24	6	31	0	1	0	190
sim_meta-63	380	3	12493	161	53	11	0	0	0	0	2	0	38	57	2659	8	1	0	0	108	23	992	2	177	2600	2777	0	37	57	51	92	1	0	70	63	10	25	0	100	137	24	1	1562	0	0	877	3205	283	671	2161	26	5	209	0	1010	1386	911	0	0	3	0	0	0	4	0	1475	5	23	0	28	29	0	0	0	0	0	3	2	0	2	2	12	6	30	0	1	2	124
sim_meta-64	253	0	12476	0	73	0	0	0	0	0	11	0	23	34	976	0	0	0	0	267	85	780	0	220	1931	1784	0	55	74	0	206	0	0	7	0	0	0	0	47	35	4	0	1272	0	0	674	3627	337	603	1945	0	13	196	0	705	392	456	0	0	1	2	0	0	0	0	1402	2	0	0	37	0	0	0	0	0	0	4	0	0	0	0	19	0	0	0	2	2	228
sim_meta-65	533	12	17248	14	55	0	0	0	0	0	31	0	48	56	2793	0	0	0	0	147	44	876	0	211	2548	2366	0	9	28	79	85	0	0	142	291	54	36	0	86	502	25	0	1358	11	0	1109	3825	257	544	1873	140	41	290	0	1535	1722	933	44	0	4	1	0	0	14	38	1083	32	0	0	31	35	1	0	0	4	0	0	0	12	0	1	3	0	37	6	5	0	118
sim_meta-66	248	0	11566	3	35	0	3	11	0	0	0	0	33	35	1346	4	0	0	0	174	18	829	0	219	2639	2811	0	35	57	0	52	0	3	26	16	3	11	0	144	69	24	0	1539	0	0	594	2927	338	421	1629	28	5	171	14	766	426	541	0	1	1	3	0	0	6	0	1581	3	0	9	16	30	0	0	7	7	0	3	0	8	1	1	23	0	14	0	3	0	174
sim_meta-67	449	3	13196	94	7	0	0	0	0	0	0	0	35	50	2976	7	0	0	0	221	20	1001	0	216	2492	2223	0	108	122	3	87	0	0	141	152	32	19	0	141	196	22	0	1495	1	0	712	3128	265	569	1736	121	19	168	2	1249	1611	970	4	1	3	1	0	0	5	7	1498	20	19	5	11	44	1	0	0	6	0	4	0	4	1	3	21	0	29	0	0	1	172
sim_meta-68	227	0	13098	0	53	0	0	0	0	0	0	0	30	35	1684	0	0	0	0	180	23	775	0	177	2728	2415	0	23	80	0	84	0	0	32	17	4	30	0	98	77	5	0	1367	0	1	845	3506	281	885	1992	0	18	212	2	880	675	654	1	0	0	0	0	0	0	0	1414	9	0	0	54	29	0	0	0	0	0	2	0	0	0	0	2	0	9	0	1	0	81
sim_meta-69	168	1	9509	3	33	0	0	0	0	0	0	0	39	46	880	38	0	0	1	253	15	956	0	182	2711	2945	0	76	98	38	103	0	0	30	74	10	11	0	101	151	9	1	1262	1	0	975	2824	304	1066	1617	17	1	164	0	840	588	536	11	0	1	0	0	0	0	7	1631	15	0	0	41	16	0	0	3	0	1	0	1	0	0	0	14	7	0	2	0	1	122
sim_meta-7	395	2	15391	73	59	0	0	0	1	0	12	0	52	61	3178	1	0	0	0	212	28	782	0	217	2453	2614	0	15	36	62	44	0	0	46	88	20	13	0	99	182	17	0	1376	0	0	1008	3900	282	845	2219	11	10	209	7	1034	1529	988	19	0	2	3	0	0	0	12	1496	11	0	1	23	37	0	0	0	6	0	1	0	7	1	1	4	0	32	1	0	1	128
sim_meta-70	143	5	10734	0	41	0	0	0	0	0	0	0	60	76	926	0	0	0	0	167	11	1141	0	210	2425	2847	0	71	86	26	104	0	0	27	112	19	0	0	144	240	8	0	1597	2	0	875	3009	274	1237	1731	36	15	242	0	789	583	598	10	0	2	1	0	0	0	13	1467	20	0	6	32	8	0	0	0	0	0	0	0	0	0	2	8	0	0	2	2	0	87
sim_meta-71	184	3	11764	0	24	0	2	15	0	0	0	0	21	48	1093	0	0	0	0	73	16	829	0	195	2404	2749	0	28	42	0	55	0	4	0	1	0	7	0	125	34	10	0	1505	6	0	486	2888	314	362	1801	1	18	240	0	654	286	444	3	0	0	2	0	0	0	0	1568	8	0	1	56	0	0	0	21	0	0	0	0	0	0	0	24	0	3	0	1	2	74
sim_meta-72	190	6	10719	27	30	5	2	24	0	0	4	0	28	47	931	0	0	0	0	202	17	905	1	213	2236	2483	0	52	61	0	75	0	1	17	75	15	20	0	130	66	19	0	1370	1	0	730	3206	299	763	1844	8	0	152	2	932	643	558	11	0	2	2	0	0	9	25	1519	25	4	1	10	5	0	1	29	0	0	0	0	2	3	0	0	0	14	0	0	1	199
sim_meta-73	308	1	11892	47	49	0	0	0	0	0	16	0	24	36	2187	5	0	0	0	184	23	809	0	172	2330	2397	0	53	79	39	81	0	0	25	39	4	50	0	87	56	6	0	1338	2	0	658	3066	276	822	1872	5	19	145	0	836	799	796	6	2	1	2	0	0	5	0	1451	1	0	0	45	16	0	0	0	0	0	9	1	0	0	0	20	3	9	0	3	1	166
sim_meta-74	360	0	12511	70	29	8	2	8	1	0	0	0	34	41	1750	31	0	0	0	177	27	826	0	174	2498	2426	0	39	64	0	86	0	2	87	67	8	26	0	67	145	27	0	1421	0	0	758	3583	268	787	2038	97	34	159	3	902	986	674	0	1	2	1	0	0	11	0	1436	2	7	3	34	19	0	0	17	0	0	7	1	0	0	6	11	13	23	0	0	0	185
sim_meta-75	419	0	14747	152	58	16	0	0	0	0	0	0	30	47	3698	0	0	0	0	268	9	966	0	214	1988	2102	0	34	56	51	52	0	0	36	42	14	29	0	49	163	18	0	1331	0	0	1029	3348	253	778	1919	5	19	173	0	1154	1991	1229	0	0	0	2	0	0	15	0	1471	0	23	0	53	47	0	0	14	0	5	0	0	0	0	0	25	0	33	0	0	0	123
sim_meta-76	339	2	13705	129	31	0	0	1	0	0	10	0	26	32	2841	0	0	0	0	119	35	755	0	197	2625	2331	0	31	31	19	81	0	0	60	58	12	15	0	113	177	24	0	1323	2	0	818	3509	344	579	2134	5	10	221	0	912	993	853	7	0	0	2	0	0	0	0	1185	3	15	2	24	19	0	0	0	0	0	3	0	0	2	0	25	3	38	0	1	1	169
sim_meta-77	184	4	9851	27	15	0	2	40	1	0	0	0	24	31	1232	4	0	0	0	214	43	815	0	217	2732	2598	0	56	80	26	156	2	5	33	25	4	0	0	81	48	41	0	1610	0	0	680	3001	355	425	1857	14	38	187	0	823	961	617	0	1	0	0	0	0	17	0	1616	4	0	5	30	14	2	0	35	13	0	10	0	20	0	0	15	0	0	0	1	0	213
sim_meta-78	304	0	9984	4	39	0	1	0	0	0	10	0	29	41	1057	47	0	0	0	114	28	809	0	185	2433	2563	2	41	61	0	92	0	0	4	2	0	24	0	45	117	30	0	1337	1	0	713	2871	254	594	1853	0	10	142	0	654	351	519	3	0	1	1	0	0	0	0	1280	2	0	6	20	0	0	0	0	0	0	3	0	0	0	21	20	23	0	0	0	1	205
sim_meta-79	296	4	13904	48	39	0	0	8	0	0	14	0	25	27	2267	0	0	0	0	165	46	762	0	239	2438	2168	0	7	40	17	61	1	4	24	57	16	30	0	81	143	24	0	1511	2	0	744	3479	326	742	1966	7	9	156	0	1012	1089	764	9	2	1	1	0	0	5	4	1348	11	0	3	2	8	0	0	12	6	0	8	0	11	1	1	11	4	36	0	0	0	152
sim_meta-8	258	2	9857	4	29	0	0	0	0	0	16	0	19	12	899	32	3	0	0	186	48	741	4	194	2460	2237	1	37	47	0	108	0	0	6	4	1	0	0	38	130	24	0	1524	2	0	807	2870	300	828	1511	2	22	170	0	881	673	513	9	0	2	2	0	0	0	24	1529	24	0	4	20	9	0	0	0	0	0	0	0	0	0	0	10	13	7	0	0	0	211
sim_meta-80	431	0	11906	31	42	0	0	0	0	0	0	0	39	68	1712	0	0	0	0	191	22	928	0	176	2984	3123	0	45	75	0	48	0	0	146	82	9	43	0	205	166	9	0	1566	0	0	568	3202	294	982	1934	186	5	219	6	1081	1221	753	0	0	0	0	0	0	0	0	1632	4	0	1	15	35	0	0	0	0	0	0	0	0	0	0	35	0	38	0	0	0	126
sim_meta-81	365	0	13280	1	57	0	0	0	0	0	0	0	39	53	1389	0	0	0	0	169	16	1033	0	188	2392	2346	0	42	86	0	48	0	12	1	11	2	8	0	114	142	64	0	1255	1	0	837	3416	263	653	2112	0	19	207	41	678	379	556	0	0	0	0	0	0	0	0	1333	1	0	7	15	0	0	0	18	0	3	0	0	0	0	1	24	0	0	0	1	1	163
sim_meta-82	201	0	11422	0	67	0	0	0	0	10	0	18	23	28	701	0	0	0	0	201	20	920	0	218	2602	2457	0	32	62	0	84	0	0	10	4	0	37	4	89	111	6	0	1503	5	0	883	2987	271	1026	1951	1	0	200	0	576	109	411	0	0	0	0	0	0	2	20	1696	22	0	0	33	0	0	0	0	3	0	0	0	3	0	0	1	0	0	0	1	1	74
sim_meta-83	345	1	14338	17	14	0	0	0	0	0	0	0	39	47	1809	0	0	0	0	146	69	717	0	190	2845	2554	2	0	34	0	137	0	0	99	46	18	23	0	176	153	20	0	1414	0	0	504	3381	306	437	1892	132	0	151	1	962	956	691	0	0	0	0	0	0	0	0	1285	8	0	12	0	52	0	0	0	0	0	0	0	0	0	11	11	4	41	0	0	0	130
sim_meta-84	137	0	8893	6	26	0	0	0	0	0	8	0	23	30	507	5	0	0	0	161	28	935	0	197	2396	2559	0	55	56	0	84	0	0	38	20	4	20	0	116	80	21	0	1435	1	0	484	2664	309	656	1696	31	32	165	0	699	240	403	4	0	1	3	0	0	0	0	1480	5	0	1	15	2	0	0	12	0	5	8	1	0	2	0	41	2	0	0	0	0	151
sim_meta-85	310	9	14130	3	48	0	0	0	0	0	14	0	21	21	2011	0	0	0	0	224	33	820	0	201	2720	2484	0	33	68	84	126	0	0	39	192	47	6	0	140	271	5	0	1459	2	0	1139	3837	271	930	1966	39	12	187	0	1172	1082	832	39	1	2	3	0	0	0	24	1517	20	0	0	24	18	0	0	0	0	0	3	0	0	0	0	6	0	14	4	3	0	147
sim_meta-86	166	0	9652	10	29	0	3	3	0	0	0	0	24	34	661	20	0	0	0	165	25	969	0	207	2325	2689	0	15	39	0	49	1	0	10	13	1	23	0	124	83	16	0	1461	0	0	575	2949	285	885	1873	38	0	188	1	691	588	465	0	0	1	1	0	0	0	0	1341	2	0	0	8	5	0	0	9	0	0	0	0	0	1	0	9	2	6	0	0	0	162
sim_meta-87	487	7	12661	29	36	0	0	0	0	0	0	0	52	55	2508	0	0	0	0	120	11	930	0	133	2858	2883	0	0	18	0	18	0	0	24	46	15	25	0	76	210	8	0	1351	0	0	508	3238	194	173	2070	34	12	201	0	1129	1142	757	0	0	1	1	0	0	0	0	1102	3	13	0	0	68	0	0	0	0	0	0	0	0	0	0	8	0	26	0	5	1	75
sim_meta-88	208	3	9135	7	19	0	0	0	0	0	6	0	18	41	279	0	0	0	0	184	23	783	4	198	2224	2234	1	15	19	0	97	0	0	0	1	0	8	0	72	17	5	0	1345	1	0	448	2824	293	904	1630	0	20	154	0	587	432	347	2	0	2	0	0	0	0	0	1227	2	0	0	13	0	0	0	0	0	0	0	0	0	0	5	4	1	0	0	1	3	72
sim_meta-89	205	0	11526	0	44	0	0	0	2	0	19	0	33	36	1233	0	0	0	0	302	33	917	0	170	2339	2590	0	12	10	0	132	0	0	29	24	4	38	0	61	64	8	0	1378	3	0	538	3027	347	765	1711	0	13	117	43	609	202	455	10	0	1	3	0	0	0	0	1408	5	0	9	44	0	0	0	6	0	1	0	0	0	1	0	4	0	4	0	0	0	163
sim_meta-9	193	3	10617	1	14	0	0	0	0	0	0	0	31	50	1689	0	8	0	0	161	35	1023	0	230	2443	2393	0	93	157	0	38	0	0	1	19	6	12	0	95	96	11	0	1487	0	0	522	2660	298	465	1634	0	16	141	0	857	545	662	0	0	0	1	0	0	0	0	1598	1	0	0	21	28	0	0	0	0	0	1	0	0	0	0	4	0	17	0	0	1	119
sim_meta-90	257	0	11135	20	38	0	0	0	0	2	1	6	23	37	1816	35	0	0	0	197	31	739	2	201	2710	2530	1	31	28	5	39	0	0	90	48	4	16	0	16	160	25	1	1551	0	0	694	2772	342	643	1592	87	34	130	29	891	740	643	0	1	0	2	0	0	9	5	1362	10	0	8	38	12	1	0	0	2	0	6	2	9	0	18	13	8	27	0	1	0	177
sim_meta-91	216	7	10435	16	29	0	0	1	0	0	2	0	13	26	1388	0	1	0	0	222	27	929	0	180	2378	2283	0	79	108	0	49	0	0	8	0	0	20	0	90	25	3	0	1266	0	0	624	3038	320	986	1823	8	0	106	0	780	822	646	2	0	0	0	0	0	3	0	1545	3	0	3	18	15	1	0	0	6	0	0	0	15	0	0	11	0	0	0	0	0	184
sim_meta-92	329	0	11203	0	51	0	0	0	0	0	3	0	3	6	788	0	0	0	0	139	18	766	0	236	2207	2021	0	55	109	0	167	0	0	0	0	0	8	0	62	82	16	0	1287	0	0	359	3490	297	664	1946	0	3	147	15	731	129	476	0	0	1	0	0	0	0	0	1622	6	0	1	1	16	0	0	17	0	1	7	0	0	0	0	8	0	0	0	0	1	212
sim_meta-93	194	2	10296	0	11	0	0	0	0	0	0	0	35	55	863	0	3	0	0	176	34	943	0	173	2514	2789	0	25	69	41	37	0	0	31	127	36	11	0	135	191	39	0	1565	3	0	838	3278	268	520	2186	26	5	201	0	942	756	482	16	0	3	2	0	0	0	22	1442	46	0	1	46	9	0	0	0	0	0	0	0	0	0	0	13	0	0	3	0	1	137
sim_meta-94	346	7	12706	112	21	19	0	0	0	0	7	0	35	57	1901	1	0	0	0	162	21	937	0	215	2764	2801	0	60	82	0	58	0	0	64	29	7	17	0	107	134	27	0	1622	1	0	661	3368	285	885	1974	41	28	237	0	881	870	780	0	2	1	1	0	0	24	0	1447	2	20	1	35	14	1	0	0	5	0	2	0	4	0	1	16	7	24	0	0	0	107
sim_meta-95	298	6	13947	2	12	0	0	0	0	0	28	0	14	20	2255	0	0	0	0	174	70	757	0	168	2432	1865	0	47	57	0	8	0	4	36	5	0	28	0	73	89	11	0	1220	9	0	761	3625	253	434	2181	2	8	126	0	689	192	601	28	1	0	0	0	0	3	1	1355	4	0	2	4	0	0	0	0	0	0	0	0	1	0	0	18	0	0	0	2	2	167
sim_meta-96	154	6	14573	3	17	0	0	0	0	0	2	0	24	30	1253	39	0	0	0	211	37	813	0	194	2219	2225	0	66	93	0	50	0	0	1	11	3	8	0	71	91	7	0	1385	1	0	779	3713	285	935	1987	9	10	144	0	754	411	589	0	0	1	0	0	0	5	0	1412	4	0	2	10	39	2	0	0	4	0	0	0	10	0	4	10	6	14	0	0	0	150
sim_meta-97	303	0	11453	29	8	0	0	0	0	0	2	0	27	34	1141	0	0	0	0	87	10	738	4	169	2826	2389	3	0	22	0	57	0	0	49	56	10	37	0	87	36	13	0	1638	0	0	399	2961	285	563	1841	28	20	140	0	811	765	491	0	0	3	0	0	0	12	0	1520	2	10	1	73	20	0	0	0	0	0	0	0	0	5	35	26	12	3	0	1	1	128
sim_meta-98	252	0	10722	6	33	0	0	0	0	8	0	14	44	79	895	0	1	0	0	151	54	794	6	189	2174	2104	0	31	21	0	67	0	0	4	0	0	0	3	104	72	25	0	1328	3	1	839	3140	285	648	2194	0	0	267	0	591	325	397	0	0	0	0	1	1	0	21	1268	30	0	4	62	0	0	0	0	0	0	0	0	0	0	0	9	12	34	0	1	1	87
sim_meta-99	201	3	12048	1	65	0	0	0	0	0	0	0	34	66	1345	11	0	0	0	237	18	861	3	218	2161	2065	0	73	121	48	63	0	0	39	91	24	18	0	111	112	26	2	1265	2	0	1039	3683	276	631	2136	24	16	179	0	859	459	565	3	0	1	0	0	0	3	13	1535	10	0	0	33	2	0	0	0	0	0	0	0	0	0	0	13	2	4	3	0	0	157
