sample	A.OX	AfsA	AMP.binding	ATd	Autoind_synth	Bacteriocin_II	BLS	botH	bt1fas	CAS	Chal_sti_synt_C	Chal_sti_synt_N	Cloacin	Condensation	cyanobactin_synth	cycdipepsynth	DUF1205	DUF692	ectoine_synt	fabH	fom1	ft1fas	Glyco_transf_28	Glycos_transf_1	Glycos_transf_2	goadsporin_like	hglD	hglE	indsynth	IucA_IucC	L_biotic_typeA	Lactococcin_972	LANC_like	Lant_dehyd_C	Lant_dehyd_N	Linocin_M18	LipM	LipV	LmbU	Lycopene_cycl	MGT	micJ25	mvd_mst	NAD_binding_4	NapT7	Neocarzinostat	novH	PF00067	PF00106	PF02441	PF04820	PF13561	PF13575	phosphonates	phytoene_synt	phzB	PKS_AT	PKS_KS	PP.binding	prnB	salQ	spcDK_like_cou	spcDK_like_glyc	strK_like1	strK_like2	subtilosin	t2clf	t2fas	t2ks	t2ks2	tabtoxin	terpene_cyclase	Terpene_synth_C	thiostrepton	TIGR03604	TIGR03651	TIGR03731	TIGR03793	TIGR03795	TIGR03798	TIGR03882	TIGR03975	TIGR04363	ToyB	TunD	vlmB	YcaO
sim_meta-1	315	0	15501	7	60	0	0	1	0	0	48	67	0	3434	0	0	0	98	34	894	0	0	231	2237	2430	2	7	1	0	85	0	0	11	6	10	14	0	0	0	20	41	24	0	1419	7	0	0	423	2806	307	240	1809	0	47	202	2	826	921	890	0	0	3	2	0	0	0	16	1456	5	0	0	65	0	0	0	0	0	0	0	0	0	0	0	4	0	0	116
sim_meta-10	264	0	12681	0	48	0	0	0	13	0	27	20	0	621	0	0	0	55	9	771	0	0	209	2348	2404	2	25	39	0	93	0	0	0	0	0	2	0	0	0	45	155	16	0	1291	2	0	0	588	3585	327	434	2181	2	12	270	0	610	236	401	6	0	6	2	0	0	0	32	1333	43	0	0	26	0	0	0	6	0	0	0	1	3	5	0	3	0	0	204
sim_meta-100	347	6	16585	33	21	0	0	2	0	0	39	31	0	1634	5	0	0	133	49	597	0	0	181	2383	2147	0	22	30	3	86	0	0	77	55	13	23	7	0	0	64	275	14	8	1363	11	0	0	1321	3656	277	497	1892	42	14	262	7	1217	1517	698	0	11	0	4	4	0	0	22	1081	16	0	3	74	74	0	0	1	0	0	0	0	6	54	0	0	2	0	233
sim_meta-101	346	4	17167	4	59	0	0	0	0	0	44	48	0	2173	0	0	0	100	8	675	0	0	165	2322	2247	0	3	34	0	150	0	0	19	4	2	35	0	0	0	24	211	30	0	1374	3	0	0	531	3353	294	273	2133	0	25	268	0	778	696	749	0	0	2	1	0	0	0	2	1281	2	0	0	33	1	0	0	0	0	0	0	0	0	0	0	0	0	0	167
sim_meta-102	263	0	14074	7	61	0	6	0	16	3	18	31	1	974	0	0	0	173	20	759	0	0	176	2166	2176	0	11	43	0	90	0	1	3	8	1	6	0	0	0	65	154	24	5	1302	1	0	0	608	3864	304	516	2281	5	25	338	0	647	486	455	7	0	0	1	0	0	0	10	1403	17	0	0	62	0	0	0	4	0	0	0	4	1	4	0	0	0	0	97
sim_meta-103	436	0	15832	0	34	0	0	0	4	0	42	42	0	1685	0	0	0	84	17	659	0	0	188	2331	2356	0	13	36	0	136	0	0	28	70	12	3	0	0	0	27	122	9	0	1242	9	0	1	572	3721	314	378	2213	29	0	254	3	758	629	668	0	18	4	4	3	0	0	11	1408	3	3	2	43	6	0	0	1	0	0	0	1	0	63	0	0	1	0	149
sim_meta-104	382	0	14966	7	55	0	0	0	36	0	24	38	0	2356	0	0	0	79	0	683	0	0	153	1956	2030	0	0	15	0	114	0	2	24	10	7	7	0	0	0	48	145	32	3	1308	2	0	0	388	3564	294	383	2157	19	18	269	2	739	598	732	15	0	3	0	1	0	5	1	1434	7	0	0	13	0	0	1	5	0	0	0	0	0	6	0	1	0	0	115
sim_meta-105	326	0	12148	0	69	4	0	0	46	0	29	20	0	202	0	0	0	54	14	546	0	0	157	2556	2269	0	0	8	0	131	0	0	4	0	0	40	0	0	0	18	141	15	0	1327	3	0	0	515	3443	346	710	2241	0	0	278	0	541	174	338	0	0	1	1	0	0	0	7	1426	3	0	1	32	0	0	0	3	0	0	0	0	0	13	0	4	1	0	112
sim_meta-106	285	4	16434	5	61	0	0	0	22	0	24	17	0	2340	18	0	0	122	16	641	0	0	212	2195	2268	0	0	29	0	132	0	0	16	8	6	3	0	0	0	12	134	29	0	1253	3	0	0	489	2961	360	478	1885	2	5	344	0	679	490	712	0	0	1	1	0	0	0	0	1259	4	6	0	69	0	0	0	0	1	0	0	1	0	0	0	0	0	0	94
sim_meta-107	408	0	13773	7	82	0	0	0	7	0	27	35	0	991	0	4	3	93	19	652	0	0	179	2346	2352	1	0	31	0	171	0	0	24	27	7	13	5	1	0	26	287	14	0	1193	20	0	0	1122	3691	282	675	2031	19	10	221	0	1200	1101	599	0	4	4	0	0	0	0	25	1398	17	1	3	78	24	0	0	4	0	0	0	2	10	0	0	0	6	8	195
sim_meta-108	205	2	12436	0	102	0	0	0	0	0	30	35	7	1689	0	0	0	128	22	687	0	0	174	1891	1920	0	20	18	0	157	0	0	26	5	2	11	0	0	0	17	130	52	0	1478	0	0	0	404	3661	312	505	2114	29	12	251	0	648	500	546	0	0	0	0	0	0	0	0	1378	1	2	0	20	0	0	0	2	0	0	0	5	0	0	0	1	0	0	239
sim_meta-109	586	0	15142	152	37	0	0	2	0	0	51	54	0	1795	0	0	0	78	14	542	0	0	166	1734	1788	0	19	26	0	83	0	0	47	99	22	19	0	0	0	16	127	49	11	1245	5	0	0	717	4457	224	265	2529	22	21	107	4	1005	1791	840	0	19	0	3	3	0	0	0	1636	0	19	4	26	50	0	0	11	0	0	0	2	10	59	0	1	0	0	415
sim_meta-11	494	3	17289	0	58	0	0	0	20	0	29	27	0	1971	0	0	0	137	37	690	3	0	193	2367	2369	0	19	61	0	122	0	1	34	3	6	22	20	1	0	15	431	26	0	1393	8	0	0	1221	4037	362	305	2336	17	7	232	0	784	697	681	25	0	2	6	2	0	0	69	1285	62	1	5	89	44	0	0	1	0	3	0	3	1	8	0	0	0	0	194
sim_meta-110	233	0	11638	10	37	0	0	1	0	0	34	35	0	726	0	0	0	95	21	757	0	0	185	2304	2304	0	15	68	0	62	0	0	4	5	2	4	0	0	0	55	102	31	0	1340	1	0	0	524	3416	339	638	2145	0	2	185	0	631	380	401	0	0	3	1	0	0	0	0	1325	4	0	0	45	0	0	0	1	0	0	0	2	0	0	0	1	1	0	159
sim_meta-111	230	0	13761	6	30	0	0	0	18	0	16	21	0	1968	0	0	1	130	11	604	0	0	177	2565	2826	0	2	13	0	112	0	0	13	35	4	6	0	0	0	23	143	17	0	1321	7	0	0	557	3144	355	360	1640	15	14	171	0	829	1059	743	0	5	2	0	1	0	7	26	1031	26	2	1	43	4	0	0	1	0	0	0	4	5	19	0	0	0	0	102
sim_meta-112	274	0	15258	1	55	0	0	0	14	0	16	18	0	2147	0	9	0	131	24	528	0	0	157	2148	2035	0	0	47	0	82	1	0	29	22	6	14	7	0	0	29	186	20	0	1280	7	0	0	730	3512	285	278	2007	48	17	234	0	1045	974	703	0	0	2	1	0	0	0	0	1171	5	0	2	37	15	0	0	0	0	0	9	2	0	0	0	1	2	4	172
sim_meta-113	306	0	14701	127	60	0	0	0	9	0	46	45	0	855	0	0	0	139	10	789	0	0	171	2148	2063	1	22	58	0	79	0	0	10	6	2	41	0	0	0	37	124	16	5	1270	2	0	0	935	4249	266	608	2279	0	33	367	2	684	1075	591	0	0	1	5	0	0	0	18	1233	22	18	2	59	45	0	0	0	0	0	0	0	8	0	0	0	1	0	253
sim_meta-114	509	7	18623	51	18	0	0	5	2	0	50	54	0	3844	0	0	0	113	25	732	0	0	175	2182	2193	1	5	60	0	164	0	0	142	126	32	22	7	1	0	53	218	25	0	1333	12	0	0	953	3876	283	475	2239	69	22	238	0	1260	1772	1151	27	16	3	5	4	0	0	68	1345	53	6	3	28	76	0	0	1	0	0	0	0	1	114	5	5	0	0	242
sim_meta-115	357	2	16682	9	27	0	0	0	0	0	28	23	0	1316	0	0	0	171	17	695	0	0	162	2189	2328	8	39	72	4	42	0	0	16	15	0	13	3	0	0	16	245	10	2	1381	11	0	0	1083	3927	256	332	2027	3	12	247	1	841	803	611	0	0	4	2	2	0	3	17	1327	27	0	2	79	33	0	0	3	0	2	0	3	6	0	0	0	0	0	208
sim_meta-116	413	1	14615	84	30	0	0	0	6	0	53	45	0	864	0	1	0	129	24	806	0	0	211	2400	2329	0	17	45	0	77	0	0	26	16	5	24	7	0	0	21	233	25	3	1356	14	0	0	860	3562	323	514	1869	20	13	199	1	849	1075	559	0	0	4	2	0	0	0	0	1244	3	11	2	39	24	0	0	0	0	0	0	3	8	1	0	0	1	4	181
sim_meta-117	361	2	14158	5	34	0	0	0	0	0	34	28	0	305	0	0	0	112	12	654	0	0	177	2526	2385	1	14	52	0	90	0	1	2	9	0	19	0	0	0	46	143	19	1	1346	6	0	0	542	3254	261	381	1793	7	2	225	0	604	365	368	0	0	4	5	0	0	0	12	1213	11	1	0	71	0	0	0	4	0	0	0	6	4	0	0	0	0	0	160
sim_meta-118	431	4	18261	0	46	0	0	0	0	0	26	29	0	2130	0	0	0	120	29	743	0	0	193	2151	2288	0	17	61	0	131	0	0	46	10	9	63	28	4	0	24	750	22	1	1361	14	0	0	1842	4126	347	194	2287	37	20	238	0	1081	893	841	0	0	3	0	4	0	0	42	1221	46	0	4	41	83	0	0	2	0	0	0	0	0	0	0	0	0	0	206
sim_meta-119	277	0	17322	4	57	0	0	0	0	0	15	15	0	2276	0	0	4	156	14	552	0	0	142	2940	2378	0	0	32	0	9	0	0	34	0	0	30	0	0	0	34	59	5	0	1569	0	0	0	827	3894	259	353	2283	29	0	185	36	482	316	642	0	0	5	0	0	0	0	0	949	5	0	2	5	0	0	0	0	0	0	0	8	0	0	0	1	0	0	49
sim_meta-12	212	4	15723	0	70	0	0	0	20	0	32	8	0	1587	0	0	0	176	3	638	0	0	163	2734	2436	0	54	137	0	128	0	0	121	104	13	0	0	0	0	22	74	11	0	1159	11	0	0	655	3128	295	616	1907	17	35	269	0	789	665	690	0	0	0	0	0	0	0	69	1513	71	0	0	92	25	0	0	0	0	0	0	2	0	25	5	6	0	0	170
sim_meta-120	444	0	18224	4	38	0	0	0	0	0	37	41	0	1708	0	8	1	104	37	653	0	0	178	2850	2559	1	18	83	0	98	0	0	40	56	13	13	12	0	0	21	394	41	0	1296	18	0	0	1387	4302	262	320	2221	24	4	184	0	1472	1825	785	0	2	0	2	0	0	0	38	1076	35	0	2	52	44	0	0	2	0	0	0	7	14	34	0	0	5	4	169
sim_meta-121	437	3	15253	4	37	0	0	0	5	0	30	44	0	1659	0	0	0	132	15	628	3	0	211	2429	2599	1	0	59	0	79	0	0	79	75	15	15	4	0	0	8	298	6	3	1327	12	0	0	874	3530	236	356	2056	31	11	262	0	739	643	676	0	9	2	2	3	0	0	43	1194	51	0	0	72	41	0	0	0	0	0	6	4	6	40	5	1	1	0	173
sim_meta-122	422	5	16062	37	30	0	0	4	2	0	40	38	0	2332	0	6	0	112	37	732	0	0	181	2107	2186	0	6	48	0	111	0	0	49	75	15	3	13	1	0	34	229	29	7	1337	11	0	0	867	4143	268	430	2162	27	7	251	0	1306	1564	905	0	11	4	3	0	1	0	6	1226	8	3	1	30	31	0	0	0	0	0	0	2	0	37	0	1	3	6	167
sim_meta-123	166	0	13771	0	43	0	15	1	0	23	25	48	0	1070	8	0	0	243	24	677	0	0	160	2260	2038	0	33	86	0	69	0	0	1	0	0	13	0	4	0	38	89	26	0	1437	1	0	0	601	3375	262	760	1971	2	0	231	6	523	204	456	0	0	8	1	0	0	0	23	1259	39	0	0	70	0	0	0	3	0	0	0	3	0	0	0	0	0	0	194
sim_meta-124	399	0	14641	0	22	0	0	0	26	0	36	39	0	1061	0	0	0	52	27	619	0	0	229	2545	2422	0	3	9	0	145	0	0	39	133	28	27	0	0	0	29	51	23	0	1250	15	0	0	681	3270	354	532	1692	29	2	240	0	1073	1141	635	0	38	0	3	4	0	0	7	1134	1	0	0	0	30	0	0	0	0	0	0	0	0	127	0	0	0	0	131
sim_meta-125	316	0	14997	4	34	0	0	0	0	0	27	36	0	1310	0	0	1	141	13	691	0	0	168	2157	2142	15	9	9	0	120	0	0	9	0	1	34	0	0	0	49	85	9	0	1458	6	0	0	614	3570	303	350	1977	12	21	238	0	538	457	487	0	0	3	2	0	0	0	39	1151	49	0	0	67	2	0	0	3	0	10	0	3	4	0	0	0	1	0	125
sim_meta-126	400	0	13316	14	105	0	0	2	13	0	33	38	5	1617	0	0	0	84	10	694	0	2	157	2062	1985	0	20	50	0	86	0	0	29	36	12	9	0	0	0	30	141	8	1	1263	12	0	1	700	3690	320	421	2150	3	8	258	0	620	360	549	0	2	3	5	1	0	0	10	1390	4	7	4	48	16	0	0	0	0	2	0	4	0	29	0	0	0	0	173
sim_meta-127	467	0	15560	0	50	0	0	0	27	0	47	44	0	1453	0	7	0	109	40	771	0	0	185	2571	2217	0	33	96	0	147	0	0	35	1	0	0	0	0	0	30	302	39	0	1219	10	2	0	1068	3332	316	308	1921	17	0	318	0	1035	811	655	0	11	3	2	0	0	0	57	1179	71	0	3	58	31	0	0	0	0	0	0	0	6	0	0	0	0	0	130
sim_meta-128	252	1	14258	114	42	0	0	0	20	0	39	44	0	2690	0	1	0	71	3	696	0	0	150	2397	2242	0	17	48	0	107	0	0	62	53	13	15	0	1	0	35	152	38	1	1357	2	0	0	532	3439	260	294	1976	13	13	255	0	821	1207	772	0	0	0	0	0	0	2	0	1242	1	14	1	37	37	0	0	0	0	0	0	1	4	4	0	0	0	0	121
sim_meta-129	443	1	18297	39	41	0	0	0	0	0	65	77	9	1140	0	0	0	124	27	693	0	0	172	2088	1883	0	46	78	3	60	0	0	20	9	2	15	0	0	0	15	172	42	4	1084	4	0	0	1151	4259	296	434	2235	0	33	173	9	975	1189	609	0	0	6	3	0	0	0	60	1067	72	0	0	12	42	0	0	0	0	0	0	0	7	0	0	1	0	0	228
sim_meta-13	512	3	18159	28	31	0	0	0	44	0	24	19	0	1788	0	0	0	166	15	608	0	0	202	2187	1856	0	13	65	2	82	0	0	86	60	12	29	3	1	0	9	444	31	6	1132	13	0	0	1914	4312	261	424	2440	17	13	211	5	1300	1655	870	0	0	1	0	0	0	0	43	1196	35	0	4	43	91	0	0	3	0	0	0	3	10	30	1	0	0	17	221
sim_meta-130	392	2	18253	2	60	0	0	0	0	0	31	45	0	2052	0	4	0	92	17	649	0	0	195	2355	2170	0	3	29	6	138	0	0	23	23	10	11	0	0	1	26	103	12	0	1325	4	0	0	797	4517	291	612	2501	11	31	299	0	985	1001	712	4	0	5	6	0	0	0	10	1171	16	0	1	70	28	0	0	0	0	0	6	2	0	2	0	0	0	0	135
sim_meta-131	388	6	14790	137	48	0	0	0	0	0	42	38	0	2931	0	0	0	104	9	741	0	0	190	2500	2471	0	0	55	0	92	0	0	86	48	15	0	0	0	0	60	166	25	0	1508	3	0	0	583	3616	300	227	2064	0	9	260	0	715	937	851	0	0	2	0	0	0	0	12	1247	19	20	1	86	39	0	0	0	0	0	0	0	0	0	0	0	1	0	157
sim_meta-132	420	4	17626	1	60	0	0	3	0	0	46	47	0	1571	0	1	0	54	15	657	0	0	181	2667	2339	1	2	43	0	126	0	0	52	50	9	10	4	0	0	41	246	6	0	1433	7	0	0	924	4210	282	404	2488	9	27	374	0	921	805	629	0	0	4	1	0	0	4	48	1212	49	1	1	54	16	0	0	1	0	0	6	1	0	6	2	1	2	2	150
sim_meta-133	212	0	13317	2	39	0	2	2	6	6	23	13	0	1067	0	0	0	177	16	647	0	0	166	2368	2097	0	15	46	0	93	0	0	3	4	1	26	0	0	0	23	106	26	1	1420	4	0	0	469	3055	303	392	1775	8	19	214	8	579	312	473	0	0	0	0	0	0	2	7	1309	6	1	0	79	0	0	0	2	0	0	0	5	0	0	0	1	0	0	144
sim_meta-134	226	0	15830	4	58	0	0	1	2	0	19	29	0	1011	15	0	0	197	54	668	0	0	177	2045	1546	0	48	51	0	65	0	0	9	4	1	20	0	0	0	14	95	4	2	1282	1	0	0	425	4017	303	896	2210	11	15	203	0	539	356	423	0	0	1	1	0	0	0	0	1285	3	0	1	5	0	0	0	0	0	0	9	0	0	0	0	1	0	0	213
sim_meta-135	267	0	15320	0	32	0	0	0	4	0	18	18	0	1339	0	13	0	148	17	671	0	0	178	2233	2241	0	13	49	0	63	0	0	15	29	9	21	0	1	0	32	116	15	0	1240	13	0	0	878	3362	275	366	1824	17	13	239	5	1161	1229	657	0	0	4	3	0	0	0	8	1396	19	0	3	60	25	0	0	0	0	0	0	6	0	3	0	1	5	0	94
sim_meta-136	357	0	14251	7	75	0	6	0	8	9	21	40	0	826	0	0	1	87	21	785	0	0	207	2400	2079	0	5	14	0	102	0	1	4	0	0	13	0	3	0	1	153	46	0	1408	3	0	0	711	3398	308	272	2204	1	8	352	2	625	310	420	0	0	3	1	0	0	0	17	1331	28	0	1	93	0	0	0	0	0	0	0	4	8	38	0	0	0	0	177
sim_meta-137	509	4	16550	3	24	0	0	1	36	0	27	41	0	1903	0	2	0	142	24	693	0	0	221	2211	2254	0	0	41	0	108	0	0	34	44	9	49	25	2	0	34	479	18	0	1346	19	0	0	1404	4088	247	467	2290	37	21	217	0	1288	1477	847	12	0	1	2	5	0	0	42	1205	34	0	1	55	69	0	0	3	0	0	0	2	1	0	0	0	5	0	182
sim_meta-138	389	0	17372	17	36	0	0	0	10	0	29	42	1	1868	0	2	0	115	27	705	0	0	204	2345	2217	1	10	37	16	104	0	0	35	44	5	19	0	0	1	40	186	14	4	1237	12	0	0	1100	3622	310	366	1963	6	19	203	2	995	1073	688	0	0	0	1	0	0	0	19	1214	36	0	1	84	30	0	0	1	0	1	0	0	5	0	2	1	0	7	114
sim_meta-139	489	5	18699	7	37	0	0	0	0	0	51	57	2	2692	0	6	0	111	13	757	0	0	181	2317	2318	0	9	62	0	170	0	1	92	101	23	23	5	1	0	43	225	57	2	1299	12	0	0	1088	3958	268	366	2252	27	18	269	0	1474	1722	982	0	0	2	0	0	0	0	52	1075	45	0	1	74	69	0	0	0	0	0	0	0	0	9	3	3	12	16	84
sim_meta-14	532	0	14486	0	50	0	0	0	9	0	37	17	0	1360	0	8	0	56	11	467	0	0	168	2090	2011	0	0	40	0	138	1	0	18	29	3	20	0	0	0	61	180	47	0	1274	9	0	0	1007	3879	291	247	2630	8	9	247	7	959	703	592	8	0	1	2	0	0	0	1	1233	4	0	1	83	11	0	0	4	0	0	0	8	11	52	0	0	3	0	130
sim_meta-140	421	0	13983	26	56	0	0	2	30	0	35	50	0	1008	0	2	0	60	20	638	0	0	185	2360	2320	0	8	23	11	107	0	0	38	49	7	7	0	0	1	26	161	30	0	1204	9	0	0	718	3694	283	321	2129	14	2	252	0	841	863	503	0	6	7	1	2	0	0	11	1168	24	2	0	50	34	1	0	1	0	0	0	2	0	41	0	0	0	0	152
sim_meta-141	296	5	14699	4	27	0	0	0	23	0	18	37	0	1755	0	7	0	205	22	767	1	0	200	2157	2183	1	4	35	0	106	0	0	34	34	5	3	5	0	0	42	84	15	0	1400	10	0	1	535	3202	285	546	1870	43	5	196	3	1035	962	733	13	0	2	1	0	0	0	1	1237	1	0	1	30	9	0	0	6	0	0	0	3	0	0	0	2	3	2	120
sim_meta-142	398	2	17026	3	48	0	0	1	4	0	27	22	0	1147	0	11	0	132	18	636	0	0	179	2448	2154	6	7	61	0	88	0	0	14	38	3	21	12	0	0	49	273	11	2	1329	13	0	0	1203	4304	285	549	2421	20	12	293	0	1137	1142	575	0	0	0	3	0	0	0	7	1162	9	0	0	105	32	0	0	0	0	1	8	4	6	27	0	0	5	4	155
sim_meta-143	483	9	15428	4	72	0	0	1	0	0	51	52	8	1722	4	2	0	118	19	746	0	0	209	2174	2172	0	3	23	0	89	0	0	51	19	2	17	8	0	0	37	221	12	0	1231	12	0	0	1070	3920	311	473	2333	39	9	293	0	982	913	684	3	0	3	3	0	0	0	20	1434	27	0	0	73	28	0	1	1	0	0	0	0	0	9	0	2	4	2	169
sim_meta-144	222	0	14815	229	48	0	0	0	0	0	42	67	0	1157	0	0	0	229	12	710	0	0	153	2576	2373	11	25	87	0	106	0	0	19	20	8	23	0	0	0	17	214	5	18	1522	0	0	0	679	3283	233	245	1744	0	19	129	6	749	1943	755	0	0	0	0	0	0	0	1	1103	5	32	5	45	63	0	0	0	0	2	0	0	10	0	0	0	1	0	286
sim_meta-145	446	2	16921	62	22	0	0	1	12	0	51	43	0	2637	0	6	0	78	20	693	0	0	166	2200	2156	0	12	76	0	81	0	0	59	62	21	14	0	0	0	53	261	19	0	1240	14	0	0	1012	4163	226	333	2361	21	24	228	0	1309	1639	889	0	0	0	0	0	0	0	12	1217	1	12	3	53	44	0	0	5	0	0	0	5	4	26	0	0	9	0	131
sim_meta-146	465	3	17259	109	60	0	0	0	0	0	38	37	10	2319	0	0	0	147	29	767	1	0	164	2431	2343	0	20	47	0	117	0	0	60	11	11	47	13	0	0	21	430	43	7	1357	8	0	0	1538	4186	236	326	2214	34	26	175	5	1141	1841	904	0	0	3	0	0	0	5	17	1213	22	12	5	13	78	0	0	2	0	0	0	0	13	0	0	0	0	0	248
sim_meta-147	470	3	19530	6	14	0	0	0	11	0	40	42	0	2957	0	11	0	110	15	656	0	0	181	2596	2554	0	9	65	32	100	0	0	62	104	29	2	13	1	8	41	316	7	1	1330	33	0	0	1334	4263	281	447	2092	47	1	216	0	2102	2910	1139	0	14	5	4	0	0	0	32	1150	47	0	6	57	72	0	0	1	0	0	0	0	0	67	0	0	10	8	182
sim_meta-148	448	0	19400	16	9	0	0	0	9	0	38	45	0	1648	0	0	0	79	3	710	0	0	165	2832	2307	0	30	32	2	181	0	0	38	132	34	4	0	0	0	37	230	6	7	1279	27	0	0	1055	3839	280	357	1740	28	5	229	2	1274	1823	774	0	37	2	6	6	0	0	73	842	97	0	1	28	45	1	0	0	0	0	0	2	8	109	0	0	0	0	207
sim_meta-149	471	1	15480	2	54	0	0	0	23	0	18	25	0	1409	5	1	0	134	25	680	4	0	197	2288	2115	0	17	72	8	85	0	0	83	60	7	27	6	4	0	33	281	18	1	1280	8	0	0	1314	3985	241	423	2270	11	5	281	0	956	945	702	0	0	1	3	0	0	0	46	1309	60	1	2	62	50	0	0	2	0	0	0	2	1	5	1	0	0	8	157
sim_meta-15	372	1	17060	40	53	0	3	0	31	3	41	23	0	2468	3	5	0	113	48	617	0	0	175	2435	2139	0	4	79	0	139	0	0	32	39	13	24	0	0	0	33	238	32	10	1337	12	0	0	807	4204	271	420	2372	22	31	266	0	1071	1143	791	0	0	3	1	0	0	0	31	1169	14	8	0	77	27	0	0	0	0	0	0	1	0	1	0	0	0	0	144
sim_meta-150	344	5	15967	9	53	0	0	0	0	0	38	29	0	3373	0	0	0	188	39	620	0	0	223	2385	2315	6	0	42	0	201	0	0	11	11	4	2	0	0	0	5	51	17	0	1308	3	0	0	490	3417	363	367	1850	0	20	230	4	711	502	818	0	0	5	0	0	0	0	0	1382	2	0	0	133	0	0	0	0	0	0	0	11	2	0	0	0	1	0	198
sim_meta-16	388	1	16513	0	70	0	9	0	21	8	23	30	0	580	0	0	0	77	24	770	0	0	157	2251	2079	0	23	69	0	72	0	0	5	7	1	40	3	2	0	44	228	13	6	1218	4	0	0	1042	4034	264	271	2499	3	17	315	0	579	274	408	0	0	0	2	0	0	0	34	1214	57	0	0	63	9	0	0	0	0	0	0	5	14	35	0	1	0	0	141
sim_meta-17	446	0	17647	14	44	0	0	0	2	0	30	44	0	1641	0	16	0	81	22	623	0	0	195	2216	2233	0	22	88	0	104	0	0	31	120	19	7	0	0	0	19	278	8	1	1262	19	0	0	1093	4905	314	324	2572	33	47	241	0	1995	2725	888	0	9	2	3	1	0	0	7	1370	2	6	4	82	49	1	0	1	0	0	0	2	0	47	0	0	9	0	172
sim_meta-18	215	2	13647	3	73	0	0	0	8	0	25	20	0	1288	4	0	0	143	30	746	5	0	193	2509	2253	0	17	52	0	121	0	0	43	41	10	16	0	0	0	25	83	21	0	1429	9	0	0	431	3130	342	594	1708	0	11	268	0	643	413	579	0	0	4	1	0	0	0	27	1312	22	0	0	56	12	0	0	1	0	0	0	3	0	5	4	3	0	0	191
sim_meta-19	245	0	13605	1	30	0	0	0	57	0	19	21	0	1866	0	0	0	150	2	707	0	0	170	2126	2153	1	0	44	0	129	0	0	5	21	8	11	0	0	0	25	173	7	10	1403	4	0	0	374	3381	265	345	1993	1	6	212	0	595	428	554	0	0	1	1	0	0	0	0	1309	1	0	0	52	0	0	0	0	0	0	0	7	0	8	0	0	0	0	106
sim_meta-2	393	2	18855	144	35	0	0	0	0	0	44	45	0	2731	0	11	0	149	18	674	0	0	179	2364	1913	0	9	72	0	72	1	0	109	92	24	53	24	0	0	69	580	18	1	1135	19	0	0	1856	4515	257	274	2546	50	6	256	4	1617	2443	1075	0	0	3	0	3	0	0	36	1074	28	32	0	18	109	0	0	0	0	0	0	1	3	0	0	0	10	9	176
sim_meta-20	472	2	16699	6	19	0	0	1	27	0	52	38	0	2021	0	9	0	105	32	651	0	0	218	2416	2604	1	13	92	0	90	0	0	56	88	21	32	8	1	0	26	401	22	0	1336	21	0	0	1310	3954	295	431	2000	35	11	246	0	1539	1835	821	0	12	3	3	2	0	2	33	1066	45	0	4	72	55	0	0	0	0	0	0	4	5	38	0	2	5	0	188
sim_meta-21	360	0	15781	66	55	0	0	0	12	0	27	41	0	1560	0	0	0	147	16	631	0	0	161	2181	1969	0	15	36	0	119	0	0	14	21	7	9	0	0	0	12	189	12	1	1336	5	0	0	728	4164	260	609	2270	8	23	259	1	717	1065	659	2	9	6	5	0	0	0	26	1315	34	8	0	18	16	0	0	4	0	0	12	0	5	21	0	1	0	0	195
sim_meta-22	316	6	19096	22	28	0	0	0	0	0	30	12	0	2209	0	11	0	136	4	708	0	0	205	2148	2181	0	13	110	3	53	0	0	126	100	19	29	0	0	0	39	341	18	9	1340	4	0	0	1674	4390	296	338	2116	66	57	312	4	1790	2254	948	0	17	2	3	0	0	0	49	1022	62	0	8	101	85	0	0	0	0	0	0	2	13	9	4	4	2	5	236
sim_meta-23	308	1	14594	65	54	0	0	0	9	0	31	40	7	1646	0	0	0	74	8	536	0	0	176	2117	2256	0	0	28	0	112	0	0	45	37	4	0	0	0	0	43	142	12	0	1240	2	0	0	575	4249	276	390	2490	0	5	267	0	626	603	591	9	0	1	2	0	0	4	19	1318	23	13	0	43	24	0	0	2	0	0	4	3	3	0	0	2	1	0	182
sim_meta-24	338	1	16175	0	55	0	22	0	0	23	54	27	0	1992	0	0	0	66	18	665	0	0	175	2057	2532	0	0	34	0	67	0	0	4	0	1	27	0	2	0	21	119	16	3	1198	6	0	0	866	3763	263	338	2255	1	39	430	4	672	312	608	0	0	2	1	0	0	0	51	1366	58	0	1	150	11	0	0	0	0	0	5	2	0	5	0	0	0	0	63
sim_meta-25	460	0	15922	40	60	0	0	0	0	0	58	66	3	1740	0	9	0	112	6	698	0	0	148	2524	2651	0	36	114	14	89	0	0	48	81	21	0	0	0	1	27	443	17	0	1396	24	0	0	1186	4432	232	321	2419	13	10	197	0	1468	1851	790	0	4	4	6	0	0	0	14	1285	29	9	1	42	67	0	0	1	0	0	0	0	0	31	0	1	11	0	141
sim_meta-26	260	0	16284	0	35	0	0	0	0	0	24	19	0	744	0	0	0	95	47	669	0	0	187	2137	2001	0	28	57	0	152	0	0	67	0	0	6	0	0	0	28	200	23	0	1187	4	0	0	767	3563	369	446	2050	46	1	232	0	472	255	374	0	0	3	9	0	0	0	106	1148	91	0	0	59	0	0	0	0	0	0	0	0	0	0	0	0	0	0	176
sim_meta-27	474	5	17546	44	66	0	13	0	8	8	33	46	2	2563	0	1	0	92	20	654	0	0	169	2345	2217	0	9	63	0	174	0	0	47	74	24	23	13	1	0	18	354	16	0	1280	19	0	0	1270	4338	286	279	2241	21	9	211	2	1066	1212	864	0	6	0	2	3	0	0	35	1363	39	10	1	62	68	0	0	1	0	0	0	0	0	25	0	1	4	0	191
sim_meta-28	402	6	19335	3	25	0	0	0	0	0	41	26	0	1743	0	9	0	139	25	698	0	0	172	2366	2173	0	3	99	0	94	0	0	121	166	28	10	0	1	0	43	247	14	0	1274	27	0	0	1339	4318	313	542	2293	14	15	270	0	1467	1743	863	0	0	6	3	0	0	0	75	1185	58	0	3	75	73	0	0	0	0	0	0	3	11	43	5	11	7	0	222
sim_meta-29	359	3	20924	3	36	0	0	0	0	0	7	16	0	2717	11	14	1	101	7	607	0	0	157	2790	2687	0	2	76	0	54	0	0	49	89	19	24	13	0	0	28	550	20	0	1326	19	0	0	1703	4763	222	501	2312	43	31	219	0	2360	3309	1208	9	0	1	2	1	0	11	20	1337	19	0	2	84	76	0	0	1	0	0	0	6	1	3	0	0	21	0	142
sim_meta-3	277	0	13211	0	96	0	0	0	0	0	22	11	0	810	0	0	0	41	18	686	0	0	207	2155	2314	0	12	35	0	80	0	0	15	0	3	3	0	0	0	11	154	35	0	1505	1	0	0	456	3546	346	330	2079	0	9	159	0	518	73	364	0	0	1	1	0	0	0	0	1254	4	0	0	18	0	0	0	4	0	0	0	3	0	0	0	0	0	0	271
sim_meta-30	435	5	16752	119	16	0	0	0	0	0	64	99	0	2258	0	0	0	97	31	770	0	0	147	3004	2735	0	40	152	0	209	0	0	108	94	12	6	0	0	0	86	325	30	0	1439	25	0	0	996	3812	274	414	2184	2	0	236	0	638	808	779	4	0	2	9	0	0	0	129	1008	144	23	0	80	44	0	0	0	0	0	0	2	0	25	4	2	0	0	81
sim_meta-31	419	0	13841	0	77	0	2	3	8	4	33	38	2	849	0	0	0	69	23	724	0	0	197	2244	2221	0	7	14	0	79	0	0	8	2	0	10	0	0	0	22	162	14	2	1467	4	0	0	605	3753	270	411	2326	0	3	221	0	609	243	438	0	0	6	4	0	0	0	10	1399	13	2	1	29	0	0	0	4	0	0	0	0	0	1	0	0	0	0	137
sim_meta-32	398	2	18835	1	35	0	0	0	0	0	24	20	9	2742	0	21	0	150	34	715	0	0	184	1924	1849	0	5	63	45	79	0	0	51	6	1	12	3	3	3	36	433	18	0	1251	15	1	0	1622	4660	251	446	2342	26	10	264	0	1455	1765	1018	0	9	1	0	1	0	0	70	1178	111	0	2	25	85	0	0	0	0	0	0	3	7	0	0	0	2	0	223
sim_meta-33	366	4	12766	0	69	0	0	0	24	0	45	38	7	925	0	0	0	89	13	782	0	0	196	2474	2451	0	0	16	0	101	0	0	3	1	0	12	0	0	0	32	73	22	0	1300	8	0	0	503	3411	273	401	2035	2	18	266	0	492	100	419	0	0	10	5	0	0	0	0	1201	2	0	0	68	0	0	0	0	0	0	0	3	0	1	0	0	1	0	153
sim_meta-34	376	0	15609	1	32	0	0	0	35	0	15	17	0	1556	0	0	0	83	29	669	0	0	194	2225	1878	0	6	12	0	86	0	0	2	14	5	26	0	0	0	33	75	14	0	1288	4	0	0	618	3605	306	267	1838	0	5	260	0	707	462	573	0	0	4	5	0	0	0	12	1396	18	0	0	65	4	0	0	0	0	0	0	0	0	0	0	0	0	0	148
sim_meta-35	455	2	15767	80	50	0	0	3	6	0	41	25	0	1426	2	0	0	97	18	705	0	0	168	2578	2403	0	24	75	0	98	2	0	79	82	27	24	5	1	0	34	263	27	4	1271	6	0	0	1097	4066	331	394	2345	21	11	277	1	865	1222	761	0	8	2	1	2	0	0	38	1196	43	10	1	72	55	0	0	0	0	0	0	1	11	48	2	2	0	0	269
sim_meta-36	367	1	17069	6	35	0	0	0	0	0	32	30	3	1886	0	0	0	120	12	727	0	0	206	2501	2507	16	20	36	0	74	0	0	14	6	1	18	0	0	0	64	172	23	1	1405	6	0	0	686	3750	306	263	2078	0	4	282	0	650	330	529	0	0	0	1	0	0	9	13	1114	1	0	1	62	0	0	0	0	0	1	0	0	1	0	0	0	0	0	148
sim_meta-37	424	0	15207	0	36	0	3	0	12	3	36	39	0	755	0	0	0	134	6	720	0	0	201	2645	2356	0	16	48	0	105	0	0	49	53	14	27	0	0	0	22	191	2	2	1467	2	0	0	1088	4088	273	475	2390	7	18	330	0	865	645	519	0	0	4	11	0	0	0	41	1153	45	1	0	96	30	0	0	0	0	0	0	3	0	0	6	0	0	13	83
sim_meta-38	384	0	14732	0	53	0	0	0	7	0	48	50	0	1505	0	8	0	73	24	724	0	0	217	2534	2409	0	16	56	0	81	0	0	43	38	9	27	0	0	0	35	347	24	0	1368	11	0	0	1263	4111	289	356	2227	10	23	195	0	1086	1062	569	0	25	4	8	4	0	0	65	1068	61	2	3	9	25	0	0	1	0	0	0	0	11	41	0	3	1	0	119
sim_meta-39	486	1	16827	4	65	0	0	0	46	0	52	39	0	1769	0	0	1	187	17	674	0	0	194	2695	2306	1	4	60	0	100	0	0	102	41	10	15	0	0	0	61	99	4	0	1330	4	0	0	984	3657	290	299	2253	25	6	350	0	943	1004	684	0	6	1	4	0	0	0	25	1132	23	1	2	86	23	0	0	0	0	0	0	3	4	22	1	0	1	6	129
sim_meta-4	434	3	17737	0	25	0	0	1	10	0	29	36	0	973	0	3	0	113	18	647	0	0	195	2277	2151	0	7	41	53	44	0	0	32	13	9	36	0	1	2	50	210	14	0	1265	14	0	0	1232	4526	231	391	2339	17	24	264	3	1214	1488	590	0	0	3	2	0	0	0	37	1030	80	0	2	73	45	0	0	0	0	0	14	1	1	15	0	0	5	0	103
sim_meta-40	381	0	17651	111	49	0	0	0	27	0	45	43	0	2362	0	3	0	187	20	648	0	0	163	2156	2021	0	13	39	14	105	0	0	33	53	16	2	0	0	4	32	147	19	4	1293	12	0	0	946	4430	202	397	2209	25	13	235	2	1085	1758	832	0	7	0	0	0	0	7	25	1263	50	16	1	42	54	2	0	1	0	0	0	3	4	36	0	2	0	0	173
sim_meta-41	293	6	12954	0	43	1	0	0	0	0	17	7	0	418	0	0	0	51	33	704	0	0	228	2090	2268	0	22	58	0	36	0	0	2	4	2	17	0	0	0	31	100	11	3	1221	0	0	0	325	3290	328	357	1929	0	10	281	0	616	208	322	0	0	0	0	0	0	0	27	1509	0	0	0	61	0	0	0	0	0	0	10	0	0	0	0	0	0	0	154
sim_meta-42	274	1	17772	26	17	0	0	1	3	0	59	41	0	2138	0	1	0	156	32	628	0	0	188	2203	2018	1	20	68	9	90	0	0	56	44	16	15	0	0	0	20	158	28	3	1299	5	0	0	1014	3713	284	360	2153	13	16	267	4	966	1194	741	0	0	5	3	0	0	0	35	1065	55	0	2	41	43	0	0	1	0	0	1	0	10	16	3	2	1	0	170
sim_meta-43	258	6	15252	4	15	0	0	0	1	0	50	28	0	1811	5	0	0	180	18	631	0	0	168	2675	2645	0	9	110	0	59	0	0	125	108	15	0	0	0	0	84	131	22	3	1431	3	0	0	756	3407	262	384	1979	10	0	207	8	676	547	668	0	0	0	1	1	0	0	90	1072	81	0	0	42	41	0	0	0	0	0	0	1	0	31	3	5	0	0	174
sim_meta-44	345	2	15088	64	50	0	0	0	5	0	27	26	6	970	0	0	0	112	23	738	0	0	205	2068	2422	16	20	17	0	108	0	0	12	3	2	13	0	0	0	57	157	8	5	1394	7	0	0	933	3900	281	511	2217	6	9	243	2	628	694	561	0	0	8	11	0	0	0	51	1204	69	7	0	41	9	0	0	5	0	9	0	0	6	0	0	0	1	0	189
sim_meta-45	423	1	16459	0	8	0	5	0	27	6	51	47	0	1568	0	3	0	135	15	691	9	1	201	2345	2243	0	0	22	23	150	0	0	23	25	6	16	0	1	6	49	148	27	0	1331	17	0	0	899	3858	294	368	2046	26	5	251	4	815	716	599	0	4	8	4	0	0	0	65	1170	106	0	0	47	21	0	0	1	0	1	0	3	0	14	0	0	0	0	132
sim_meta-46	736	17	21614	0	44	0	0	0	0	0	13	21	0	3185	0	0	0	69	32	755	7	0	220	2769	2696	0	0	78	0	56	0	0	91	13	7	73	53	7	0	30	1235	11	0	1213	24	0	0	2775	5233	336	347	2893	76	0	329	0	1401	1706	1126	0	0	9	4	9	0	0	73	1298	86	0	6	78	159	0	0	2	0	0	0	3	4	0	0	0	0	0	265
sim_meta-47	421	1	15509	3	56	0	0	0	16	4	30	24	0	1396	0	3	0	118	16	572	0	0	195	2189	1912	4	4	32	0	95	0	0	36	8	3	4	0	1	0	54	193	17	0	1375	5	0	0	1216	4176	330	545	2634	12	6	320	0	902	742	574	5	4	2	1	0	0	0	28	1236	26	1	1	84	24	0	0	1	0	0	1	2	25	42	0	0	0	0	155
sim_meta-48	283	1	16089	4	55	0	0	1	6	0	41	52	0	1247	0	13	0	134	30	624	0	0	184	2364	2133	0	17	54	0	111	1	0	51	61	16	8	0	1	0	44	209	23	0	1308	3	1	0	867	4189	293	657	2229	19	5	254	0	1033	1161	591	0	22	3	4	0	0	0	25	1238	41	0	4	34	37	1	0	1	0	0	0	2	6	63	1	1	0	0	178
sim_meta-49	229	1	13094	12	100	0	0	0	0	0	24	52	0	598	0	0	0	98	3	804	0	0	196	2363	2600	0	11	51	0	106	0	1	8	6	0	19	0	0	0	31	114	20	2	1600	2	0	0	352	3373	285	185	2130	23	0	184	3	625	672	370	0	0	5	5	0	0	0	0	1378	3	0	0	47	2	0	0	2	0	0	0	2	0	0	0	0	0	0	119
sim_meta-5	247	0	12056	0	62	0	0	0	0	0	38	39	0	1253	0	4	0	207	24	753	0	0	182	2313	2239	0	0	16	32	137	0	0	11	0	0	4	0	0	0	23	97	4	0	1341	10	0	0	829	3149	262	433	1871	13	0	268	6	794	615	557	0	0	7	2	0	0	19	23	1434	44	0	0	97	15	0	0	0	0	0	0	6	0	9	0	0	5	0	80
sim_meta-50	302	2	13503	4	71	0	0	0	0	0	31	49	0	975	17	1	0	94	21	563	2	0	165	2361	2423	0	7	23	13	147	0	0	27	2	0	2	0	0	2	30	181	28	0	1280	12	0	0	781	3651	325	472	2142	1	13	262	2	772	559	497	0	0	3	3	0	0	0	37	1441	53	1	1	69	16	0	0	2	0	0	0	8	6	2	0	0	3	0	140
sim_meta-51	365	1	16617	0	22	0	0	1	12	0	26	22	0	2051	0	8	0	129	24	685	1	0	187	2215	2195	0	17	94	0	99	0	0	40	42	8	24	22	0	0	57	334	8	4	1299	9	0	0	1087	3909	250	404	1977	25	7	193	10	1189	1248	831	0	0	1	3	0	0	0	18	1124	31	0	5	31	31	0	0	2	0	0	4	1	0	4	0	1	3	5	180
sim_meta-52	393	10	17366	211	20	0	0	0	0	0	59	58	0	1447	0	0	0	162	9	793	0	0	152	2617	2556	0	61	110	0	115	0	0	133	145	18	9	0	0	0	24	159	11	5	1372	10	0	0	1023	3896	224	732	1891	7	52	270	8	998	1807	823	0	9	3	6	0	0	0	94	1190	110	26	0	63	101	0	0	0	0	0	8	0	18	62	9	4	0	0	324
sim_meta-53	367	0	15297	50	61	0	0	0	9	0	41	64	0	1527	0	4	0	124	26	668	0	0	184	2341	2192	0	13	51	0	94	0	0	30	7	2	19	0	0	0	43	199	14	3	1286	5	0	0	1278	3985	313	332	2212	12	16	363	5	1038	1295	627	0	10	4	2	0	0	0	54	1327	63	13	6	55	45	0	0	0	0	0	0	4	11	8	0	0	1	0	192
sim_meta-54	412	4	17638	7	47	0	0	0	0	0	33	33	0	1720	0	8	0	117	22	628	0	0	164	2242	2214	0	20	76	13	73	0	0	80	86	26	10	0	1	1	28	262	14	2	1303	22	0	0	1125	4040	260	546	2034	31	12	234	3	1180	1273	736	0	6	1	1	0	0	0	53	1204	50	0	1	34	54	0	0	1	0	0	1	1	3	44	1	6	10	0	217
sim_meta-55	280	2	15743	20	25	0	0	0	0	0	30	30	0	1495	0	0	0	77	24	681	0	0	176	2577	2538	2	11	72	0	166	0	0	80	54	13	15	0	0	0	15	218	37	0	1338	4	0	0	726	3710	280	347	2049	7	2	250	0	720	719	574	0	0	1	3	0	0	0	40	1164	37	0	0	90	16	0	0	6	0	0	0	11	7	15	4	5	0	0	230
sim_meta-56	466	1	16161	58	44	0	0	0	1	0	38	41	0	1742	0	5	0	123	18	654	0	0	166	2376	2462	0	8	69	33	90	0	0	81	32	8	41	10	0	2	29	426	12	0	1403	15	0	0	1614	4270	303	382	2376	26	13	262	0	1107	1523	755	7	0	5	0	0	0	0	38	1445	74	9	3	60	100	0	0	0	0	1	0	1	0	0	0	0	6	0	204
sim_meta-57	347	0	15619	0	55	0	0	0	39	0	32	37	0	1629	0	0	0	171	13	641	0	0	181	2287	2175	0	3	3	0	146	0	0	35	49	6	5	0	0	0	61	156	15	0	1457	6	0	0	644	4187	289	634	2012	44	9	242	0	824	574	523	0	13	3	4	3	0	0	0	1208	2	0	1	25	26	0	0	3	0	0	3	0	0	41	0	1	1	0	226
sim_meta-58	334	0	15325	0	45	0	0	0	0	0	37	32	0	1177	0	0	0	116	2	752	0	0	204	2413	2455	0	18	53	0	120	0	0	23	42	5	7	0	0	0	72	277	24	0	1247	6	0	0	790	3569	274	329	2197	12	0	323	8	658	390	494	0	0	0	0	0	0	0	14	1161	10	0	0	49	13	0	0	3	0	0	0	1	0	7	2	2	0	4	105
sim_meta-59	491	0	15095	17	53	0	0	0	0	0	48	77	6	1964	0	0	0	85	16	688	0	0	203	2063	2461	0	0	52	0	282	0	0	42	74	14	18	12	3	0	15	438	67	1	1373	14	0	0	1202	4597	283	591	2709	31	0	249	0	1032	1340	807	0	12	4	10	4	0	0	22	1251	19	0	2	58	73	0	0	1	0	0	0	4	1	62	0	0	1	0	262
sim_meta-6	326	0	15505	45	65	0	0	1	21	0	47	53	0	1960	0	2	0	71	6	654	0	0	189	2530	1983	0	5	34	23	96	0	1	32	11	5	19	0	2	1	25	119	44	1	1219	9	0	0	550	3580	279	447	2114	4	14	255	0	842	1007	674	0	0	2	0	0	0	3	15	1238	41	9	0	25	31	0	0	0	0	1	0	0	0	0	0	0	1	0	124
sim_meta-60	459	5	18228	36	50	0	0	2	6	0	26	34	0	2454	0	2	0	143	34	695	0	0	188	2369	2212	0	16	96	16	112	0	1	84	33	10	22	12	3	0	16	557	21	0	1215	13	1	0	1777	4437	260	412	2425	26	8	247	2	1290	1701	950	0	5	2	0	2	0	0	55	1351	92	4	5	42	100	0	0	1	0	0	0	1	11	18	1	3	3	0	246
sim_meta-61	405	0	19002	2	69	0	0	2	10	0	29	33	0	2489	11	0	0	171	40	540	0	0	189	2402	1879	3	6	76	0	144	0	0	95	119	21	44	0	0	0	22	220	23	0	1250	4	0	0	1268	4209	314	542	2401	13	22	314	0	1273	1414	847	0	0	2	0	0	0	0	39	1204	39	0	1	67	39	0	0	4	0	0	0	1	0	0	2	0	1	15	155
sim_meta-62	375	0	14921	0	44	0	0	0	7	0	18	25	0	995	0	7	0	139	15	681	0	0	172	2323	2257	0	18	74	0	86	0	0	35	62	19	25	0	1	0	44	159	7	5	1348	8	0	0	1015	3778	308	475	2233	18	11	227	0	1188	1120	603	0	7	5	3	1	0	0	19	1094	20	0	0	53	24	0	0	1	0	0	0	1	7	46	0	1	8	0	163
sim_meta-63	309	5	14982	50	36	0	0	0	4	0	45	48	0	1775	0	1	0	154	22	722	0	0	196	2178	1967	3	20	68	6	96	0	1	76	71	22	7	0	0	0	19	105	25	0	1299	9	0	0	710	3784	315	617	2100	23	10	261	1	848	947	638	0	0	7	2	0	0	0	13	1187	29	14	1	42	27	0	0	0	0	0	0	0	0	0	1	1	0	6	164
sim_meta-64	325	0	15926	0	57	0	0	0	1	0	24	21	0	587	0	0	0	57	24	766	0	0	188	2173	1608	0	0	17	0	34	0	0	3	9	3	2	0	0	0	36	91	7	13	1341	5	0	0	1265	4179	311	523	2923	1	10	243	0	571	129	391	0	0	7	9	0	0	0	10	1074	15	0	0	56	0	0	0	0	0	0	0	5	16	55	0	0	0	0	80
sim_meta-65	334	5	17268	284	34	0	0	0	0	0	64	67	0	1900	0	0	0	139	2	698	0	0	166	2940	2609	2	31	97	0	89	0	0	32	11	9	19	0	0	0	38	272	25	12	1359	7	0	0	1206	3909	231	366	1934	0	29	227	10	981	2627	921	0	0	0	0	0	0	0	4	1255	1	33	1	60	63	0	0	0	0	0	0	7	37	0	0	0	0	0	334
sim_meta-66	332	0	15759	41	43	0	2	0	14	7	37	36	0	1494	0	5	0	148	16	718	0	0	186	2583	2290	2	12	89	0	118	0	0	43	86	13	6	5	2	0	37	232	11	5	1464	8	0	0	932	3931	295	314	2174	30	9	274	1	1360	1703	731	0	8	4	5	0	0	0	8	1382	10	6	3	68	34	1	0	0	0	1	0	2	4	23	0	0	5	3	159
sim_meta-67	308	2	16205	29	25	0	0	1	2	0	50	32	0	1626	2	0	0	148	22	712	0	0	185	2326	2028	0	32	80	2	129	0	0	58	52	5	26	6	0	0	36	213	20	8	1348	9	0	0	1078	3579	287	420	1952	12	9	264	3	1024	1103	704	6	0	3	0	2	0	0	30	1246	35	0	3	33	50	0	0	4	0	0	0	1	6	9	3	0	0	3	194
sim_meta-68	338	5	13020	1	37	0	0	0	7	0	25	39	0	951	0	9	0	151	10	684	0	0	193	2283	2131	0	22	49	29	77	0	0	42	0	1	16	0	2	3	42	140	25	0	1438	10	0	0	858	3741	288	441	1984	33	5	271	0	1094	1155	565	0	0	1	4	0	0	0	30	1267	66	1	0	42	54	0	0	1	0	0	0	4	1	0	0	0	4	0	115
sim_meta-69	352	0	14743	0	69	0	7	0	20	8	28	44	0	1457	0	0	0	143	20	592	0	1	187	2084	2018	0	13	23	0	114	0	1	19	57	10	1	0	1	0	24	93	10	0	1321	18	0	0	663	3854	292	642	2144	9	12	400	0	761	605	674	0	12	0	4	0	0	0	7	1186	13	1	1	70	9	1	0	2	0	0	4	4	0	38	0	2	0	0	225
sim_meta-7	420	0	16858	16	31	0	2	0	0	2	47	34	0	1946	5	4	0	151	26	702	0	0	182	2377	2140	0	21	78	1	124	1	0	76	75	20	30	3	2	0	31	228	21	1	1294	10	0	0	1375	3941	279	395	2013	37	11	199	2	1297	1608	826	0	10	5	9	0	0	0	49	1065	41	0	2	72	50	0	0	1	0	0	0	3	6	31	0	0	4	4	174
sim_meta-70	350	0	15317	0	44	0	0	2	40	0	52	61	0	988	0	0	0	38	9	591	0	0	175	2467	1854	0	10	43	0	93	0	0	16	14	3	11	0	0	0	8	104	39	0	1235	4	0	0	340	4205	320	263	2734	0	42	320	0	819	467	482	0	0	2	0	0	0	0	2	1440	0	0	0	23	0	0	0	0	0	0	11	4	0	0	0	0	0	0	134
sim_meta-71	354	0	15089	47	74	0	0	0	0	0	20	29	4	1896	0	11	0	83	17	647	0	0	194	2479	2348	0	0	45	0	202	0	0	68	116	20	8	17	1	0	29	220	29	1	1367	17	0	0	1036	4195	278	480	2367	29	4	241	0	1628	2026	897	0	10	0	2	3	0	0	0	1431	3	10	4	83	68	0	0	0	0	0	0	2	0	41	0	1	11	15	162
sim_meta-72	329	0	14871	14	34	0	0	0	12	0	23	31	0	1548	0	14	0	122	17	640	0	0	208	2131	2131	0	4	76	22	100	0	1	25	32	7	21	0	0	3	25	161	39	1	1413	9	0	0	976	3697	286	309	2147	10	14	185	1	1227	1508	712	0	0	2	0	0	0	0	35	1322	63	5	2	41	33	0	0	1	0	0	0	0	0	2	0	1	4	0	120
sim_meta-73	422	6	13590	1	11	0	1	0	11	12	56	67	0	899	0	0	0	70	11	707	0	0	207	2394	2604	0	10	29	0	99	0	0	49	75	15	25	0	2	0	28	192	23	0	1319	8	0	0	658	3538	279	503	1887	49	4	206	0	870	687	468	0	11	5	6	1	0	6	24	1159	9	4	0	49	12	0	0	0	0	0	0	1	0	58	0	0	3	0	105
sim_meta-74	468	6	17064	1	27	0	0	0	10	0	29	24	0	1853	0	2	0	111	42	750	0	0	184	2268	2228	0	15	83	7	122	0	0	86	9	4	54	17	1	1	7	552	27	0	1366	9	0	0	1551	3837	308	234	2247	66	16	191	0	1041	1077	749	0	0	2	0	6	0	0	50	1292	79	0	3	64	73	0	0	2	0	0	0	2	0	1	0	0	0	0	207
sim_meta-75	379	0	14932	0	39	0	14	0	50	26	37	61	0	971	0	0	0	104	29	662	0	0	178	2416	2253	0	9	10	0	96	0	0	0	0	0	17	0	2	0	40	109	24	0	1342	4	0	0	710	3255	299	600	1698	0	18	256	2	550	353	438	0	0	5	3	0	0	0	55	1223	60	0	0	65	3	0	0	0	0	0	0	0	0	0	0	0	0	0	114
sim_meta-76	293	2	15651	168	50	0	0	0	24	0	40	38	6	2210	0	0	0	150	5	791	0	0	185	2273	2315	1	21	89	0	57	0	0	58	46	8	23	5	0	0	32	272	36	6	1369	4	0	0	1087	3483	286	322	1930	9	22	335	6	956	1649	882	0	0	3	2	0	0	0	38	1294	32	23	4	35	66	0	0	3	0	0	0	0	9	15	4	4	0	0	308
sim_meta-77	471	1	13151	7	30	1	0	1	20	0	50	69	0	1450	0	0	0	64	40	796	0	0	177	2228	2049	0	0	25	0	114	0	0	36	2	1	19	0	0	0	18	32	9	0	1313	3	0	0	700	3337	231	237	1984	11	3	224	0	683	430	562	0	0	5	6	0	0	0	34	1252	37	0	0	71	10	0	1	0	0	0	0	1	0	3	0	2	0	0	134
sim_meta-78	400	3	17807	30	52	0	0	0	14	0	16	12	0	1462	0	5	0	132	26	577	0	0	201	2332	2133	0	21	90	0	74	0	0	75	121	15	19	0	0	0	16	194	16	3	1274	7	0	0	1413	4143	313	384	2255	9	27	266	1	1437	1779	756	0	0	1	1	0	0	5	46	1191	26	5	4	69	56	0	0	0	0	1	0	3	8	30	4	3	2	7	282
sim_meta-79	335	0	14556	48	19	0	0	0	0	0	27	41	0	1010	0	1	0	136	2	622	0	0	152	2417	2294	0	19	42	30	44	0	1	26	15	5	31	1	3	1	23	297	20	9	1355	11	0	0	1197	3728	267	293	1967	13	9	218	5	1053	1341	609	0	1	3	0	0	0	0	29	1115	64	3	2	44	70	0	0	4	0	0	0	1	8	18	0	0	1	0	169
sim_meta-8	259	0	12459	0	75	0	0	0	16	0	28	32	1	885	10	0	0	91	28	710	0	0	204	2310	2533	0	11	36	0	103	0	0	5	7	0	1	0	0	0	28	143	55	0	1431	1	0	0	542	2815	284	257	1865	7	0	262	0	654	405	465	0	0	5	8	1	0	0	50	1194	51	0	1	52	13	0	0	0	0	0	0	4	0	1	0	0	0	0	192
sim_meta-80	372	1	18924	13	40	0	0	0	0	0	36	53	0	4452	0	4	2	102	13	688	0	0	204	2409	2475	0	20	63	0	118	0	0	30	27	13	19	2	0	0	47	242	21	3	1339	6	0	0	856	3333	314	458	2071	24	14	287	0	1068	1140	1166	0	0	3	1	0	0	0	0	1248	1	0	0	98	7	0	1	0	0	0	0	8	3	0	0	0	2	3	117
sim_meta-81	324	2	19056	0	29	0	3	0	30	6	52	51	0	2564	0	10	0	226	12	631	0	0	220	2220	2255	0	0	64	0	89	0	0	55	5	1	12	8	2	0	79	468	19	7	1275	8	1	0	1561	4919	268	924	2677	54	8	307	0	1235	1201	901	0	10	0	1	0	0	0	64	1177	59	0	5	57	43	0	0	0	0	0	0	1	7	0	0	1	0	0	102
sim_meta-82	566	0	16403	101	32	0	0	0	0	0	40	64	0	1460	0	0	0	137	15	680	0	0	163	2625	2422	0	1	73	0	124	0	3	143	131	26	18	0	0	0	38	365	23	0	1256	5	0	0	1140	4740	303	297	2756	13	10	370	0	920	1302	632	0	0	5	4	0	0	0	81	1248	91	24	0	64	69	0	0	0	0	0	0	0	3	0	1	0	1	14	38
sim_meta-83	165	1	11049	0	21	0	0	0	0	0	7	8	0	170	0	0	0	189	24	552	0	0	228	1604	1343	0	0	0	0	37	1	0	12	0	0	7	0	0	0	34	22	86	0	1204	0	0	0	429	3849	331	944	1935	5	15	208	0	500	63	315	0	0	0	0	0	0	0	18	1644	5	0	0	20	0	0	0	5	0	0	0	0	0	0	0	1	0	0	256
sim_meta-84	502	1	17629	88	48	0	0	0	12	0	30	47	0	1612	3	0	0	143	19	660	4	0	176	2543	2250	0	16	52	0	81	0	0	60	52	12	24	0	0	0	40	155	19	5	1335	7	0	0	1062	4001	292	255	2491	20	25	254	5	905	1512	793	0	5	7	5	1	0	0	10	1107	14	17	1	35	42	1	0	1	0	0	6	5	17	50	0	1	2	10	176
sim_meta-85	441	0	16548	43	46	0	3	1	0	7	35	44	0	1298	9	0	0	105	12	709	0	0	181	2591	2469	0	23	75	0	122	0	0	33	81	18	27	0	0	0	13	220	20	5	1272	8	0	0	733	3562	312	345	1995	17	10	256	1	983	1132	617	13	18	0	4	4	0	0	21	1108	13	5	1	56	19	0	0	0	0	1	0	0	4	72	0	0	1	0	149
sim_meta-86	427	2	15696	82	63	0	1	0	11	5	38	42	0	1431	0	0	0	148	9	682	0	0	182	2415	2343	0	13	71	0	142	0	0	26	44	13	16	0	1	0	24	234	10	9	1367	6	0	1	1099	3968	250	476	2265	5	4	296	6	702	967	648	0	0	1	3	0	0	0	17	1151	16	13	1	77	23	0	0	3	0	0	0	6	10	8	2	1	0	6	188
sim_meta-87	252	0	15258	0	12	0	0	4	21	0	45	35	0	616	0	0	0	242	29	690	0	0	199	2525	2130	0	0	2	0	153	0	0	12	0	0	1	0	0	0	88	59	7	0	1227	5	0	0	893	3708	344	569	2189	0	8	285	0	531	169	396	0	0	0	0	0	0	0	0	1334	0	0	2	176	9	0	0	0	0	0	0	6	0	0	0	0	0	0	69
sim_meta-88	334	0	15550	107	33	0	0	1	11	0	27	43	0	2088	0	0	0	101	7	792	0	0	207	2409	2404	0	27	41	0	99	2	0	35	70	19	19	0	0	0	11	122	29	2	1481	17	0	0	631	2814	280	384	1610	15	11	124	1	946	1464	873	13	9	5	9	4	0	8	1	1152	6	10	0	37	35	0	0	1	0	0	0	1	2	53	0	0	0	0	227
sim_meta-89	398	7	15711	0	53	0	0	0	48	0	55	47	0	727	0	0	0	138	3	547	0	0	173	2427	2495	0	0	30	0	35	0	0	113	0	0	18	0	0	0	48	135	9	0	1436	9	0	0	775	3929	250	199	2770	101	15	264	0	654	358	384	0	0	3	1	0	0	0	0	1278	1	0	0	63	0	0	0	0	0	0	9	0	0	0	0	1	2	0	120
sim_meta-9	438	0	18506	48	57	0	0	3	8	0	64	41	0	1918	0	0	0	124	35	667	4	0	163	2257	1759	0	33	65	2	207	0	0	43	45	8	33	0	0	0	19	95	36	8	1246	8	0	0	1163	3852	226	295	2135	14	26	288	11	1262	1736	760	0	10	1	3	1	0	0	29	960	40	3	2	45	48	2	0	0	0	0	0	1	13	59	0	0	0	0	188
sim_meta-90	428	3	14949	0	34	0	0	1	3	0	29	17	1	1313	0	0	0	69	22	765	0	0	187	2339	2392	0	25	101	0	127	0	0	38	27	13	38	14	5	0	13	388	23	0	1314	7	0	0	1308	3235	319	519	1785	34	3	240	0	1018	1036	657	0	8	2	3	4	0	0	53	1234	90	0	4	64	76	0	0	0	0	0	0	4	1	43	0	0	0	0	226
sim_meta-91	313	1	14720	0	18	0	0	2	0	0	45	30	0	1286	0	0	0	77	23	786	0	0	189	2643	2702	36	17	70	0	78	0	0	12	6	2	17	8	1	0	64	375	9	3	1540	5	0	0	757	3369	304	213	2045	11	11	264	3	764	594	562	0	0	2	2	2	0	0	20	1214	18	0	0	44	18	0	0	2	1	14	8	1	12	0	0	0	0	0	162
sim_meta-92	365	0	11692	0	70	0	0	0	16	0	26	40	0	394	0	0	0	107	24	752	5	0	199	2331	2118	0	0	0	0	21	0	1	23	1	0	4	0	0	0	46	19	16	0	1326	2	0	0	532	3682	232	649	2292	2	9	377	0	655	394	307	0	0	7	3	0	0	0	0	1291	7	0	0	57	0	0	0	0	0	3	0	6	0	13	0	0	1	0	68
sim_meta-93	325	3	12502	2	53	0	0	0	0	0	23	38	0	771	0	0	0	103	14	674	3	0	197	2812	2599	0	0	0	0	75	0	0	4	8	0	1	0	0	0	49	31	27	0	1410	1	0	0	511	2789	301	234	1421	3	0	295	1	634	444	434	0	0	5	0	0	0	0	0	1134	8	0	0	55	2	0	0	0	0	0	0	2	0	1	0	0	0	0	103
sim_meta-94	372	2	17535	19	71	0	0	2	29	0	25	42	0	1649	0	6	0	173	34	604	0	0	175	2301	1941	0	6	74	0	142	0	0	59	38	10	21	2	0	0	31	207	23	9	1315	11	1	0	1271	4181	240	508	2349	17	10	298	9	1305	1560	708	0	7	4	1	0	0	0	33	1158	41	0	2	73	51	0	0	1	0	0	0	0	12	12	2	1	0	4	224
sim_meta-95	400	4	17255	0	43	0	4	4	10	7	40	25	0	1301	0	10	0	93	47	695	0	0	205	2468	2370	0	0	77	0	68	0	0	102	84	11	32	0	2	0	36	250	10	3	1237	11	0	0	1097	4197	275	517	2372	31	0	267	0	1011	892	704	0	5	3	1	0	0	0	100	1139	84	0	1	26	60	0	0	0	0	0	0	1	6	18	4	6	0	0	124
sim_meta-96	419	2	15365	0	52	0	0	1	9	0	27	44	0	583	0	0	0	82	19	644	0	0	211	2420	2147	5	0	10	0	114	0	0	50	107	17	9	0	0	0	9	117	12	0	1265	13	0	0	672	3567	308	387	2148	30	5	263	0	825	774	391	0	15	1	4	1	0	0	6	1203	12	0	0	51	15	1	0	0	0	2	0	0	2	58	0	1	1	1	170
sim_meta-97	345	2	17429	429	28	0	0	0	0	0	72	91	0	1670	0	0	0	208	21	719	0	0	153	2472	2402	0	57	139	0	128	0	0	117	92	30	23	0	0	0	10	192	12	20	1376	5	0	0	1429	3594	224	375	1659	0	48	283	15	875	2781	1040	0	0	3	0	0	0	0	67	1207	51	54	7	88	150	0	0	0	0	0	12	1	10	20	4	6	0	0	494
sim_meta-98	308	2	15391	9	16	0	0	0	11	0	34	31	0	3025	0	0	0	153	33	739	0	0	202	2245	2395	0	0	0	0	74	0	0	13	18	9	0	0	0	0	36	79	38	0	1397	5	0	0	446	3335	351	436	2053	3	10	243	2	808	734	913	0	5	8	5	0	0	0	0	1179	3	0	3	67	5	1	0	3	0	0	0	5	0	15	0	0	0	0	176
sim_meta-99	411	0	16458	87	50	0	0	0	11	0	81	71	3	1502	0	0	1	135	1	753	0	0	161	2673	2223	0	21	70	0	80	0	0	36	12	4	30	5	2	0	31	296	25	3	1481	4	0	0	902	3928	261	264	2317	10	7	234	5	821	1234	688	0	0	7	0	0	0	0	7	1252	17	7	2	22	43	0	0	1	0	0	0	2	7	0	0	0	1	0	227
