sample	amglyccycl	arylpolyene	bacteriocin	blactam	butyrolactone	cyanobactin	ectoine	fused	head_to_tail	hserlactone	indole	ladderane	lantipeptide	lassopeptide	microviridin	nrps	oligosaccharide	other	otherks	phenazine	phosphonate	proteusin	PUFA	resorcinol	sactipeptide	siderophore	t1pks	t2pks	t3pks	terpene	thiopeptide	transatpks
sim_meta-1	3.17636	31.53744	108.671825	0	3.34352	0	15.90506	3.19196	0	19.65368	6.34216	3.49603	28.163257	18.70894	0	80.525214	2.7098	32.605817	21.514566	2.02886	0	1.96727	8.75913	5.88931	0	26.56029	54.526485	3.34871	13.745107	80.09793	3.27127	5.42393
sim_meta-10	3.17825	28.19702	116.498927	0	6.67207	2.94309	26.9165	3.16014	0	26.406941	0	0	25.127423	9.305424	0	60.020708	0	36.674203	0	0	1.94088	0	0	11.01151	0.667258	16.987536	45.241563	9.678949	29.812607	93.365944	4.43393	2.98249
sim_meta-100	0	23.70082	105.248841	0	4.01665	0	8.746737	0	0	8.396833	0	0	30.87101	17.23128	0	187.67467	0	32.389354	5.23574	0	0	0	2.47551	12.7767	0	3.723317	94.200694	0	15.23881	120.086286	0	1.98186
sim_meta-101	0	15.81728	101.912839	0	2.08535	0	22.49161	0	0	30.096348	0	0	8.380914	13.24137	0	64.728662	0	33.093599	11.259159	0	0	0	4.81019	0	0.454584	15.160346	15.766483	0	13.184765	76.463754	0.390021	0.706669
sim_meta-102	0	36.98957	46.548482	4.42705	0.830603	3.18753	27.703306	0	0	32.096823	4.13124	13.42313	17.61863	7.875888	0	103.878201	0	24.149454	18.323641	0	0	0	3.25933	9.657191	0	11.712999	59.021723	8.88045	35.179578	112.554974	0	8.17779
sim_meta-103	0	16.60937	43.845301	0	3.60946	3.17576	19.32043	0	0	11.036823	0	0	52.04603	0	0	82.471212	0	18.256558	22.07929	0	0	0	8.60892	20.06029	2.6688	0.870826	57.604803	0	19.765067	74.467913	0	2.24665
sim_meta-104	0	26.423837	109.225863	0	2.85815	5.43717	30.80358	0	0	31.052965	0	1.27382	22.30168	13.76302	0	104.536023	0	40.803873	11.93173	5.32343	2.58842	0	8.12218	3.684567	0	11.10516	67.931155	0	16.20876	89.026534	0	0
sim_meta-105	0	46.49488	121.461967	0	0	0	3.83671	0	0	47.84099	0	0	0.553878	11.89361	0	58.129349	0	0.468152	18.49599	0	3.82032	0	13.37924	7.05044	0.519972	13.78191	22.841608	0	28.16748	101.975173	0	5.57545
sim_meta-106	0	25.06882	121.834015	0	0	0	22.52763	0	0	37.468859	0	0	15.831209	17.36607	0	33.0229242	0	13.224943	12.04948	0	0	0.769652	9.88739	2.20942	0	14.153284	18.991906	0	14.683345	87.728174	0	0
sim_meta-107	0.825021	34.11217	112.809377	2.45911	4.659997	0	27.263695	0	0	19.439106	2.65631	5.56017	10.958851	16.11383	0	71.377604	0	33.44749	6.456131	2.59475	0	0	1.78791	12.68809	6.38979	19.13127	33.820844	2.79501	18.44942	95.208541	0	3.8432
sim_meta-108	0	15.765823	134.435064	0	2.27418	0	23.403801	0	0	22.509279	0	0	6.244471	0.762108	0	51.319635	0	24.609334	10.76384	0	2.04408	0	3.8994	9.169452	0	16.227538	29.806009	1.01867	41.066609	140.047075	0	0
sim_meta-109	0	31.571274	104.967591	0	0	0.762697	32.50676	0	0	64.20572	0	0	8.279135	5.69355	0.637625	59.828346	0	18.72848	12.83725	0	0	0	12.03135	0	6.84243	15.15347	42.465886	0	4.47394	50.994145	0	0
sim_meta-11	2.31058	23.35327	102.468975	0	2.73522	7.3473	9.4149	2.27817	0	6.227253	4.93326	2.45824	10.250513	11.125104	0	95.603668	1.99511	27.923087	16.6531	0	13.70854	0	12.97462	2.61394	0.682519	31.523858	38.557192	2.45174	15.56482	109.168138	2.37913	0
sim_meta-110	5.86455	41.577068	95.187137	0	5.72034	0.306232	17.774327	3.64025	0	15.735447	0	0	39.102615	18.706882	0.30259	94.635635	0	18.272799	15.506942	0	1.194594	0	11.261102	8.88756	0.826858	26.274766	45.664076	7.21508	16.098112	72.747485	3.748128	6.15517
sim_meta-111	0	37.772667	107.426475	0	0	3.0172	29.2977987	0	0	10.757548	2.33765	1.08964	5.7159	4.74556	0	113.737508	0	19.247914	19.250782	0	12.93844	0	15.449469	9.94029	2.52926	27.285386	40.191696	0	24.7014	85.078675	0	7.04498
sim_meta-112	0	26.26958	100.880861	0	0.83139	3.682	42.490673	0	0	13.241051	0.860671	1.06316	12.341915	9.757279	1.767642	66.959373	0	19.0351	8.675116	0	3.055513	0	7.24904	5.10757	0	15.55031	23.668068	0	22.515643	73.066473	0	4.96277
sim_meta-113	0	15.961173	127.930317	0	0	0	18.208979	0	0	19.188805	0	6.28313	32.198561	17.647132	0	129.788902	0	28.879928	16.28059	1.37888	6.170787	0	2.81568	4.74901	0	8.049234	98.300504	5.604517	24.004395	79.483149	0.439377	7.463346
sim_meta-114	2.55863	21.078385	108.559473	0	3.86876	0	32.11717	0	0	27.522455	2.25978	2.29071	22.36493	4.225301	0	104.749951	0	25.194805	18.20958	2.14039	0	0	7.21763	9.528835	0	20.2685265	57.2199666	2.29071	12.989258	91.3704763	0	7.04585
sim_meta-115	0	31.618505	84.307426	1.50485	1.40317	2.2068	27.54292	0	0	6.782613	1.81576	3.23527	15.53252	2.508626	0	69.21813	0	24.38194	15.662836	1.70675	0	2.87692	7.558616	9.017257	0	18.581646	43.792552	3.505844	24.229063	121.388744	0.977389	0
sim_meta-116	0	25.467237	106.043201	0	5.34641	0	19.473338	0	0	19.574608	0	0	12.657352	9.505234	0	90.676565	0	40.330758	16.362611	1.65278	5.799403	3.70362	12.072323	11.49636	1.248784	16.0456582	25.355465	0	22.284431	96.555131	0	13.585006
sim_meta-117	0.776851	22.279271	105.608122	0	2.808388	0	26.127675	0	2.24645	12.968438	0	4.42	42.682419	7.415007	0	54.252744	0	19.992103	10.911078	2.21095	5.878249	0	2.84046	4.668224	5.329571	8.934584	35.11414	2.19073	29.424565	101.675441	0	5.42462
sim_meta-118	0	22.7083	174.83316	0	7.3099	0	8.7266	0	0	49.19995	0	0	23.42188	27.12786	0	145.2918	0	24.194628	6.47316	0	1.36339	0	2.39038	7.86031	0	26.24591	85.8939	0	42.09251	156.011301	0	0
sim_meta-119	0	19.43732	68.752734	0	0	0	25.265914	0	0	22.188449	0	4.5864	23.53171	9.10766	0	72.180204	0	29.38513	31.09691	0	0	0	10.28472	1.45054	0	22.55469	66.603749	4.5864	14.75227	46.71026	1.53772	4.47209
sim_meta-12	0	21.36688	97.235082	0	0	0.262032	29.87393	0	0	27.71795	0	0.269896	0	7.303537	0	95.174209	0	33.6815	6.69885	25.4203	1.78153	0	4.89375	5.156702	0	7.80166	16.735859	0	33.47344	64.364238	0	0
sim_meta-120	0	21.611136	69.971929	0	0	0.881148	14.23956	0	0	20.973126	0.863362	1.998044	19.457422	10.987288	1.685154	48.40229	0	24.877914	14.244341	1.61431	2.98561	0	7.4832	11.632496	0	18.085501	37.414751	0	17.743157	74.205766	0.377082	0
sim_meta-121	0	24.26055	105.677834	0	0	0	16.110334	0	0	31.740829	2.40401	2.68192	29.317181	11.091191	0	155.022367	0	41.018408	12.76872	3.56198	5.94698	0.980116	9.70347	8.52938	0.207624	19.338246	83.34726	0	23.910114	104.594066	0	8.9628
sim_meta-122	3.30085	27.112723	107.65839	0	5.982841	0	17.154741	1.60678	0	13.197566	0	1.96826	48.180104	11.900999	0	125.848933	0	36.677086	16.134117	3.19608	0.606467	0	2.23453	10.27916	3.18396	13.887521	58.62565	4.74615	21.131512	93.855106	1.5722	15.77511
sim_meta-123	0	37.51771	86.275482	0	0	0	22.51872	0	0	25.281963	2.15479	1.08104	22.45718	5.123905	0	138.967587	0	20.623763	6.94686	0	0	0.313185	5.54767	10.30404	0	18.627895	79.531641	1.08104	7.16627	105.10963	0	5.68247
sim_meta-124	3.31465	32.3928	84.317406	0	5.2361	0	14.873638	0	0	28.22334	0	0	32.62826	12.92896	0	108.01074	0	39.40644	8.95868	0	0	0	1.79226	0	1.21258	13.5556	20.798562	0	27.68492	66.857121	0	21.84937
sim_meta-125	0.370419	30.059845	102.887562	0	1.471788	1.03002	17.654714	0	0	30.051913	1.30875	0	10.86056	7.785694	0	82.102792	0	24.596192	17.071244	0	4.16819	0	9.276971	7.225988	3.292024	12.01768	26.538832	0	32.962848	104.736779	0	6.3394
sim_meta-126	0	31.41143	88.206675	0	0	2.73593	37.904325	0	0	28.605049	0	0	1.5315	17.318822	0	82.083151	0	22.282839	4.589058	4.62654	0	2.90664	4.589058	5.7349	0	17.452616	19.038639	1.15465	17.578564	82.344602	0	0
sim_meta-127	3.44276	32.48233	104.37818	0	3.08586	0	15.89028	3.18357	0	26.19689	0	0	10.05061	17.47809	0	72.96561	0	3.54192	15.11466	0	1.56322	0	10.38624	11.52202	3.92559	23.5952	55.07245	6.9678	29.82248	93.908174	3.17351	3.65725
sim_meta-128	0	23.937198	88.2871622	0	4.6635	1.963584	22.174914	0	0	17.994872	0.689015	1.282359	26.177623	4.889549	0	72.911989	0	19.877198	10.894953	0.975159	4.559663	0	5.547223	10.454323	3.99308	19.194088	28.784999	0.967715	29.541396	100.904476	0	3.068744
sim_meta-129	0	21.58805	54.806339	0	3.64018	6.51046	5.949313	0	0	41.032401	0	0	2.31491	14.86486	0	27.262731	0	29.198959	12.25369	0	0	0	9.56256	17.04112	0	19.0731	29.733089	0	23.865175	90.469998	0	0
sim_meta-13	2.8707	44.750004	112.497302	1.92764	5.078215	0	17.001601	0	0	27.40913	1.8123	7.0215	26.66161	2.261023	0	73.666467	0	23.719461	12.212684	0	1.773007	0	6.521464	10.5042	0	18.983575	54.2356	5.31848	36.785585	120.416737	0	8.02002
sim_meta-130	0.853269	24.300114	74.401564	0	0.828127	0	23.094694	0	0	14.972456	0	1.01482	17.241081	7.043991	0	44.666219	0	43.688777	14.185265	0	5.501187	0	8.588523	5.200484	1.715077	7.963768	46.021	0	36.372761	107.676609	0	0.881487
sim_meta-131	0	26.2457	164.176267	0	4.52087	0	22.32625	0	0	41.687011	0	5.70477	45.34814	13.421825	0	124.433955	0	30.91009	6.912533	5.41678	9.40972	0	0.962653	19.30234	0	16.97373	56.664543	5.70477	26.96415	96.630842	0	5.83162
sim_meta-132	0	36.278442	162.069222	0	2.51655	4.740678	22.489752	0	0	14.903723	0	1.80992	18.080581	8.901489	0.352172	69.582925	0	19.927409	14.023742	0	4.608183	5.528578	10.55888	7.872413	0.291377	15.715427	31.801708	1.80992	18.539948	89.935726	0.415459	1.69699
sim_meta-133	0.595197	35.032092	107.498472	2.95462	1.502105	1.11285	18.886154	0	0	23.553151	5.20696	6.18179	26.845216	19.44979	0	114.814743	0	37.66201	18.775345	1.96723	0	0	10.56264	4.630891	2.20827	18.780521	37.81595	5.6673	26.440948	99.857947	1.502891	13.88341
sim_meta-134	0	9.7088	177.692858	0	2.88551	0.878179	13.99374	0	0	19.875577	1.92326	0.624307	14.083193	11.04047	0	85.319472	0	7.917982	4.49833	0	3.39636	0	0	4.696235	0.910517	9.691882	40.684782	0	25.71033	99.970977	0	4.27031
sim_meta-135	0	20.254621	111.881039	0	0	0	12.24767	0	0	47.547402	0	0	29.552432	0	0	97.402573	0	12.436067	15.180146	0	6.684084	0	9.874612	9.59274	0.462254	29.403772	47.708241	0	18.4125	115.408447	0	0
sim_meta-136	0	47.802665	94.008072	0	2.31521	0	17.631889	0	0	7.913676	0	0	9.50682	3.59582	0	37.805324	0	13.37459	7.122255	0	0	0	5.067975	21.6219	0	19.18318	48.000088	5.64981	16.7455	95.15645	2.78499	0
sim_meta-137	0	41.231241	67.224506	3.28675	0	0	36.726156	0	0	23.152525	3.37318	7.02908	24.802173	0.940151	0	44.226369	0	21.437355	7.979208	0	4.34722	0	4.60881	16.81437	0	22.171517	28.494633	4.138635	23.41985	103.912653	0.386952	0
sim_meta-138	0	41.808184	85.853418	0	3.626355	0	17.751697	0	0	30.547389	0	0	20.048584	19.670348	0	114.199821	0	34.569374	14.059781	3.99326	3.158786	0	6.734091	3.687571	2.43017	21.997775	27.010539	0	16.89993	68.904382	0	16.8288
sim_meta-139	0	29.700222	114.43956809	0	0	0	15.274362	0	2.64523	36.348332	5.18052	3.10087	16.6937	17.308959	0	118.172467	0	33.422255	6.821463	0	11.503322	0.769467	5.826549	6.88782	0	18.508994	64.088018	0.439957	21.785747	97.9425121	0	13.46043
sim_meta-14	5.7525	26.185384	129.67392	0	0.735043	0	11.119259	0	0	14.994523	0	5.08867	67.00554	1.533584	0	80.376179	0	27.692977	23.0716	5.35472	0	0	11.6441	12.99191	0	26.30867	71.095944	10.16103	41.188009	130.816642	2.63622	5.66668
sim_meta-140	2.539	39.25095	119.543783	1.52141	7.520029	1.40064	20.623419	2.42973	0	18.122085	2.176287	3.37238	19.543491	13.830407	0	93.676373	0	27.018273	4.425898	1.60371	3.621513	0	2.146618	4.786316	0.376052	19.865835	46.168109	6.39809	19.644221	93.518031	2.4272	9.05382
sim_meta-141	0	31.104462	75.354115	0	1.93394	0	30.927841	0	0	46.4987492	0	1.0627	13.786538	3.881483	0	88.612129	0	18.320519	7.319204	4.72721	3.96751	2.51347	2.134414	7.55649	1.79646	6.84917	23.5485	2.065127	23.036034	108.130161	0.560783	1.81409
sim_meta-142	5.097584	18.780058	161.3886462	0	14.698825	1.237839	12.867956	6.53213	0	7.747577	7.58702	4.970737	34.3273977	8.942023	2.177687	127.3280334	2.30292	27.5399244	9.970602	0	3.112606	0	2.363412	2.692455	0.100468	11.701197	85.9371937	7.04366	26.602443	132.3695785	4.771907	4.61724
sim_meta-143	2.514441	16.228993	130.461412	0	5.943969	0.299599	20.699807	1.37212	0	9.6320362	3.455813	1.2193	28.863384	10.951645	0.386993	104.21898	1.0145	35.724633	16.452706	1.54847	0.850888	0	5.994833	2.633968	4.359984	9.730228	53.666944	3.49725	23.644195	115.318734	2.53707	3.99399
sim_meta-144	8.79141	15.5647	151.054773	0	8.64519	0	19.82334	4.37627	0	8.25152	0	3.37661	56.1805	1.62071	0	117.80969	0	26.51492	11.16728	3.5356	7.85696	0	0	8.40261	10.3831	17.7599	73.82637	11.82476	32.698	120.24841	6.09192	13.56294
sim_meta-145	0.568453	20.027221	109.923332	0	0.567567	0	31.927064	0	0	23.766066	0.792314	0	15.71718	27.516291	0	76.942358	0	22.897635	10.979032	0	5.251495	3.939672	1.15454	6.936788	0.972859	3.7200395	27.193004	0	21.343897	96.437004	0.120976	7.58251
sim_meta-146	6.49227	31.302433	116.709887	0	7.90051	11.34306	20.47206	0	5.44587	11.01949	0	8.25508	25.80252	2.98482	0	92.13573	0	28.805374	32.46813	0	12.01086	4.66284	24.26451	9.327093	0	28.44646	50.182074	2.35733	14.36717	71.222285	0	10.84165
sim_meta-147	1.69179	34.617752	80.536895	0	1.78903	0.552035	11.643408	0	0	31.495112	0.811708	0.604705	24.807979	13.571775	1.418558	114.714031	0	29.64127	19.570495	0	4.23545	0	7.653694	12.27412	2.420544	13.990846	17.880387	1.700816	27.049746	89.512601	1.1477	17.89936
sim_meta-148	0	14.73247	70.198925	0	0	0	36.05565	0	0	14.712072	0	0	32.38494	0	0	23.05113	0	17.22244	24.19028	0	0	0	11.04378	3.05154	0	24.377535	24.800638	0	23.33915	32.69801	0	0
sim_meta-149	0	30.690944	134.9466866	0	1.686973	0.223555	20.857506	0	1.68875	12.172076	0	3.168227	24.588987	12.580973	0	71.115602	0	24.151901	18.607879	1.36171	5.51048	0	5.92704	14.217906	0	8.994808	44.131428	1.22648	20.234154	100.600756	0	3.81657
sim_meta-15	0	44.2432329	70.660463	0	0	1.19969	7.81642	0	0	23.876586	1.3213	2.33706	10.055893	15.189516	2.27749	53.015751	0	19.475418	8.594442	0	1.321043	0	4.407531	5.5279399	0	9.883443	21.169429	1.33386	13.69455	74.148501	0	0
sim_meta-150	0	32.15157	62.986176	0	0	0	3.33695	0	0	23.685051	0	0	6.739	4.0587	0	82.797477	0	1.8473	8.82127	0	4.40604	0	8.82127	3.97651	0	5.46442	15.320912	0	17.01741	86.04398	0	0
sim_meta-16	0	22.14187	63.213036	1.58692	1.33285	0.305954	25.898683	0	0	10.31916	1.44543	3.416611	33.567618	14.702218	0	95.753289	0	38.663399	4.72602	5.72034	1.61079	0	0	4.856026	0	9.75216	55.385425	1.58439	24.187832	116.020059	0	0.447613
sim_meta-17	0	12.28252	106.857686	0	8.016393	7.91917	43.07622	0	0	22.255147	1.1733	5.69268	23.688858	30.979275	2.5627	109.315831	0	50.889449	2.146529	0	3.05866	0	0	0	0.721936	15.862886	67.297879	0	16.5904	103.510417	0	3.95457
sim_meta-18	0	29.131157	105.856188	0	1.781331	4.157498	20.338997	0	0	22.424411	0.521885	1.16315	11.479652	15.610476	0.281688	73.915809	0	15.117565	17.591994	3.96977	4.56939	0.359785	12.59988	12.915638	0	23.0707835	40.214715	1.16315	22.508168	103.545139	0	1.30076
sim_meta-19	1.40588	37.08758	85.9673	0	1.24725	0	28.12006	0	0	36.386355	8.56983	0	19.07279	9.10688	0	169.19684	0	39.61997	5.96508	0	0	0	4.5592	0	0	21.45283	80.128723	2.74043	10.51594	83.581303	0	16.59892
sim_meta-2	8.43548	42.73825	57.549848	0	7.87089	0.277782	11.70127	8.48886	0	6.465683	0	0.196774	42.6637	11.936736	0	133.569443	0	19.65155	10.99103	0	0	0	3.98424	15.53576	2.78979	14.859788	58.956653	16.96605	31.22201	79.644885	8.77655	32.93176
sim_meta-20	3.61142	30.626812	97.303646	0	4.50123	2.858275	25.175573	3.06226	0	28.356881	7.413495	5.215529	45.057058	8.919935	0.799462	146.824101	2.425	38.104522	13.784198	0	2.891046	0	6.496027	11.22414	0	23.307488	91.915892	6.62494	27.501853	109.339447	3.884007	3.423792
sim_meta-21	2.12573	29.206077	136.570922	0	4.24729	1.820336	23.3347	0	0	27.745643	0.879813	3.296593	30.612711	15.542714	1.496025	80.706793	0	25.63098	8.463909	2.34372	1.23966	3.92049	1.08389	7.243022	0.211272	14.716455	34.860964	2.898862	15.715038	104.8979027	0	2.14714
sim_meta-22	0.905393	32.070232	110.677512	0	0.762438	1.34368	13.249853	0	0	1.858763	0	0.976485	5.698232	6.73988	0	58.872142	0	44.790372	11.225337	0	1.70753	0	9.37896	11.981744	0.582756	9.739901	34.539461	2.04636	26.655446	91.044871	1.24062	0
sim_meta-23	2.83978	31.33672	98.282484	0	0	2.1997	19.951289	0	0	18.074434	1.8574	0	20.112091	15.443893	0	87.074496	0	54.116796	11.830057	0	1.755146	2.037883	5.35474	8.07305	0.776598	26.176261	40.820732	3.66382	20.739414	116.205694	2.777337	0
sim_meta-24	0	20.987408	179.695647	0	0	0	7.940837	0	0	17.830804	0	6.49675	42.64541	10.073766	0	181.182246	0	36.45305	12.72794	0	0	0	6.24668	15.26233	0	17.451319	108.1544	6.62338	23.174438	103.022918	0	6.48126
sim_meta-25	4.54061	28.758787	136.292308	0	4.45694	3.08952	7.004808	4.26986	0	6.095514	0.90673	4.19438	44.16348	12.75594	0	85.715464	0	18.972596	27.981511	4.14753	3.05385	0	10.974251	17.74485	0	31.401849	64.013456	13.500926	20.621324	138.435116	4.04079	8.92981
sim_meta-26	0	31.30127	120.23942	0	0	1.40135	19.26905	0	0	13.52057	0	0	22.35389	2.5732	1.35906	57.31977	0	7.58665	1.36833	0	0	0	0	4.78624	0	1.50199	3.28129	0	11.0372	66.38377	0	0
sim_meta-27	2.164463	28.086507	137.895651	0	2.021037	0.923024	27.791993	1.57553	0.354236	40.902299	3.61272	2.98976	30.220839	1.627598	0	138.627559	0	25.868486	15.525224	2.2934	9.218307	0	9.661674	3.12611	0.154297	24.427215	77.562364	5.34546	19.873564	121.1228375	1.49642	15.021389
sim_meta-28	4.06439	27.297033	163.17361	0	4.12799	0	8.827626	0	0	17.882137	0	3.56889	3.46636	5.76677	0	71.56418	0	19.01389	11.88122	0	3.8328	0	3.41065	2.80983	0	39.403425	19.68398	0	11.26533	72.58842	0	0
sim_meta-29	5.26783	13.41809	124.89107	0	5.54115	0	8.2096	5.22537	0	11.59448	10.40766	10.34933	29.14079	12.336016	0	94.66329	4.27019	18.45518	18.72976	6.33129	0	0	11.24155	10.83832	1.1912	14.8622	74.25326	5.14296	27.867136	107.63157	5.2416	0
sim_meta-3	0	44.11029	79.321976	0	0	0.398526	20.76163	0	0	4.71172	0	0.206369	37.48468	10.453885	0	55.318773	0	63.034561	8.582825	4.28802	3.24098	0	4.28249	11.002043	0	21.85241	53.487008	0	19.01947	112.426871	0	0
sim_meta-30	0	32.83585	60.79414	0	2.49459	0	5.91815	0	0	10.1854	0	0	32.374173	4.61956	0	38.790198	0	8.7585	24.98531	0	6.35088	0	10.30332	5.79936	0	22.90178	18.52658	0	27.00466	75.782797	0	0
sim_meta-31	6.30226	24.899663	76.852362	0	3.82847	1.837557	22.68217	4.01753	0	21.875783	7.27935	3.75635	27.394039	0.362065	0.330626	68.815954	3.11771	21.005102	13.755581	0	4.947565	0	5.66228	9.29938	0	21.07255	47.585941	3.49163	12.719375	108.245201	3.73121	4.406072
sim_meta-32	2.132342	33.398158	93.77341	0	2.130114	0	22.825103	0	0	20.5479169	1.80417	0	12.948421	4.365555	0	79.588427	0	36.38875	16.634468	0	2.239494	0.490383	5.67119	10.82275	4.808453	9.009464	30.478775	1.394	33.980689	110.120899	0	4.06592
sim_meta-33	0	40.381255	61.1421568	0	0	0	15.518937	0	0	32.651693	0	2.2108	17.8375	4.24475	0	100.413685	0	32.696413	21.155733	0	3.577861	3.9178	13.879472	5.740925	2.13426	10.844771	30.293733	2.2108	33.400416	107.902034	0	11.33259
sim_meta-34	1.19758	41.955754	165.512973	0	2.8873	0.582817	23.060675	0	0	34.145021	0	0	11.274867	5.09619	0.49621	30.863847	0	27.424997	8.114633	0	5.40921	0	6.29262	4.81311	0	19.971476	6.292524	0	33.139633	115.62684	0.383297	2.58585
sim_meta-35	0	29.663968	119.1254578	0	1.97181	0.318142	19.973697	0	0	24.539601	0.434864	0.370574	10.875858	7.045187	0.710236	66.863003	0	17.100696	11.803675	0	4.730824	0	7.997173	5.347999	0.359499	14.002831	26.128283	0	33.524578	120.477131	0.933111	3.941531
sim_meta-36	0	15.585062	93.2574997	0	0	2.09583	15.601662	0	0	17.816585	0	0	15.8884	18.40781	0	62.935377	0	12.510322	13.13639	4.64659	8.53483	1.31881	3.59354	6.208614	1.49534	7.780888	31.652518	1.0996	15.321944	109.283159	0	5.42938
sim_meta-37	1.69348	14.189407	111.9049092	0	8.073157	0	13.800718	0	0	44.74713	0	0	19.606572	10.656902	0	47.7172073	0	18.3491025	17.594052	0	2.895688	0	2.67759	15.1193	1.992985	18.339438	34.373099	0	29.836293	123.2488671	0.548461	1.95377
sim_meta-38	0	22.246025	89.9736	0	0.844521	0	57.793557	0	0	10.889541	0	0	4.19803	16.165755	0	27.04287	0	9.15666	13.025195	1.30505	2.6404	0	7.08907	13.79906	0	15.20348	18.812729	0	16.795486	150.844102	0	0
sim_meta-39	2.42502	30.398848	46.135653	0	1.40287	0	19.322604	0	0	10.376512	0	0	20.135626	13.032	0	104.164713	0	20.7105	14.19636	0	0.660321	0	0	8.565733	0.509888	9.759931	29.913477	0	21.44145	82.302269	0	10.4158
sim_meta-4	1.59856	26.102059	136.894118	0	2.853182	0	12.606862	0	1.62488	12.743573	1.40182	6.50496	34.418119	16.512641	0	110.444699	0	23.100139	11.463008	3.56963	3.16342	0	4.79782	7.78023	0	15.420755	50.237201	3.81538	31.117222	95.047524	0	5.94937
sim_meta-40	0	42.800711	92.655196	4.75207	0	5.898739	22.538427	0	0	16.39787	7.60414	9.27802	10.270885	11.308551	0.54713	91.561312	0	13.224677	20.638091	0	5.719747	0	19.24868	7.747357	3.16387	32.008081	35.485622	5.211157	21.245711	93.915326	0	9.18372
sim_meta-41	7.01601	28.324726	91.9601	0	6.61587	5.0005	16.3153	6.29511	0	11.631019	0	0	13.846299	0.879218	0	76.260215	0	18.24968	9.317568	0	1.883113	0	4.75163	5.18256	0.951917	27.14989	70.945213	13.38324	18.89544	88.354701	6.32797	6.88455
sim_meta-42	0	40.32176	91.908583	0	3.873979	0	23.049513	0	0	23.0325	0	0	19.44232	6.129	0	71.815108	0	42.84876	12.094693	1.291104	0	0.520768	7.43148	5.814625	0	12.753199	33.833784	0	21.188763	85.356357	0.218371	0
sim_meta-43	0	29.287037	70.51894	0	3.89049	0.859009	13.605682	0	0	10.580231	0.945652	0.899131	10.893223	5.601366	1.884612	58.346759	0	14.095552	16.6256	0	3.396014	0	10.185347	3.47437	0	20.617995	17.929199	0	16.321331	112.431882	0	2.28196
sim_meta-44	1.00864	44.318962	114.587614	2.46656	1.718987	0	30.075646	0.708541	0	19.174046	2.27627	5.836031	22.129395	6.094177	0	71.680696	0	23.433348	14.851764	0.605038	0	2.36377	10.387685	16.381335	2.40889	23.523762	37.511083	6.442706	32.395626	93.246601	1.444905	1.575929
sim_meta-45	0	48.34153	88.542934	0	5.58448	0.550804	14.601705	0	1.10008	28.240635	0	1.508306	8.572577	10.863381	0.153747	90.646172	0	14.865256	10.713253	0	11.30889	0	7.04815	7.452707	0	19.248001	19.668827	0	9.979254	126.636381	0	4.301841
sim_meta-46	0	15.23559	76.507956	0	2.15385	1.57643	16.54486	0	0	14.163401	0	1.02638	10.53419	11.52426	0	60.75066	0	16.80104	12.22472	0	0	0	8.67201	3.360189	0	10.21412	17.143925	0	15.55383	81.190668	0	10.72489
sim_meta-47	0	25.777136	101.7929111	0	1.745899	0.102256	19.846857	0	2.31184	33.104168	0	2.4815413	12.004925	7.762599	0	63.725361	0	24.619637	12.33113	3.44803	7.22955	0.434028	10.80674	4.9366694	0	20.099125	17.705894	0	24.29552	105.4898535	0	3.65611
sim_meta-48	0	20.143742	97.918978	2.12838	1.4445	0	40.807209	0	0	24.331342	2.38749	5.90134	17.454475	13.41762	0	79.040748	0	22.248255	13.042501	3.63525	0.251006	0	9.75296	6.472838	1.58659	12.123013	54.981297	4.38713	22.383466	104.329365	0	3.08214
sim_meta-49	8.62557	13.855139	137.363831	0	8.54028	0	16.467931	4.95649	0	17.96159	0	2.24287	40.191385	21.82725	0	122.888103	0	29.362128	17.13672	8.64547	3.72942	0	5.29372	5.863235	0	15.048587	79.235917	12.73484	27.576051	99.604517	4.82938	8.86628
sim_meta-5	0	29.308447	131.675634	0	0	8.42244	20.46538	0	1.77265	20.814197	2.68959	1.95465	32.26235	11.847882	0	140.293239	0	31.380898	19.170739	5.21512	4.762094	1.04367	11.0203	1.68692	0	18.383331	89.11153	0	24.138603	77.692225	0	8.04757
sim_meta-50	0	33.368953	86.609713	0	1.34704	1.727475	16.842398	0	0	21.204818	0	3.2356	27.167022	10.402021	0.565704	89.396591	0	30.10568	17.868035	1.72598	4.850697	0	7.35564	7.42075	0	10.584217	56.350739	3.2356	22.028483	114.34324	0	11.904917
sim_meta-51	1.2844	39.131639	107.768117	0.829702	2.227681	0	8.6823659	1.61804	0	20.65902	5.462921	3.05653	22.773275	8.534947	0	85.977399	1.21053	27.817768	14.81992	2.566075	0	0	10.06684	10.87475	1.91862	29.080529	53.051221	2.282178	22.772631	90.180002	1.805169	2.78756
sim_meta-52	0	40.148912	86.355109	0	0	0	10.851752	0	0	18.045577	7.9306	0	25.709227	23.851952	0	125.655936	0	18.329888	2.40817	4.66917	8.70328	0	2.40817	0	6.9951	9.00355	35.134435	0	15.659123	63.246353	0	12.71008
sim_meta-53	0.595599	36.08156	83.582881	0	3.217262	1.690589	26.006288	0	0	14.10098	0	2.31119	13.722643	6.086169	0.604884	92.331616	0	21.15455	17.568721	0	4.243515	0	9.86683	6.24316	0	19.201568	50.937799	3.247074	17.018603	96.101102	0	4.146352
sim_meta-54	1.594442	16.647788	142.6014831	0	4.38749	0.348539	20.260496	0	0	28.803358	0	2.900933	16.155724	10.149613	0	83.1126116	0	17.199787	20.861042	0	5.180759	1.113	6.265444	5.252687	0.2040877	7.760225	46.312368	1.65315	26.942842	122.6367995	0.227188	2.62941
sim_meta-55	0	25.258382	86.128415	0	0	2.8942	15.764615	0	0	14.485009	0	0	2.856607	14.56594	0	77.982653	0	29.198456	10.03302	0	2.062521	4.08467	2.73166	3.138245	7.27409	12.820932	16.453278	0	31.17164	121.571106	0	10.93865
sim_meta-56	0	27.88054	136.780698	0	2.08264	2.90658	36.07255	0	0	27.215443	0	0	13.2847	4.157198	0	62.529786	0	10.183489	7.230181	0	1.67002	0	6.3849	8.32843	0	9.71996	12.62138	0	21.12817	117.11856	0	0
sim_meta-57	0	32.60009	145.399747	2.15572	1.89823	0.580395	16.957079	0	0	18.514454	2.23563	8.66643	29.196949	18.098757	0.660656	174.571409	0	29.14696	16.714372	0	12.25137	0	10.37914	7.07739	0	14.94831	95.545691	2.07794	15.205886	110.964233	0	0
sim_meta-58	0	26.919629	75.595337	2.17308	1.88355	1.21348	45.650032	0	0	27.682851	2.23023	4.45626	8.51707	24.24895	1.22804	49.24983	0	12.59063	17.40378	0	4.77913	0	6.43506	6.78348	0	17.991881	32.053403	2.20179	12.87357	103.48599	0	0
sim_meta-59	0	28.454511	76.538676	0	4.0327	0	18.26761	0	0	29.568926	0	0	2.83032	8.57105	0	55.419468	0	20.67148	5.36137	0	0	5.70828	0	0.774497	0	9.628743	15.167088	0	0	48.19056	0	0
sim_meta-6	3.52675	29.852191	72.699869	1.82576	2.92854	2.468722	23.404283	1.80343	0	30.253317	2.09933	3.798	22.027334	18.076067	0.370201	79.205701	0	19.610669	18.325008	0	2.824147	0	7.93914	10.906523	0.22763	20.319073	39.308474	6.985351	41.810971	147.074491	2.332176	3.299119
sim_meta-60	0	35.995115	146.56026	0	1.50364	1.34983	12.55875	0	0.598863	11.384779	6.44064	6.32379	42.506481	13.869362	2.66753	152.060424	0	23.002932	15.374115	2.89794	4.080176	0	7.757395	7.130539	0	10.536163	98.938139	4.37944	42.01796	110.881381	0	19.186278
sim_meta-61	0	33.396436	130.193501	0	0	0	34.760569	0	0	43.042931	0	1.64389	12.44862	2.625527	0	89.595084	0	7.809234	19.33649	0	0	0	11.58241	10.03316	0.692242	19.552142	36.531607	1.64389	27.87977	97.204824	0	1.65407
sim_meta-62	2.98214	39.437411	120.3997901	0	2.049287	0.926402	32.312459	0	0	29.016487	1.78968	0.156545	27.039615	28.837093	0.949923	114.163379	0	21.038548	11.08805	0	5.28259	1.42821	7.44908	8.253479	0.735471	17.190353	42.988553	0	17.206975	87.6845402	0	6.51032
sim_meta-63	0	42.115292	100.002501	0	5.545043	0.9735433	26.361263	0	0	26.374325	4.286242	1.1437603	20.489807	10.6085481	1.643696	89.772075	0	17.688131	13.067481	0	2.336045	2.05124	5.533227	8.4243991	1.24191	25.703706	44.90886	0	24.007978	109.9901984	0	12.6434
sim_meta-64	0	11.766018	122.90866	0	0	0	61.56607	0	0	35.926466	0	0	1.20088	1.51143	0	53.548898	0	23.91912	14.13336	0	3.28459	1.64477	8.47709	0	0	46.52443	48.940941	0	18.03892	99.775463	0	0
sim_meta-65	10.28778	6.23516	74.484265	0	11.390393	0	24.160054	5.9703	0	29.66641	10.35177	8.27437	56.429228	7.35009	0	117.6645	4.11829	64.196375	15.66884	3.17208	9.78917	0	2.60854	3.93111	12.14049	24.77117	87.229721	8.3919	26.86755	116.417456	5.03269	11.14092
sim_meta-66	0	33.503425	159.9967577	0	0	0.288899	12.549401	0	1.01776	27.717744	0	1.06007	19.825675	12.423626	0.364852	83.50925	0	20.3119166	11.328538	3.58365	2.072776	0	5.31082	7.840286	1.98482	11.135411	36.598033	0.619672	32.296662	112.566728	0	1.38626
sim_meta-67	0.864222	29.55513	124.2926297	0	0.81095	4.321644	17.698887	0.538752	1.7239	15.003131	0.438753	6.964543	61.070039	11.495682	0.743906	127.468041	0	17.198586	33.023553	3.72191	6.190777	0.36443	18.621882	9.984713	0.422967	20.594159	87.404481	5.843199	18.845972	91.2753138	0.712028	14.077334
sim_meta-68	0	32.35478	96.29782	0	0	0	18.531608	0	0	42.122783	0	0.391853	13.942203	6.5836	0	98.813681	0	33.481325	16.132849	1.994	5.340464	0	5.123439	7.61168	0	17.34514	46.450917	0.474233	19.9451461	105.428609	0.495658	1.64248
sim_meta-69	1.40757	58.77508	114.756295	0	1.69909	4.304704	11.208502	1.63544	0	26.272907	4.06556	3.031488	7.012851	7.560311	1.927676	58.343228	1.13059	20.690828	20.996941	0	0.42489	0	11.45579	8.816911	0	26.72778	44.46404	1.39044	24.031448	80.78903	2.008848	1.34599
sim_meta-7	3.34362	39.972613	101.2638457	0	4.314224	0.239273	17.731692	1.29199	0	31.0166683	5.72398	1.582071	21.195668	14.8436445	0	122.683243	1.06019	39.837006	12.556684	2.432364	3.029901	0	3.798998	11.879566	0	11.137392	52.329556	1.3886	35.562665	116.2255697	1.28091	9.145362
sim_meta-70	2.36973	23.87266	92.00206	0	2.53476	0	7.22837	2.58324	0	26.32176	5.20406	2.45607	12.2161	14.56649	0	54.73611	2.03421	14.7552	18.411217	0	5.26841	0	11.50341	3.82451	0	23.58375	31.293217	2.4643	35.7419	116.371524	2.51263	7.96997
sim_meta-71	0	35.966312	119.913252	0	3.47963	0	13.915306	0	0	19.431004	0	0	6.32274	7.4103	0	50.006994	0	3.176469	12.46453	0	3.51387	0	3.37806	16.79501	0	8.742843	31.19171	0	17.076511	111.074315	0	0
sim_meta-72	2.05168	39.780231	106.776246	0	2.43686	0	16.727679	2.11802	0	37.226487	0	0	15.438806	21.630412	0	70.424301	0	15.078034	12.138281	0.8055	0	0.370284	8.914401	13.556789	1.016163	18.119139	46.88374	4.06974	26.677658	73.159214	2.376183	3.758345
sim_meta-73	1.55866	35.688315	141.384001	0	1.46596	4.104341	24.2497	0	2.09961	24.336688	3.185131	3.08994	11.898465	4.129868	1.103413	74.470166	0	20.529144	13.791425	0	4.36368	0	10.16379	6.647528	9.44121	12.503824	31.844742	0	22.842573	89.475371	0	6.17238
sim_meta-74	0	34.789434	134.105735	0	0	3.464995	19.208004	0	2.90992	32.116583	0	6.527297	42.575811	13.695173	0.621724	91.784502	0	26.535629	13.950392	2.78513	8.35313	1.30572	5.53784	11.1784	1.41238	16.972475	52.500566	2.91919	21.358082	70.723237	0.484341	8.42639
sim_meta-75	0	45.88208	124.30538	0	0	0	6.68189	0	0	27.764145	4.22766	2.4965	21.00434	1.4633	0	122.055973	0	9.41651	13.981273	0	7.44128	0	6.29799	0	2.69228	17.382422	62.156648	0	17.96356	85.275166	0	11.56087
sim_meta-76	1.67821	21.359936	125.928384	0	4.168867	0.390929	25.880224	0	0	28.711378	1.74496	0.374527	12.948188	14.308318	0	109.72239	0	22.232584	7.26483	0	3.38753	3.36978	4.79059	2.230506	0	11.784412	30.318855	0	13.938661	115.957487	0	10.9577
sim_meta-77	0	31.768725	179.132919	0	3.80093	2.27049	26.33937	0	4.18786	9.929951	1.6637	4.60273	11.828665	5.44592	0	73.25223	0	8.215341	13.01126	0	8.81257	0	8.37772	1.958445	1.325003	21.008063	19.047572	0	25.92707	110.685359	0	12.91724
sim_meta-78	0	31.822621	101.8746645	0	1.54327	8.472662	16.789299	0	0	26.245108	0	0.179987	8.817844	5.333322	0	74.801912	0	39.731298	14.254586	0	2.88514	1.34482	7.980952	6.383082	0	20.434599	36.232228	0	25.555452	91.9458463	0	5.015974
sim_meta-79	3.46687	12.699376	105.260813	0	4.277764	0	33.386157	0.66403	1.56069	21.613241	2.00491	3.40064	24.558297	19.618693	0	104.369716	0	23.37401	6.627185	0	4.506099	1.543261	0.852495	3.21574	0.596388	16.904707	57.062828	1.127715	13.426856	90.079329	0.569557	8.796922
sim_meta-8	2.75672	29.137607	73.080812	0	5.59626	3.719547	31.625791	0	0	13.995641	0	0.18985	12.5751	11.945207	0	66.93799	0	30.815	8.305899	0	5.051235	0.715687	7.870858	13.755647	0	35.296525	39.737046	3.56819	8.86194	87.925441	1.79979	3.235
sim_meta-80	0	36.277554	119.0391062	0	0	0	19.554919	0	0	28.88126	0	4.92278	53.958866	22.301613	0	73.539229	0	17.574855	19.72719	4.96919	1.36468	2.15234	5.25121	9.673901	0	10.298463	61.813055	4.92278	33.510459	104.027354	0	6.38867
sim_meta-81	0	18.211393	175.091887	0	0	0	10.633674	0	0	52.787892	0	0	22.02629	2.972504	0	88.206958	0	15.61853	13.79622	9.46063	5.960295	0	6.3556	14.3257	0	17.737544	32.075412	0	32.60722	107.369105	0	5.74802
sim_meta-82	0	38.35402	69.999778	3.93029	0	0	14.31357	0	0	54.58848	4.14261	8.67813	25.394491	2.52172	0	29.757276	0	11.015277	9.42754	0	0	0	4.99659	6.75993	0.533022	19.53757	6.767091	4.17988	14.33691	70.528663	0	0
sim_meta-83	0	3.62867	86.84362	0	1.31652	0	38.26684	0	0	11.79133	0	4.42859	34.59961	3.20401	0	101.66294	0	18.65106	10.92304	4.56562	0	0	0	5.67444	0	26.09074	54.36277	4.42859	20.69193	77.26024	0	4.47019
sim_meta-84	0.724356	41.227138	133.258881	0	1.845325	0.505753	15.414291	0	2.46824	18.199078	0	2.5378	27.817208	8.23586	0.468175	43.358543	0	16.049488	13.529892	0	6.40924	0.625999	9.95431	3.673478	0	18.309333	20.208112	0	14.310583	90.783228	0	3.87525
sim_meta-85	8.30677	28.26472	82.320818	0	8.17419	0	30.443223	4.6569	0.990953	29.519815	11.07511	5.432769	20.04744	18.035169	0	99.665814	3.82293	30.515335	30.045671	0	2.888749	0	5.84487	6.05092	1.70332	30.365204	73.488425	4.50976	13.022785	91.24254	4.4925	1.47567
sim_meta-86	0	24.22848	102.367986	0	0	1.893925	16.546443	0	0	24.610033	0	0.849699	23.692571	5.078572	0	48.797123	0	24.705416	7.967465	0.457799	0	0	2.44499	11.977166	0	11.69353	31.642501	0.529055	21.363364	97.342268	0	3.055859
sim_meta-87	0	8.80253	73.97009	0	6.1209	0	6.28354	0	0	22.54671	0	1.95153	33.20595	0	0	106.80837	0	23.3825	7.00732	0	4.59686	0	0	10.76433	0	4.41128	80.45676	1.95153	25.21805	111.56182	0	2.33494
sim_meta-88	0.55702	24.95724	71.460047	0	2.181853	0	28.522268	0	0	30.538776	0	0	6.72024	8.04343	0	30.286343	0	35.121261	7.547373	0	3.99407	0	2.13578	14.00151	0	22.927921	19.971521	0.821156	20.02304	89.950663	0	2.18922
sim_meta-89	2.69378	34.01972	135.41496	0	2.9763	0	22.798163	0	0	34.597842	0	0	9.54416	4.73612	0	51.927041	0	28.42977	5.0095	7.54907	1.85465	0	0	7.67344	0	21.302408	23.302328	0	27.60843	78.9019	0	0
sim_meta-9	0	57.14869	102.279307	0	9.18615	0	19.56863	0	0	6.928169	0	0	23.46129	17.970435	0	102.402002	0	20.08642	25.040123	0	2.006366	0	19.87702	4.17471	0	8.0871	51.256086	0	23.69834	97.079717	0	0
sim_meta-90	0	18.145257	111.477108	1.0412	0	3.454134	16.794751	0	2.03134	19.34457	1.900315	8.312546	24.573799	13.356567	1.758315	94.645989	0	22.003581	9.070794	9.50026	5.076524	0	4.33915	7.897353	0.898654	6.891969	37.648363	3.28884	13.44732	59.757707	0	5.37889
sim_meta-91	0	38.190939	81.047016	0	3.763592	0	15.676953	0	0	24.404861	0	0	3.768358	5.90939	0	64.913769	0	23.887393	20.368723	0	0	0	13.89821	18.808136	0.562561	20.10649	20.85278	0	10.399587	68.069824	0	5.44181
sim_meta-92	0	47.90576	83.565163	0	0	0	17.59877	0	0	30.998728	0	0	0	32.73127	0	68.425631	0	23.12827	16.070066	4.36507	1.26399	0	10.2545	8.89979	0	28.88192	9.724709	0	5.20004	58.074695	0	0
sim_meta-93	2.91274	28.636184	95.4607	0	6.66022	0	18.624562	2.94379	0	15.626847	6.10485	2.94119	12.787602	5.502311	0	64.472723	2.59231	36.231764	16.214669	0	1.98954	0	4.93732	2.3211	0	8.34149	64.51996	2.87494	26.543994	112.152006	2.95394	0
sim_meta-94	0	33.40942093	147.203208	0	7.42381	0.451839	12.19445	0	1.21078	21.216045	0	3.003824	19.013724	13.375114	0	83.206943	0	17.053741	15.040118	1.44562	7.419149	2.267153	8.413172	14.44890893	3.334751	11.998175	25.351743	1.41863	27.792323	108.587218	0	10.137607
sim_meta-95	6.09107	9.843481	92.825923	0	6.34423	0	44.30315	0	1.232	5.959563	0	1.42411	11.762241	0	0	80.325452	0	42.252888	14.16073	0	2.50098	0	8.06966	0	0.261226	4.808923	20.749207	0	12.61806	75.517414	0	1.9747
sim_meta-96	0	33.393743	113.3124129	0	0.963302	3.81101	21.922068	0	0	18.325843	0	0	6.1717259	25.513187	0	103.5023459	0	21.2979247	14.720216	0	3.50406	0	11.97072	6.65871	0.454279	12.145072	31.8201169	0	20.00465	89.988884	0	0
sim_meta-97	0	29.43478	72.975655	0	0	0	8.186742	0	0	13.98507	0	2.46341	15.87174	8.20037	0	53.90079	0	7.294179	8.58928	0	6.2324	0	0	8.31127	17.4044	10.33481	34.168339	2.46341	23.013222	72.561285	0	2.35898
sim_meta-98	0	31.170489	67.3285121	3.7515	0.836811	0.169134	31.458993	0	0	32.913925	3.98194	7.709386	0	32.196492	0	57.904028	0	11.119381	5.36163	0	0	4.75765	5.36163	17.541704	0	12.581551	17.187374	3.71144	39.458456	126.8027183	0.436336	1.57101
sim_meta-99	1.34639	31.982795	102.970401	0	1.33631	0.773928	16.643484	1.10526	0	54.391492	4.517595	2.263112	13.222662	4.883121	1.475534	65.06499	1.1975	26.671155	20.562286	0	5.28449	0.745958	12.091058	4.036026	4.45901	17.169244	42.781309	2.073676	32.464114	96.577647	1.41727	0
