sample	amglyccycl	arylpolyene	bacteriocin	blactam	butyrolactone	cyanobactin	ectoine	hserlactone	indole	ladderane	lantipeptide	lassopeptide	linaridin	melanin	microviridin	nrps	nucleoside	oligosaccharide	other	otherks	phenazine	phosphonate	proteusin	PUFA	resorcinol	sactipeptide	siderophore	t1pks	t2pks	t3pks	terpene	thiopeptide	transatpks
sim_meta-1	0	27.61487	70.966597	0	0	0	14.546692	43.400232	0	0	23.11746	3.85562	0	0	0	104.590024	5.98328	0	41.220589	1.999329	4.90742	21.29774	0	0	4.60907	0	23.18465	58.870168	0	36.94303	103.016517	8.04917	7.23219
sim_meta-10	0	33.6776	45.27084	0	1.22939	0	8.780773	28.899852	0	5.650793	0.271453	3.34662	0	0	0	67.384613	0	0	35.572774	10.712008	0	2.75715	0.748374	0	15.44275	0	19.505865	29.141183	5.661793	19.846108	83.260782	1.40091	0
sim_meta-100	2.42001	14.775162	86.36178	0	4.7818	1.16664	28.744819	16.58096	5.19705	1.82778	21.02159	4.59191	2.57308	2.52406	3.68623	108.643376	1.6039	1.87643	48.376258	9.34313	4.11673	3.9332	0	0	7.42266	0	28.151632	76.061456	1.87643	19.51507	115.69089	2.64508	3.74708
sim_meta-101	0	27.686191	61.023537	0	10.69877	0	5.819165	36.68204	0	1.24202	19.803482	11.22955	0	0	0	110.007356	0	0	30.927149	6.601989	0	9.68911	0	0.853449	7.60011	0	35.567438	59.176254	0	35.182566	93.5885	7.42156	3.73274
sim_meta-102	0	45.805402	88.076181	1.52019	2.80379	0	12.5080717	42.044073	1.5476	4.38642	16.996801	6.390032	0	0	3.863267	87.990886	0	0	46.935106	8.00158	0	8.48746	0	0	22.6494	0	19.100239	44.473881	4.0025	20.130227	109.539881	0	2.357475
sim_meta-103	3.58759	28.233242	58.225497	0	0	0	12.93559	29.56232	0	3.37768	32.88611	5.90616	0	3.59918	0	104.912312	0	0	57.290194	13.414981	2.14074	0	0.976504	0.743631	12.0547	0	30.824096	35.27291	0.702143	21.893201	104.832927	4.172907	0
sim_meta-104	0	51.877946	101.517136	0	2.48296	0	0.569314	42.257893	0	2.19554	22.24481	6.12997	0	0	1.86507	107.069185	0	0	56.549893	1.9785	3.06394	7.00587	0.822057	0	20.56038	2.01183	27.622928	46.464195	4.61665	21.492072	91.401877	2.77657	3.16762
sim_meta-105	0	39.57756	53.38474	0	0	0	12.13848	30.6995	0	0	0	3.04113	0	0	0	35.08553	0	0	57.43472	1.48717	0	0	0	0	20.34542	0	21.88151	23.76503	0	12.99108	99.32949	0	0
sim_meta-106	0	24.37547	111.1858282	0	5.29455	3.10805	14.9079	39.824083	0	2.55743	31.3101	17.24064	0	0	0	109.591433	0	0	24.03924	9.43592	0	3.5581	0	0	13.7392	0	27.69452	42.41671	0	18.83788	109.878018	3.29646	3.13455
sim_meta-107	1.15879	24.142973	78.628031	0	3.133352	0	14.65973	42.624523	4.09045	0	18.56583	11.751328	0	0	0	60.810687	4.48984	0	39.719849	5.519662	0	1.95314	0	0	3.38993	0	31.811315	71.177092	3.499889	24.305726	104.15487	3.18053	0
sim_meta-108	0	33.246511	56.963088	0	3.82761	0	9.127238	36.992706	0	7.54066	13.97622	4.30179	2.492363	0	0.893044	100.03698	0	0	29.5141501	9.3525	0	2.18894	0	4.93565	7.77046	0	23.94369653	27.610364	0	9.35126	66.9047649	4.00092747	0
sim_meta-109	5.26306	34.985821	90.503026	0	0	0	7.147115	28.916468	0	3.77893	23.20526	5.43652	1.84629	4.85622	4.12961	145.1680754	2.95853	0	12.31520247	11.50484	4.23695	7.96078	0	0	6.24303	0	10.63563583	58.682677	0	23.872908	76.3354832	16.47517278	7.33554
sim_meta-11	0	19.02129	60.633897	0	8.88124	0	20.10376	43.076494	6.66218	11.7611	17.785955	5.49691	0	0	0	124.697927	2.86794	3.60455	56.070539	17.40117	0	1.19499	0	0	2.19148	0	34.847818	55.519068	14.64245	19.544369	114.041313	0	0
sim_meta-110	0	17.274109	43.1223753	0	0	0	14.1871621	29.385119	0	2.646062	10.81438	18.995684	0	0	2.52266	53.61027	0	0	18.08084	14.17198	0	0.936788	0	1.62083	8.51542	0	13.87522	20.75863	0	19.925993	96.629256	2.14879	2.53249
sim_meta-111	1.53291	27.389583	73.301526	0	0	0	7.58871	14.210167	5.41024	6.36274	19.441892	6.26806	0	1.64869	0.202662	97.914262	0	0	29.969401	7.201972	0	7.284347	0	0	2.80591	2.14863	25.6913807	57.531841	2.98311	15.352807	86.453467	5.091306	6.939465
sim_meta-112	0	33.70097	60.111393	0	3.274012	0	11.904995	34.010722	2.36289	1.82712	41.95251	6.578524	0.349515	0	0	93.2997	4.63034	0	25.20927	12.78174	0	3.97681	0	0	8.95438	0	16.334661	66.305405	0	7.988341	96.602282	3.39673	0
sim_meta-113	0	26.708821	73.827174	0	0	0	7.602441	53.877875	0	3.29560373	6.69441	18.068171	0	0	3.43733	65.40350982	0	0	38.602995	16.899256	5.41375	9.55362	0	0	11.978311	0	11.23948717	41.77177135	3.16632	31.099556	125.757854	3.669894	6.44307
sim_meta-114	5.54701	37.47571	70.1811376	0	13.23513	0	18.623237	18.142274	2.19154	7.83973	62.85306	14.398005	3.31354	4.9081	0	166.434715	6.76823	2.02401	54.879869	14.2987	0	10.569564	0.729221	0	10.66571	0	44.723254	96.393512	18.047904	34.187145	113.770929	11.1479	7.60721
sim_meta-115	0	42.954414	70.9918522	0	10.1722	0	15.233057	21.553926	3.17026	3.95201	8.06265	7.132921	0.94445	0	1.62522	102.806443	1.1423	5.59402	26.498692	16.345862	1.71184	3.45335	0	0.937647	11.70133	1.31792	10.440189	51.994326	3.691962	17.214668	95.543404	2.253612	1.39421
sim_meta-116	0	21.561907	60.818786	0	6.26382	0	17.183902	17.876917	1.20751	2.949668	14.2778574	2.84417	1.34229	0	2.578177	76.875638	3.91173	2.81881	30.765716	15.401598	1.91998	3.50716	0	0	10.507815	0	18.9209916	45.528333	0	32.858497	87.646847	7.212429	3.72248
sim_meta-117	0	27.586926	87.633308	0	13.39537	0	8.690829	27.349342	2.45023	2.27571	17.278937	6.645484	0.337171	0	0.417131	56.085839	0	0	46.221093	12.760099	0	1.87829	0	0	10.48468	0	22.3314952	49.152015	4.056471	24.05528	117.129299	3.46464	0
sim_meta-118	0	16.16871	61.6132	0	7.2373	0	18.12921	23.83905	7.10754	6.87968	22.37556	11.18809	0	0	1.77578	128.77171	5.31556	9.16749	39.82969	12.55571	0	6.25887	0	0	6.67137	0	30.77774	66.99816	6.8161	16.63042	109.98093	2.05218	0
sim_meta-119	0	19.76232	77.956642	0	0	0	9.71428	64.13926	0	0	37.43124	21.14041	0	0	5.77499	147.74728	0	0	51.43606	6.95754	12.3741	0	0	0	12.6096	0	4.40099	32.77844	0	10.11789	64.395972	0	0
sim_meta-12	0	8.54847	93.05914	0	4.59711	0	2.33446	40.50319	0	16.33234	43.211536	12.32262	0	0	0	87.088668	4.79408	0	37.86064	33.13495	0	7.87719	0	8.58027	2.38593	0	27.885858	47.34652	13.64847	13.958543	88.19161	4.67801	0
sim_meta-120	1.04477	11.236761	82.491244	0	1.26738	0	22.179455	25.474811	8.4727	7.29519	19.011156	21.776341	0	0.784829	0.271654	93.022397	5.87622	4.96692	40.190755	24.60172	0	1.73669	3.672461	0	7.24973	0	20.189377	99.708654	3.75396	20.88952	85.654644	4.15556	0
sim_meta-121	1.81323	33.491888	77.508842	0	3.87952	0	7.472798	32.614637	1.62727	1.377	51.667618	16.26975	0	1.82194	2.756682	78.37123	3.58183	1.40296	76.374025	17.462709	0	2.86654	0.640114	0	8.565035	0	19.124468	59.806435	8.6346	26.165802	112.263523	4.238124	0
sim_meta-122	2.38274	34.415376	68.531762	0	4.338973	0	18.036875	35.3457	3.572861	0.617622	33.623686	17.0285745	0	2.32586	2.1539	129.459817	5.36637	0.708488	34.25166	11.699253	0.507662	2.950796	0	0	19.046173	0	32.06201	76.916275	0.708488	22.990918	114.977437	8.681305	5.37073
sim_meta-123	0	26.901584	101.849292	5.06547	0	2.39944	23.518376	23.616513	5.56097	10.8213	12.686108	2.45002	0	0	0.927356	65.932492	0	0	43.600444	19.51037	4.10058	0	0	5.7617	7.628001	0	22.927154	13.55834	5.28226	20.462137	79.76115	0.443566	0
sim_meta-124	9.24447	10.32574	50.184996	0	0	0	14.070027	15.6757	0	0	27.07722	30.48273	0	9.14803	0	105.15821	0	0	38.679872	1.11475	0	0	0	0	1.35035	0	29.45592	36.882091	0	17.240629	114.42534	9.02351	0
sim_meta-125	0	32.952565	98.1870928	0	1.85298	0	13.29657	28.795545	4.43539	1.58743	9.0101549	5.162129	1.25807	0	0.534159	82.68229	0	0	20.8195998	6.51408	0	5.017296	0	0.507101	8.96304	0	26.607593	30.151227	3.8417	21.082682	106.442296	1.136001	2.78369
sim_meta-126	1.03878	21.232514	48.1342605	0	0	0	6.975921	54.919489	0	2.88819	14.523915	5.2757109	0.40284	1.1478	0.528434	111.897286	0	3.7863	21.873334	10.83727	0	3.423947	0.885553	1.1065	8.972697	0	25.378225	21.613579	0	25.997665	98.49323	3.536056	2.10125
sim_meta-127	3.08893	14.3347	47.420652	0	0	0	23.310933	41.036943	3.22186	5.8588	37.482106	6.4809507	2.41404	0	0	64.504024	0	3.32156	42.940656	18.806817	0	0	0	0	2.34941	0	26.650305	58.118598	11.147458	29.437678	130.364657	3.04559	0
sim_meta-128	0	45.4583299	106.519424	0	1.6161	0	3.508873	31.1564767	2.518731	1.54155	43.938654	7.075263	0.378878	0	1.424658	100.433663	0.972864	0.832486	28.748015	19.723771	0.813551	3.961991	0	0.720671	12.987342	0.887965	20.58936	50.576712	0	21.03043104	115.3026286	5.73064	9.593644
sim_meta-129	0	13.865866	63.752932	0	0.342025	0	24.03321	24.321778	7.39432	0	11.378008	2.81266	0	0	3.83559	88.466007	0	0	34.308954	20.09402	3.9956	6.5276	0	0	6.55359	0	19.539373	67.930367	7.94007	32.169286	79.644843	0	3.57845
sim_meta-13	0	15.607469	108.1889	0	5.17861	0	11.036905	23.9475	6.56143	9.14636	31.43035	4.785355	0	0	2.71022	100.098984	2.7799	3.57122	45.879913	17.868598	2.91392	3.873587	3.598098	0	7.81883	0	19.355531	97.780128	6.39363	19.650806	101.306075	3.46254	2.69948
sim_meta-130	0	30.713098	87.906055	0	4.52324	0	15.139416	40.479199	3.547101	1.346237	24.721155	8.7831518	0	0	0	114.808537	2.633179	2.480307	31.150153	13.760803	0	9.91152	0.410179	0	12.81592	0	28.632839	62.490858	4.669419	22.100815	137.691096	3.70678	1.55153
sim_meta-131	0	19.11558	90.231777	0	6.03339	0	9.73207	33.501712	0	0	44.8601	18.29623	0	0	0	81.680551	0	0	29.042899	16.561362	0	2.69231	0	0	12.05623	0	19.45674	27.808399	2.214096	24.320905	130.901945	2.44841	12.19845
sim_meta-132	0	13.096946	49.000856	0	1.67801	0	16.173708	42.040667	4.22785	0	26.667527	8.016148	0	0	0.51592	93.163315	4.07888	0	57.381451	14.789038	0	7.002994	0	0	7.36215	1.06301	32.77001	62.796326	7.11723	25.016424	134.310074	5.319694	0.814319
sim_meta-133	0	33.338397	83.169106	0.976121	3.02668	0	11.256638	30.612805	3.1205	3.72201	19.23103	3.62059	0	0	0.903021	75.710117	0	0	47.45871	10.22603	5.31504	4.976794	0	0	15.40914	1.08268	23.474815	30.240684	1.22588	12.153199	73.883669	3.293454	1.00109
sim_meta-134	0	21.660086	80.087252	0	0	3.17287	31.852267	45.296189	0	0	21.93046	12.82865	4.99537	0	2.2885	79.329555	0	0	25.618309	9.03233	0	5.11954	0	6.87352	4.12257	0	19.051139	23.325035	0	15.468282	61.120377	0.338029	2.21972
sim_meta-135	0	43.48956	69.666493	0	0	0	11.057998	42.056206	3.17077	6.67776	20.769492	13.002817	0	0	0	102.0665728	3.17254	3.43958	29.66896	15.597562	2.18988	2.37556	0	0	17.15409	0	17.881235	72.338221	2.187071	12.70878	97.725252	3.31655	0
sim_meta-136	0	15.82238	73.603004	2.30181	1.31901	0	13.47491	42.04265	2.12232	12.49686	16.41002	0	1.39578	0	0	61.597607	0	0	48.644895	2.763261	1.27254	2.49192	4.44726	0	7.9835	0	23.419045	35.939134	5.94915	14.956453	101.539828	0	0
sim_meta-137	0	33.230275	55.7576639	0	11.84473299	0	10.87357028	18.170487	2.05089077	2.59750163	14.15970614	5.171933	0	0	0.744268	76.61513201	4.22468337	2.11914635	24.56313568	6.96817218	0	4.64118	0	0	7.322653	0	20.421052	44.51121006	2.59672635	21.014751	91.78894502	6.136257	2.60858
sim_meta-138	0	26.10595	109.6152539	0	0	0	19.227285	22.811432	3.5129	1.09536	29.141756	14.06885	0	0	1.03558	80.527873	1.09536	1.19567	32.326968	11.99082	1.16338	4.738903	0	0	5.152172	0	20.896153	68.686677	5.58373	18.798932	100.913158	1.63988	2.82615
sim_meta-139	0	21.708057	100.019738	0	8.87922	0	14.743431	20.583244	5.6008	0.919992	51.969894	19.819626	3.70491	0	1.465178	114.353577	8.00021	0	50.517301	16.937624	0	7.195212	0	0	7.258146	0	35.187777	96.323646	8.94559	35.415835	127.26545	7.99697	3.116526
sim_meta-14	0	22.931928	75.622589	0	2.73284	0	11.84497	34.078075	2.30163	11.72026	14.97412	6.35207	0	0	0	105.586552	2.35305	2.40593	42.895739	13.62375	5.07432	2.536963	7.63601	0	2.62982	0	30.840869	31.516901	2.58998	24.41722	105.293031	4.15096	0
sim_meta-140	2.88937	29.603457	41.1014505	0	3.68916	0	13.550131	37.636635	2.80553	1.63657	27.219191	15.532541	0	2.97096	0.0866581	76.087834	1.26194	3.3218	37.497629	8.676622	0	1.960191	0	0	3.959306	0	28.577127	34.646015	4.633564	27.834422	126.5087837	4.778492	2.005236
sim_meta-141	0	37.063507	79.230342	0	9.313563	0	11.364803	20.838499	1.77862	4.28544	31.482319	13.58111	1.72217	0	0	112.997602	3.23833	0	46.933593	7.822354	3.83065	2.827286	0	0	8.015502	0	25.241321	55.904138	5.51405	16.902021	100.312935	7.11425	2.079909
sim_meta-142	0	17.876929	85.2871658	0	1.745503	0	12.180671	36.916562	3.524118	0.818137	11.716025	22.538335	0	0	1.83534	94.147525	8.177295	0.808755	37.3080249	6.6435471	0	3.551225	2.90138	0	4.043851	0	15.528376	72.3821841	0.808755	24.851302	130.6904714	2.971738	1.013988
sim_meta-143	0	21.65816824	75.166247	0	9.313801	0.28897	14.654043	40.893205	2.81716	4.47572	16.761725	17.968065	1.40107	0	0	113.459426	6.58906	1.27747	42.094765	5.413645	0	2.974327	0.839845	0	3.346831	0	20.679121	52.197168	4.66588	31.616175	106.590696	4.037797	0.96134
sim_meta-144	0	36.872554	109.105239	0	4.6098	0	5.52746	42.200131	0	5.6008	23.031372	0	0	0	13.44823	91.161476	0	0	44.119297	24.9648	5.55015	7.36752	0	0	13.15492	0	17.535766	59.21024	0	26.60041	97.40931	5.29688	16.14722
sim_meta-145	0	35.528573	97.2532769	0	2.26679	0.723657	18.367398	18.215155	4.87139	0	38.971602	13.141722	0	0	0	120.936863	5.15511	6.35718	20.045347	24.26638	0	4.48309	3.66671	0	10.258137	0	15.449807	70.926891	0	30.602795	120.1320884	5.47067	7.03086
sim_meta-146	0	14.52677	81.074216	0	5.9528	0	18.575861	30.65864	5.73361	14.1128	23.251641	9.37807	2.24306	0	4.14301	165.03721	2.72363	3.50038	44.23747	16.92468	3.90923	7.20336	0	0	6.05354	4.19042	29.411984	98.438861	8.54179	25.207102	76.32683	7.48048	5.92385
sim_meta-147	3.95438	29.230918	100.2628961	0	1.94194	0	10.049363	14.370058	11.80255	2.97824	58.492374	28.803734	2.04958	4.40859	0.700536	166.8009	11.62652	4.90954	48.420501	17.017446	1.36532	1.53894	0	0	5.191732	0	21.434475	115.365261	10.15732	25.993925	129.545897	10.144469	3.771342
sim_meta-148	0.05717793	17.62256	42.200683	0	0	0	1.68334	4.574787	10.7368	0.727432	2.68978	0.0450835	0	0.0825436	2.53876	59.23367966	0	0	54.631542	24.52574	2.6621	2.76443	0	0	7.46767	0	23.869682	55.19171854	8.23741	18.90847	82.9951939	2.41665	2.43346
sim_meta-149	0	28.744175	75.089366	0	2.79305	0.929174	17.349286	40.016535	3.77457	3.604035	26.624824	12.773983	0	0	1.253412	84.7134248	4.865305	4.00005	42.184084	19.234044	0	1.907545	0	1.14826	12.389663	0	16.154036	56.391205	10.89165	15.040415	144.707033	1.07283	3.633042
sim_meta-15	0	10.668981	62.871478	0.954496	2.45133	0.880011	29.944587	32.564514	2.96971	2.26899	34.550971	16.404266	0	0	3.06669	89.291456	2.12895	1.89793	37.346684	16.388034	0	10.404927	0.420237	0.952538	5.87032	0	27.599041	61.31538	3.364232	27.57175	116.642735	6.22796	5.629188
sim_meta-150	0	27.89662	135.08194	0	11.2542	0	22.91408	50.31766	0	5.4304	11.54624	4.4247	2.9524	0	0	125.88864	0	0	20.34079	7.68822	9.95447	5.25696	0	0	6.90789	0	40.52541	34.85408	0	24.6292	101.8099	3.44314	3.4532
sim_meta-16	0	31.283492	54.523008	1.92587	7.916306	0	21.832226	52.034727	4.20019	6.324302	9.872292	8.023564	0.199528	0	2.561933	45.071446	0.592934	0.661106	47.741623	15.863453	0	4.56712	4.35653	0	11.690957	0	16.366917	28.579043	6.073451	17.706955	102.103622	2.59626	0
sim_meta-17	3.1052	17.49029	44.229624	0	0	0	11.35545	45.27141	7.1034	4.46125	34.50249	15.777679	0	3.02005	3.55151	131.032217	7.09299	6.60121	19.36756	34.51406	0	9.65649	0	0	8.29336	0	25.26541	118.900314	0	19.34883	119.114145	10.1145	3.84843
sim_meta-18	0	30.519967	99.80064	0	2.214097	0.86159	19.555344	51.643288	2.28927	1.38008	21.3654	7.125892	0.294366	0	0	76.910623	1.68844	0	57.765494	13.00258	0	3.97578	0	1.33124	10.873775	0	28.772963	32.092597	5.41332	12.771406	86.835118	4.57437	1.965685
sim_meta-19	0	49.652621	94.102264	0	0	0	2.66218	24.53491	0	0	23.55689	12.67728	0	0	7.26689	114.34051	0	0	56.02972	7.48279	0	4.96352	0	0	15.03738	0	30.259334	37.44702	0	11.73409	76.502483	4.341	2.30916
sim_meta-2	0	8.22486	87.868754	0	4.20193	0	11.06124	25.04409	7.9699	8.57938	65.3688	34.91229	0	0	2.402549	118.553492	10.22389	4.49479	44.259989	22.85669	1.37984	1.78593	0	0	7.92549	0	13.738514	101.465553	6.07239	28.234492	155.58724	4.74366	9.55494
sim_meta-20	3.43953	21.633202	77.988986	0	3.808408	0	16.560444	15.8923768	6.07857	3.06811	32.979923	9.986725	1.290985	2.05491	0	112.474965	6.696892	7.37759	46.120812	22.273313	0	2.036464	0.533866	0	1.8488	1.59523	18.25172	93.736602	6.88271	28.172298	128.397381	8.599781	1.92965
sim_meta-21	1.58287	32.323676	77.672772	0	1.945472	0	12.330746	34.299325	3.08136	2.91309	26.268343	6.978799	1.96957	1.21631	5.21069	131.416446	0	0	43.730881	14.063429	1.36126	8.986153	0.595199	0	20.188511	0	25.327162	48.929529	4.40313	14.553883	86.115393	2.84087	8.140611
sim_meta-22	3.27212	20.112	76.952231	0	7.000997	0	6.100176	35.558008	7.61443	1.95679	50.197547	14.686192	4.00474	0	2.55107	120.13431	3.1438	1.73958	58.001073	27.63733	2.97405	13.58149	0	0	2.97405	0	13.93527	126.379464	14.733871	16.865654	133.210347	6.56397	2.61467
sim_meta-23	0	40.970787	61.06816	0	5.46684	0	6.554377	41.773554	2.03885	3.41056	21.85932	8.35367	0	0	0	90.66630173	0	0	23.236268	11.90101	0	2.12113	0	0	16.34365	1.42155	33.904627	46.722719	3.90389	19.6406	109.082534	0	5.54321
sim_meta-24	0	53.096603	65.1127259	6.86026	2.38806	0	17.32359	33.861593	7.59719	15.55957	12.882847	4.510866	0	0	0.836313	107.474181	0	0	40.269657	7.064943	2.48414	10.11492	0	0	22.776093	0	14.750269	41.494415	9.749647	27.805482	113.592006	0	0
sim_meta-25	0.964664	22.62395	42.344677	0	0	0	9.059067	30.894839	7.2644	8.02446	36.795162	12.753693	0	1.39894	0.712998	109.303226	5.3113	13.69278	27.261345	33.508861	0	2.60904	0.443779	0	5.425964	0	18.413897	79.040504	5.4651	33.263936	117.630815	7.57586	2.74417
sim_meta-26	0	6.77685	30.087521	0	0	0	30.247172	18.743883	8.75616	0	15.19069	4.136032	0	0	0	67.100044	0	0	38.98943	23.54974	0	0	0	0	4.86388	0	37.36576	21.108856	7.7141	16.162989	131.313645	0	0
sim_meta-27	2.13832	30.259468	43.537532	3.68945	5.2155099	0	12.181395	38.5265755	5.10236	9.17313662	29.30335211	10.604836	0	2.28044	0.818323	106.07987568	1.12010669	1.26647676	25.71507072	11.54433939	2.808586	3.052718	0.606403	0.625446	7.139028	0	29.841018	46.28293751	4.10109676	20.631548	110.17657002	5.602825	5.097204
sim_meta-28	0	31.21324	84.707975	0	5.04596	0	23.55546	14.16975	4.45654	5.25877	50.47598	14.94475	0	0	0	95.4567	10.21442	4.6651	41.182373	32.06985	0	4.325944	4.39822	0	4.84089	0	22.14582	83.26823	15.5292	29.76202	129.257778	9.85712	1.62118
sim_meta-29	0	46.477001	61.883192	0	6.54011	2.28599	5.33056	24.987479	11.69431	16.65398602	25.041164	10.9478	1.4341	0	1.98323	152.6153183	10.5105	11.42495	26.818572	29.409267	0	9.22918	0.571516	0	19.15197	4.18831	16.6065006	156.1183803	4.82003	6.53535	113.047963	8.62643	0
sim_meta-3	0	18.231287	28.660897	0	0	0	13.49133	48.31132	0	3.57883	2.99701	10.57861	0	0	0.998728	82.73964	0	0	38.993803	7.12202	0	2.05561	0	0	0	0	14.513256	6.875519	0.677243	9.351132	63.758269	2.82628	0
sim_meta-30	0	33.44313	54.679809	0	4.15667	0	15.154792	18.425547	10.7763	1.89713	50.909998	19.36301	3.03315	0	0	89.671506	5.21972	3.48659	50.857144	46.19816	0	0	1.00093	0	11.71102	0	47.867983	44.59542	18.31738	42.957593	152.175697	2.12172	8.41403
sim_meta-31	0	33.201712	50.674855	1.16321	1.10072	0	17.721439	36.776718	1.19467	3.081168	9.06497	5.690309	0	0	1.09104	87.087364	0	0	31.344058	4.415043	0	2.27713	0.389365	1.27291	10.92579	0	23.447964	37.572591	1.10741	19.501851	94.5259304	0	0
sim_meta-32	3.26285	41.18757	94.3210115	0	2.27812	0	18.784626	26.89337	12.71109	6.354303	34.64143	8.7211413	0	0	0	143.612904	7.97366	5.71579	64.47372	15.91334	0	5.30715	0	0	3.53189	0	19.422933	92.167674	20.52183	16.11948	141.400873	6.143519	1.33582
sim_meta-33	0	23.693699	53.712079	0	10.45154	0	11.471647	43.821096	0	0.700414	11.809446	12.26641	0	0	0	74.349969	0	0	22.939135	3.92744	0	6.16514	0	0	9.27662	0	24.191543	10.817402	0	26.64962	108.153525	5.438757	0
sim_meta-34	0	20.766162	82.3442727	0	6.70081	0	19.427717	44.304099	0	0	18.47926	6.90587	0	0	0.494501	84.574229	0	0	28.915534	7.228978	0	4.038663	0	0	0	0	24.27803	40.281487	1.452085	17.349248	111.309041	5.83507	2.27371
sim_meta-35	1.98849	16.757894	82.94766252	0	3.72299	0.257361	12.851758	39.70291068	1.45215	4.661945	34.48091142	14.7155892	0	2.16958	2.183343	107.956958	4.60258	1.70789	47.2303001	20.485717	1.47101	2.773477	1.805192	0.937307	3.33857	0	22.0729501	69.414944	8.38856	23.271413	138.53990912	6.748305	4.417355
sim_meta-36	0	5.733415	109.805004	0	4.55718	0	16.697879	21.918143	0	1.26665	9.860192	11.64291	0	0	0.599695	100.790583	0	1.35181	38.330163	8.439073	0	2.2212	0	2.06253	1.250282	2.04141	19.104698	24.664277	0	23.034252	88.551258	2.576185	2.0478
sim_meta-37	0	34.035628	75.6414	0.894416	0	0	3.583564	28.088024	0.911863	2.10246	21.31922	4.199599	0	0	1.48318	51.675932	0	2.60164	56.505491	16.199447	0	6.667575	0	0	13.97076	0	21.252597	60.330205	6.739929	20.937785	126.824223	0	0
sim_meta-38	5.0663	17.83371	66.343289	0	0	0	15.65074	40.236577	5.72403	0	27.75829	14.71586	0	2.43773	1.56251	77.338981	0	3.36219	39.829345	11.84935	0	5.219175	0	0	0	0	16.632744	50.266876	8.71157	23.866391	78.439475	5.16379	0
sim_meta-39	1.36609	24.7689	85.6267168	0	2.01166	0	16.009182	42.274978	0	0	26.705612	7.12922	2.12817	1.51525	0	93.313463	0	0	27.412677	15.907655	0	3.75816	0.360712	0	4.51449	0	21.916347	79.393192	3.815366	27.95572	134.705522	3.37494	3.31684
sim_meta-4	0	29.061593	65.943039	0	2.81739	0	14.759854	24.537057	11.82011	4.874209	34.58332	23.452264	0	0	0	86.533065	6.00914	6.30891	61.31426951	14.2221262	1.90079	5.465159	1.74793	0	8.551628	0	14.647256	55.6687942	13.8005	29.325036	141.203697	2.293057	1.219806
sim_meta-40	2.26037	37.533136	102.938753	0	0	0	12.663909	36.565129	5.37751	7.27958	41.50149	11.245924	0	2.40914	3.61127	126.230359	1.49353	1.70794	39.8841137	16.653798	1.85012	2.782578	0	1.00333	23.035284	3.61542	23.56093583	68.551349	8.497642	25.97951	108.0944694	6.30247685	8.986402
sim_meta-41	0	41.580616	43.630031	0	8.34054	0	27.793294	24.919746	0	0	6.90018	1.16225	0	0	3.08751	23.352438	0	0	31.773584	10.9545	0	5.567147	0	0	6.12956	0	6.52241	28.331791	0.310954	9.956728	119.190799	0	0
sim_meta-42	0	27.481703	97.129614	0	2.91466	0	17.185143	14.894035	5.199809	1.942404	32.331897	11.020183	0	0	2.64163	108.152142	4.419804	2.093693	39.58674571	19.131993	2.95651	9.755069	1.93165	0	8.409711	0	19.333772	70.351798	10.105737	32.49598844	110.5408507	3.866165	4.638737
sim_meta-43	0	31.34273	82.876871	0	4.92484	1.10961	12.161849	10.149942	2.12887	3.43208	52.44293	16.107144	0	0	1.2917	101.579103	5.67382	2.00343	40.540347	25.64572	4.14967	0	0.395044	0	14.061543	0	13.357197	35.651373	16.32897	25.588921	92.906831	4.76072	2.38221
sim_meta-44	0	38.358425	61.306297	0	0.700837	0	11.585384	26.946012	2.05323	2.08715	16.938658	7.635099	2.67713	0	2.07589	93.346661	0	0	44.356154	9.729068	1.86703	3.036497	0	0.415687	12.19568	0	24.158475	36.738042	8.23484	23.479441	107.246846	1.90247	3.66985
sim_meta-45	1.07048	32.202807	82.258299	1.66875	1.49592	0	10.337786	8.757454	9.90252	7.72528	32.921672	8.54746	0	1.14372	0	93.348757	1.82196	2.07516	53.65794866	16.941974	2.65387	1.558266	0	0	9.70352	0	31.429061	34.7152	12.09168	28.68878844	126.1216747	2.977628	0
sim_meta-46	0	38.17896	16.757193	0	9.4757577	0	4.4732208	26.53831	0.0771324	1.444233	5.45905974	0	0	0	0	24.14472014	0.0364614	0.0735956	21.3372044	0.1633753	0	0	0	0	17.15238	0	4.098392	28.84529022	0.0735956	14.37924	74.142555	0	0
sim_meta-47	1.77383	30.765523	84.2134438	0.894778	1.027679	0	21.237212	34.0216634	2.91644	2.924275	20.689276	9.29762	1.894169	0	0	81.8604	0.466032	0	53.085061	6.671787	0	2.617138	6.119734	0.927953	7.414048	0	18.8730765	57.318132	7.24464	24.962099	131.779832	3.363301	0.632705
sim_meta-48	4.93452	34.225718	88.935901	0	2.202057	0	20.8434909	42.634413	2.35753	2.663627	25.231511	18.131868	0	2.37733	0.51803	72.812954	3.39188	0	34.853089	6.932664	0	1.63516	0	2.8518	11.154973	0	19.821363	65.233766	6.288791	30.347054	107.641914	7.296378	0.509976
sim_meta-49	0	23.278175	62.538289	0	3.54106	0	3.12867	35.919609	0	2.06811	26.19882	7.89919	1.28699	0	4.25434	63.281908	0	0	37.610122	13.59228	3.35111	0	0	0	16.055383	0	23.236848	33.038607	2.15493	27.070841	94.408037	0.257221	4.28888
sim_meta-5	0	40.584127	72.320871	0	0	0	16.565616	38.108505	5.60393	3.092301	39.90091	4.78422	4.40161	0	0	82.594385	2.52823	2.85263	53.43989	5.48283	6.18081	0	0.775942	0	8.65202	8.78888	29.912349	24.481532	8.21509	24.274168	119.652944	0.800548	0
sim_meta-50	0	32.111642	76.5956996	0	2.265768	2.66973	12.057278	43.161221	6.14648	3.08092	6.226628	6.446843	0	0	0	80.843318	1.67027	1.46884	35.014398	6.365718	1.57868	2.82595	0.495818	0.3956	10.913553	0	31.660231	45.390415	7.18012	21.151301	122.106012	1.910497	0
sim_meta-51	0	25.0433	72.297462	0	6.42714	0	13.231666	16.506959	6.20272	1.53751	33.27268	11.09819	0	0	1.5331	121.610815	7.19045	1.47239	47.293395	18.737098	5.04582	2.578004	0.61714	0.277078	15.44365	0	19.807072	65.247438	2.71391	19.24474	96.5166196	3.87506	1.010444
sim_meta-52	3.02227	23.981961	84.235234	0	5.194867	0	6.07032	18.308075	0	10.27473	53.03962	12.62413	0	2.73699	4.41977	86.947035	5.29698	0	53.438051	34.01507	4.41934	11.65028	1.07918	5.96075	11.98016	0	19.873037	68.957264	18.88818	32.960582	137.393158	12.332944	8.45796
sim_meta-53	2.9471	41.442979	61.598792	0	0	0	14.475407	47.505482	3.24395	5.347674	20.319417	6.38295	0	0	1.44711	80.853688	0	0	46.00352	10.29902	1.33169	4.100376	1.21773	0	18.072964	0	19.236001	66.183788	10.27973	32.798153	126.081988	5.53923	2.61105
sim_meta-54	1.26527	18.865738	66.4070346	0	5.030064	0	9.605339	32.230577	6.77968	2.43328062	35.9774996	18.216375	1.217	1.38265	1.20366	101.6960258	7.08052	5.73435	49.8227568	21.50958	1.269	6.355635	0.455137	0	3.16322	0	9.76594457	70.3784477	11.3408	20.068425	108.7398151	5.921027	1.17799
sim_meta-55	0	17.442805	69.245245	0	2.53128	0	17.814216	23.87353	0	0	38.407414	14.292184	0	0	2.7866	100.45043	2.62964	0	36.435904	15.089562	0	2.85392	0	0	4.153973	0	33.180834	60.707232	8.565393	16.307496	100.786122	9.95391	4.00691
sim_meta-56	0	33.822421	63.327277	0	5.703095	0	16.81666	41.230694	11.06658	10.91351	42.766003	9.794599	0	0	0	90.138609	6.44935	7.11644	66.15201	20.73251	0	2.625225	0.449975	0	4.01443	0	29.135191	76.717366	16.33209	22.766516	136.360676	0	4.20894
sim_meta-57	2.80148	23.012995	96.5784693	0	0	0	11.339652	29.003393	0	0	42.49242	7.427445	2.11819	2.58199	0	88.408914	0	0.809696	27.74118	8.432243	0	1.69628	0	0	6.15442	0	33.49362	43.521916	0	18.417846	128.961771	2.65816	0
sim_meta-58	0	52.048971	54.373955	0	0	0	3.08184	42.803729	0	2.40882	23.402146	3.08449	0	0	0	80.270798	0	3.77794	33.94509	11.60269	5.08716	0	1.19375	0	18.76457	0	20.182344	29.934517	3.94785	17.69686	105.908177	0	0
sim_meta-59	4.1344	34.64381	72.81109	0	4.32414	0	9.91461	15.51507	3.8571	3.86328	35.58564	15.46508	0	4.35718	4.56141	136.97237	3.08353	4.10901	45.31795	8.09623	0	0	0	0	12.24461	0	53.69689	55.92759	4.10901	25.79048	134.50215	15.90666	4.40995
sim_meta-6	0	31.21196	100.905909	0	7.33178	0	9.906818	24.284943	4.00421	6.68008	37.337177	9.889056	0	0	0.87812	89.435594	1.89406	2.00436	50.539382	11.22975	0	4.174164	0	0	13.926862	2.30115	21.214045	35.281778	10.01369	25.664515	105.410433	3.79045	5.349863
sim_meta-60	2.14089	33.001158	94.4405805	0	4.6446	0	26.294427	33.292452	8.48161	7.77766	48.507867	11.565679	2.81653	0	1.850687	136.838865	5.39854	6.74925	74.2655188	24.163435	1.10813	2.833175	1.58118	0	2.994521	0	35.621985	91.0424907	18.61269	17.76376	131.7543515	5.11578	2.17968
sim_meta-61	0	22.657791	82.3448058	0	0	1.87162	26.995723	45.551534	0	2.5336	41.81559	15.593703	0	0	0	114.563923	0	0	30.40191	24.044482	2.01366	10.32561	0	1.66958	9.44058	0	32.679405	98.734212	5.58052	20.01515	111.238669	8.01226	2.92934
sim_meta-62	1.8639	22.770314	89.222742	0	0.0720052	0	12.418892	31.301281	2.82156	0	15.300579	9.93677	0	1.74043	2.24978	90.079712	2.95941	2.74915	44.004371	20.743031	0	3.33714	3.58619	2.990659	8.794922	0	20.527215	59.53679	2.84239	14.58779	102.952421	8.08457	0
sim_meta-63	0	24.64596	60.098811	0	8.44792	0	14.2012721	28.436856	1.460491	0.75724103	34.871865	6.152185	2.46194	0	0	93.4049339	0.750122	0.74311	45.050916	17.57892	2.20523	4.75027	0	1.54303	10.000961	0	23.03065937	51.4092094	5.453149	24.587723	107.573315	5.35802	6.78021
sim_meta-64	0	26.059365	50.5647	0	0	0	22.16995	53.518054	0	0	5.52879	31.14934	0	0	3.66832	56.665007	0	0	49.236877	3.70074	0	2.70305	9.6154	0	9.1668	0	10.0325	17.24007	1.90259	17.46928	73.139325	0	0
sim_meta-65	0	33.607858	97.115499	0	11.83478	0	1.77437	36.19669	0	6.90355	33.2425	3.04887	0	0	11.68642	103.832368	0	0	36.825892	30.41923	7.02464	11.58341	0	0	13.794337	0	19.602383	99.117563	0	39.08339	115.857609	12.73122	19.17041
sim_meta-66	1.96717	34.184926	82.3152624	1.88459	0.850974	0	12.207997	33.2729375	5.940696	5.989163	31.287091	12.087019	1.279961	1.48181	5.201966	99.820714	4.865972	3.23841	37.8169625	19.789205	0.794729	4.311709	0	0.744308	14.981204	0	28.779203	82.423341	2.277363	22.085237	120.85254	7.111238	4.686745
sim_meta-67	0	40.542742	74.6603447	0	4.601126	0.527651	15.629955	20.0626763	3.93174	8.14823	27.477863	10.230526	0	0	2.10668	101.5196001	4.60774	1.55796	57.9761304	25.305467	2.527	3.194266	0	2.07466	13.21597	0	28.0974621	66.611603	7.873152	24.38467	105.7282073	1.33403	2.919616
sim_meta-68	0	42.234693	76.83443326	0	2.98455	0	4.126814	37.069449	7.68714	6.04256009	18.6981076	8.9058598	2.9809	0	0.822725	87.534256	4.849008	3.91946	46.487583	15.11161	0	1.5648	0	2.570653	13.31304	0	18.665498	64.271688	12.534915	21.144273	125.887825	3.60385	0.925269
sim_meta-69	2.7585	29.048458	73.7378682	1.89731	0	0	17.611279	51.114111	1.97496	6.62709	9.6386	11.43109	0	3.03042	0	143.458339	0	0	44.331656	5.137585	0	4.80757	0	1.11656	13.51885	0	23.694473	46.442549	3.9336	19.95461	141.466165	7.77463	0
sim_meta-7	2.19338	25.469974	79.1293745	0.491242	1.250915	0.854067	12.1850593	24.892311	7.728439	3.8646038	35.31349581	8.844939	0.212421	2.28018	2.110589	119.624481	2.35137	2.534446	36.3119917	18.7477291	1.71882	4.038617	0	0	9.18944	0	28.338576	87.1917781	5.106376	20.942598	105.227334	4.62548	1.64666
sim_meta-70	0	6.56627	42.03733	0	0	0	5.2571	49.1013	0	8.91875	9.67163	12.43025	0	0	0	76.781967	0	0	35.63154	11.611	0	13.32675	0	0	4.21677	0	20.3769	66.694952	0	32.91858	103.008512	4.81497	0
sim_meta-71	2.79903	29.967394	63.891903	0	0	0	7.91388	37.751355	4.5455	0	34.774285	20.69591	0	2.42766	1.355101	88.5526	8.6866	0	15.825107	12.979973	0	1.0469	0	0	13.274939	0	34.878926	93.807842	0	16.764753	150.062046	6.32933	3.72668
sim_meta-72	0	38.602029	109.7851783	0	0	0	16.983176	26.7753832	9.42649	2.29352	35.41203	16.2269	0.116263	0	3.94667	88.877588	4.24431	4.40231	51.103726	21.632016	0.925877	4.188325	0	0	14.375284	0	28.567111	70.812072	13.55707	22.67625	103.0838981	5.041649	4.18409
sim_meta-73	3.92461	13.324506	39.748136	2.31398	13.2175	0	16.344489	12.224254	2.20738	4.7165	30.63581	6.60531	3.24053	3.63854	0	72.82841437	0	3.13562	23.3416587	7.8335	0	0.605711	0	0	0	2.23921	19.139652	37.56507	2.22188	35.873844	107.791412	7.8734204	0
sim_meta-74	0	25.880502	65.2311362	0	3.3207039	0	16.73409428	26.834619	2.45564465	2.59335869	14.11053517	7.411376	3.64884	0	0.406903	68.81062095	0.98426542	1.31761506	38.53448978	10.6276982	0	3.249229	0	0	11.8088	0	21.095808	36.2764106	6.81473006	21.032895	96.5089387	0.721916	0
sim_meta-75	0	26.131444	52.920646	5.07696	0	0	15.27846	24.011002	8.60525	18.07345	10.1175	14.32884	0.718037	0	0	52.127275	0	0	38.485953	5.3021	2.2301	4.48215	0	1.25811	0	0	17.38877	17.922755	7.89371	26.525919	148.616242	2.315044	0.982681
sim_meta-76	0	28.26490252	84.555032	0	7.90991	0	5.37461	24.310335	1.74259	5.814277	39.03901	11.20085	0	0	3.9291	126.830201	2.89908	1.73856	30.23543	23.1114	3.62099	7.9696	0	0	9.65414	0	17.490891	70.236464	6.53114	28.879822	114.657695	8.377685	9.14882
sim_meta-77	0	24.801287	100.892411	0	3.041101	0	24.231163	49.356943	0	0	16.94193	9.92999	0	0	0	95.609206	0	0	31.551498	2.380429	0	1.96813	0.176144	0	0	0	42.434207	38.413834	5.7707	27.444944	101.81809	1.80809	1.78489
sim_meta-78	0	28.530964	72.430433	0	8.74632	0	25.2166755	37.933933	4.38825	2.67754	30.277772	14.5562271	0	0	2.315704	117.654552	3.52598	2.43342	40.02569	30.712102	2.290728	7.370083	4.03611	0	6.58797	2.36135	15.18288	96.34809	6.70951	16.353306	129.487183	7.507011	2.748754
sim_meta-79	0.696796	27.7297122	79.689215	0	0.941857	0	3.137029	17.4478921	8.244455	4.956837	24.633175	9.322557	0	0.47765	4.118209	80.4378163	3.355833	3.368913	72.37905481	17.932896	2.330982	2.329418	0.560463	0	9.3921	0	14.278531	66.1712034	11.643626	26.2767966	102.0089191	2.696549	3.035561
sim_meta-8	0	37.555989	39.793004	0	0	1.02283	13.29106	48.799467	0	1.71646	9.339221	7.20677	1.917915	0	0	75.654759	0	0	39.379556	7.04367	0	0	0.313779	0	10.643	0	19.894772	30.569155	7.30283	15.120141	105.251933	7.23811	0
sim_meta-80	0	24.395936	151.260524	0	5.13614	0	10.015286	22.2096976	1.44252	0	31.62066	14.117509	1.17966	0	0.920396	158.547744	1.928915	2.96744	33.724104	10.761351	0	6.84327	0	0	4.07613	0	24.4188915	68.355821	0	29.153606	113.411506	9.600849	5.99449
sim_meta-81	2.49905	37.49208	119.817145	1.76278	2.76863	0	7.87707	23.665019	11.09176	6.77001	40.28834	28.38497	6.981241	0	3.1401	140.573071	2.13801	2.78416	33.802317	13.40484	0	2.20197	0	0	11.03207	0	17.27075	84.033761	10.5643	36.281248	125.064703	2.70392	0
sim_meta-82	0	38.938499	70.905566	0	0	0	11.46039	15.6745	3.70356	0	53.57365	10.685472	0	0	0	52.322422	6.38433	0	33.753805	23.769868	0	3.92436	0	0	17.37754	0	27.018968	72.835202	13.410022	36.982498	155.495256	0	8.6205
sim_meta-83	0	38.81157	119.8989	0	1.25193	0	18.7816	17.17976	0	8.71193	10.09852	0	1.51357	0	0	33.6094	0	0	16.184001	0	0	3.2682	0	0	0	0	5.382904	11.51746	0	5.86788	56.599743	0	0
sim_meta-84	1.27329	24.59873	119.749352	0	1.4409	0.921563	15.472929	37.629959	0	3.41695	33.415522	6.746959	1.697521	1.277	2.977219	107.146171	0	0.943815	52.183376	17.001352	4.72097	7.9319	4.45209	0	9.71046	0	18.076205	59.354547	1.66048	29.572974	101.24984	4.667216	8.68271
sim_meta-85	4.83776	21.32576	63.365591	1.50993	2.34082	0.864228	10.859935	29.5947686	1.49393	6.36863	33.725203	13.900999	0	5.13446	3.802976	88.747564	0	4.09433	41.95593	14.908557	0.978441	3.36175	0	1.99425	3.522869	0	35.938795	45.748398	5.5291	23.558236	111.904402	5.88875	3.444696
sim_meta-86	0	33.516825	84.278603	1.2282	4.445414	0	7.631028	41.701908	1.16712	5.264394	25.285841	2.737526	2.0002	0	5.713206	101.129251	0	0	37.278912	18.0799	1.50806	1.6228	0.921748	0	11.49765	0	31.6579	59.220103	3.10388	28.627243	104.470644	9.06917	4.147964
sim_meta-87	0	42.88433	96.694066	0	0	0	19.96488	10.80965	0	0	13.92841	12.97873	0	0	0	52.291984	9.47741	0	21.40411	0.459059	0	2.12673	0	0	0	0	29.874412	20.855	0	27.17133	142.681014	0	0
sim_meta-88	4.07482	19.574048	94.4466364	0	2.24704	0	9.191682	18.949384	0	4.65167749	27.4807863	5.237677	0	3.99566	2.2397	126.737115	0	0	49.335557	15.70628	2.39289	4.17145	0	0	6.94372	3.78411	24.317663	61.382797	2.03097	21.634312	80.222428	8.09657	6.26193
sim_meta-89	0	3.69893	82.270483	0	6.90084	0	3.907	40.293315	0	3.08301	14.75222	6.49203	8.5022	0	0	57.61512	0	0	32.583164	5.81012	0	3.9024	0	0	0	0	8.2331	46.264719	0	26.46276	92.422663	0	0
sim_meta-9	2.37642	17.05083	94.036081	0	0	0	20.913935	32.793041	7.93255	0	22.518472	2.57525	0	2.73273	5.02486	119.604844	0	0	41.780068	22.314072	4.9435	7.67145	2.05876	1.3864	11.55494	0	48.953932	80.312081	6.6816	30.338299	114.346665	2.49559	4.76725
sim_meta-90	1.88673	22.255873	44.433797	0	8.26507	0	20.692427	29.527629	3.90382	5.80061	18.42023	17.595175	0	1.76101	0	94.018954	4.6557	3.98682	29.2486044	9.47868742	2.1596	1.06979	0.939024	0.497935	9.46046	0	31.141793	59.35474642	12.40017	18.602646	110.592123	1.94934	0.749814
sim_meta-91	0	25.369223	75.969413	0	1.77447	0	11.839441	11.29782	1.84211	3.41777	25.560725	5.84831	0	0	2.91458	88.814328	3.58768	4.89044	41.103214	16.802114	2.86576	2.11714	0	0	16.47491	0	17.151889	39.142945	1.77774	29.212296	112.731041	0	1.130328
sim_meta-92	0	30.04059	56.9123	0	0	0	26.056358	31.844628	0	0	7.71344	8.441503	0	0	0	33.49258	0	0	35.698344	0	0	2.03003	2.43139	0	23.95418	0	7.03068	25.220884	3.43933	19.74806	131.988647	0	0
sim_meta-93	0	24.000859	61.930058	0	11.64442	0	8.54539	36.5635678	0	7.19911	7.251897	3.68641	0	0	0	76.142525	0	0	26.980518	0	4.10154	0	0	0	8.41732	0	8.248044	27.2856376	0	19.698956	142.399994	3.07969	0
sim_meta-94	1.35505	21.802404	97.3594107	0	2.330222	0	20.240416	38.504713	5.35241	0.673723	25.713152	9.758321	0	0	4.26376	101.4351072	5.601749	0	56.478779	14.465628	3.29948	3.444243	0.456995	0	6.826102	0	26.475084	87.10266	7.355205	21.755723	130.4759	4.542907	2.9243
sim_meta-95	2.83917	11.30079	90.343924	1.67439	3.0457	0	24.866104	34.710589	4.78378	5.9771	50.99995	23.59302	0	0	1.36731	67.176598	2.94556	0	51.798848	15.80168	0	0	0	0	1.29807	0	16.45874	74.680828	20.04229	23.49859	115.208797	5.91028	0
sim_meta-96	4.05071	29.23614	57.1886264	0	18.90757	0	14.616091	35.89877	1.66633	0	25.154505	12.535503	1.93439	4.24681	0	65.539622	0	0	41.465804	1.625709	0	1.812439	0	0	12.09981	0	25.993059	45.022403	1.67873	28.213092	109.896977	12.98079	0.541152
sim_meta-97	0	26.45032	103.587262	0	4.00232	0	13.46684	20.269948	0	9.25708	49.47592	8.17902	0	0	12.951569	104.661012	4.18594	2.8764	69.438272	47.601401	14.00647	16.08033	0	0	11.75131	0	22.108152	80.508423	12.55124	36.889	135.697618	13.35198	20.78739
sim_meta-98	1.06119	23.4794565	135.740986	0	4.05846	0	22.644054	18.025512	0	0	24.449039	2.4279915	0.600885	1.14095	0	151.0429392	0	0	26.984913	0	1.69252	5.34672	0	0	9.926	0	16.702817	43.5473194	0	18.932847	94.479885	7.675059	5.23178
sim_meta-99	0	16.23226	80.943687	0	3.23801	0	3.048017	24.461644	2.01246	9.69297	33.40293	12.557334	0	0	5.975312	116.622963	1.358	1.78251	47.94522	21.129403	2.40536	2.64272	0	0	5.777222	0	20.97695	58.528634	1.78251	41.528301	92.326061	9.627866	7.15383
